thisN,thisTrialN,thisRepN,mouse.x,mouse.y,mouse.leftButton,mouse.midButton,mouse.rightButton,mouse.time,mouse.clicked_name,trials.thisRepN,trials.thisTrialN,trials.thisN,trials.thisIndex,thisRow.t,notes,num_distr,trial.started,fixation.started,target.started,mouse.started,trial.stopped,trials.mouse.x,trials.mouse.y,trials.mouse.leftButton,trials.mouse.midButton,trials.mouse.rightButton,trials.mouse.time,trials.mouse.clicked_name,participant,session,date,expName,expVersion,psychopyVersion,frameRate,expStart
0,0,0,[np.float64(0.35)],[np.float64(-0.38333333333333336)],[1],[0],[0],[2.496219300024677],['target'],0,0,0,0,0.0352169,,5,0.0232064,0.0352169,0.0352169,0.0232521,2.5195937,[np.float64(0.35)],[np.float64(-0.38333333333333336)],[1],[0],[0],[2.496219300024677],['target'],DHM,1,2025-09-30_18h39.23.556,Visual search experiment,,2025.1.1,59.90255053,2025-09-30 18h39.31.980959 +0530
1,0,1,[np.float64(-0.20833333333333334)],[np.float64(-0.25833333333333336)],[1],[0],[0],[2.7432600000174716],['target'],1,0,1,0,2.5713639,,10,2.5568592,2.5713639,2.5713639,0.037027,5.3001694,[np.float64(-0.20833333333333334)],[np.float64(-0.25833333333333336)],[1],[0],[0],[2.7432600000174716],['target'],DHM,1,2025-09-30_18h39.23.556,Visual search experiment,,2025.1.1,59.90255053,2025-09-30 18h39.31.980959 +0530
2,0,2,[np.float64(0.14351851851851852)],[np.float64(0.2833333333333333)],[1],[0],[0],[2.2073864999692887],[None],2,0,2,0,5.331071,,10,5.3220816,5.331071,5.331071,0.0217911,7.5295142,[np.float64(0.14351851851851852)],[np.float64(0.2833333333333333)],[1],[0],[0],[2.2073864999692887],[None],DHM,1,2025-09-30_18h39.23.556,Visual search experiment,,2025.1.1,59.90255053,2025-09-30 18h39.31.980959 +0530
3,0,3,[np.float64(-0.4546296296296296)],[np.float64(-0.4666666666666667)],[1],[0],[0],[1.6579462999943644],[None],3,0,3,0,7.545491,,5,7.5381688,7.545491,7.545491,0.0085595,9.1961911,[np.float64(-0.4546296296296296)],[np.float64(-0.4666666666666667)],[1],[0],[0],[1.6579462999943644],[None],DHM,1,2025-09-30_18h39.23.556,Visual search experiment,,2025.1.1,59.90255053,2025-09-30 18h39.31.980959 +0530
4,0,4,[np.float64(-0.42314814814814816)],[np.float64(-0.10740740740740741)],[1],[0],[0],[2.4305946999811567],[None],4,0,4,0,9.2251228,,10,9.2167596,9.2251228,9.2251228,0.0204529,11.6474645,[np.float64(-0.42314814814814816)],[np.float64(-0.10740740740740741)],[1],[0],[0],[2.4305946999811567],[None],DHM,1,2025-09-30_18h39.23.556,Visual search experiment,,2025.1.1,59.90255053,2025-09-30 18h39.31.980959 +0530
5,0,5,[np.float64(0.03518518518518519)],[np.float64(0.3888888888888889)],[1],[0],[0],[1.9514612999628298],['target'],5,0,5,0,11.6829812,,10,11.6755725,11.6829812,11.6829812,0.027835,13.6271929,[np.float64(0.03518518518518519)],[np.float64(0.3888888888888889)],[1],[0],[0],[1.9514612999628298],['target'],DHM,1,2025-09-30_18h39.23.556,Visual search experiment,,2025.1.1,59.90255053,2025-09-30 18h39.31.980959 +0530
6,0,6,[np.float64(-0.43796296296296294)],[np.float64(0.4824074074074074)],[1],[0],[0],[3.2921572999912314],['target'],6,0,6,0,13.6567309,,5,13.6478978,13.6567309,13.6567309,0.0203707,16.9401976,[np.float64(-0.43796296296296294)],[np.float64(0.4824074074074074)],[1],[0],[0],[3.2921572999912314],['target'],DHM,1,2025-09-30_18h39.23.556,Visual search experiment,,2025.1.1,59.90255053,2025-09-30 18h39.31.980959 +0530
7,0,7,[np.float64(0.046296296296296294)],[np.float64(-0.062037037037037036)],[1],[0],[0],[5.451942100015003],[None],7,0,7,0,16.9739715,,10,16.9662669,16.9739715,16.9739715,0.025796,22.4183257,[np.float64(0.046296296296296294)],[np.float64(-0.062037037037037036)],[1],[0],[0],[5.451942100015003],[None],DHM,1,2025-09-30_18h39.23.556,Visual search experiment,,2025.1.1,59.90255053,2025-09-30 18h39.31.980959 +0530
8,0,8,[np.float64(-0.3888888888888889)],[np.float64(0.10740740740740741)],[1],[0],[0],[2.1095825999509543],[None],8,0,8,0,22.465004,,10,22.4562223,22.465004,22.465004,0.0376391,24.565897,[np.float64(-0.3888888888888889)],[np.float64(0.10740740740740741)],[1],[0],[0],[2.1095825999509543],[None],DHM,1,2025-09-30_18h39.23.556,Visual search experiment,,2025.1.1,59.90255053,2025-09-30 18h39.31.980959 +0530
9,0,9,[np.float64(-0.11944444444444445)],[np.float64(0.25925925925925924)],[1],[0],[0],[1.3695829000207596],[None],9,0,9,0,24.5837768,,5,24.5782578,24.5837768,24.5837768,0.0121398,25.9479219,[np.float64(-0.11944444444444445)],[np.float64(0.25925925925925924)],[1],[0],[0],[1.3695829000207596],[None],DHM,1,2025-09-30_18h39.23.556,Visual search experiment,,2025.1.1,59.90255053,2025-09-30 18h39.31.980959 +0530
10,0,10,[np.float64(0.45740740740740743)],[np.float64(0.3425925925925926)],[1],[0],[0],[4.579581799975131],[None],10,0,10,0,25.9854235,,10,25.9675991,25.9854235,25.9854235,0.0195289,30.547308,[np.float64(0.45740740740740743)],[np.float64(0.3425925925925926)],[1],[0],[0],[4.579581799975131],[None],DHM,1,2025-09-30_18h39.23.556,Visual search experiment,,2025.1.1,59.90255053,2025-09-30 18h39.31.980959 +0530
11,0,11,[np.float64(0.225)],[np.float64(0.3111111111111111)],[1],[0],[0],[1.3582073000143282],[None],11,0,11,0,30.5857292,,10,30.5683498,30.5857292,30.5857292,0.0207997,31.9267005,[np.float64(0.225)],[np.float64(0.3111111111111111)],[1],[0],[0],[1.3582073000143282],[None],DHM,1,2025-09-30_18h39.23.556,Visual search experiment,,2025.1.1,59.90255053,2025-09-30 18h39.31.980959 +0530
12,0,12,[np.float64(-0.4083333333333333)],[np.float64(0.15833333333333333)],[1],[0],[0],[2.752155700000003],['target'],12,0,12,0,31.9488714,,5,31.9405194,31.9488714,31.9488714,0.0137144,34.6928684,[np.float64(-0.4083333333333333)],[np.float64(0.15833333333333333)],[1],[0],[0],[2.752155700000003],['target'],DHM,1,2025-09-30_18h39.23.556,Visual search experiment,,2025.1.1,59.90255053,2025-09-30 18h39.31.980959 +0530
13,0,13,[np.float64(0.3490740740740741)],[np.float64(-0.24722222222222223)],[1],[0],[0],[2.2636572999763303],[None],13,0,13,0,34.7162878,,5,34.7095867,34.7162878,34.7162878,0.0163501,36.9733503,[np.float64(0.3490740740740741)],[np.float64(-0.24722222222222223)],[1],[0],[0],[2.2636572999763303],[None],DHM,1,2025-09-30_18h39.23.556,Visual search experiment,,2025.1.1,59.90255053,2025-09-30 18h39.31.980959 +0530
14,0,14,[np.float64(0.375)],[np.float64(0.4722222222222222)],[1],[0],[0],[4.179565800004639],['target'],14,0,14,0,37.0234453,,10,37.010347,37.0234453,37.0234453,0.0368192,41.1900366,[np.float64(0.375)],[np.float64(0.4722222222222222)],[1],[0],[0],[4.179565800004639],['target'],DHM,1,2025-09-30_18h39.23.556,Visual search experiment,,2025.1.1,59.90255053,2025-09-30 18h39.31.980959 +0530
15,0,15,[np.float64(0.4064814814814815)],[np.float64(-0.018518518518518517)],[1],[0],[0],[1.7812307000276633],['target'],15,0,15,0,41.2144805,,5,41.2069548,41.2144805,41.2144805,0.0165633,42.988345,[np.float64(0.4064814814814815)],[np.float64(-0.018518518518518517)],[1],[0],[0],[1.7812307000276633],['target'],DHM,1,2025-09-30_18h39.23.556,Visual search experiment,,2025.1.1,59.90255053,2025-09-30 18h39.31.980959 +0530
16,0,16,[np.float64(0.09444444444444444)],[np.float64(-0.025)],[1],[0],[0],[2.7620028000092134],['target'],16,0,16,0,43.0153278,,5,43.0038641,43.0153278,43.0153278,0.0151779,45.7659406,[np.float64(0.09444444444444444)],[np.float64(-0.025)],[1],[0],[0],[2.7620028000092134],['target'],DHM,1,2025-09-30_18h39.23.556,Visual search experiment,,2025.1.1,59.90255053,2025-09-30 18h39.31.980959 +0530
17,0,17,[np.float64(0.12037037037037036)],[np.float64(-0.3101851851851852)],[1],[0],[0],[2.2735026000300422],['target'],17,0,17,0,45.8063823,,10,45.7904115,45.8063823,45.8063823,0.0243195,48.0639936,[np.float64(0.12037037037037036)],[np.float64(-0.3101851851851852)],[1],[0],[0],[2.2735026000300422],['target'],DHM,1,2025-09-30_18h39.23.556,Visual search experiment,,2025.1.1,59.90255053,2025-09-30 18h39.31.980959 +0530
18,0,18,[np.float64(0.13240740740740742)],[np.float64(-0.4564814814814815)],[1],[0],[0],[2.3593097000266425],['target'],18,0,18,0,48.1021917,,10,48.0902136,48.1021917,48.1021917,0.0260436,50.4496553,[np.float64(0.13240740740740742)],[np.float64(-0.4564814814814815)],[1],[0],[0],[2.3593097000266425],['target'],DHM,1,2025-09-30_18h39.23.556,Visual search experiment,,2025.1.1,59.90255053,2025-09-30 18h39.31.980959 +0530
19,0,19,[np.float64(-0.28425925925925927)],[np.float64(0.36203703703703705)],[1],[0],[0],[1.3717540000216104],['target'],19,0,19,0,50.487419,,10,50.4732158,50.487419,50.487419,0.0232813,51.8450996,[np.float64(-0.28425925925925927)],[np.float64(0.36203703703703705)],[1],[0],[0],[1.3717540000216104],['target'],DHM,1,2025-09-30_18h39.23.556,Visual search experiment,,2025.1.1,59.90255053,2025-09-30 18h39.31.980959 +0530
20,0,20,[np.float64(0.19074074074074074)],[np.float64(0.05925925925925926)],[1],[0],[0],[1.6144400999764912],[None],20,0,20,0,51.8697306,,5,51.8620712,51.8697306,51.8697306,0.0167978,53.4766044,[np.float64(0.19074074074074074)],[np.float64(0.05925925925925926)],[1],[0],[0],[1.6144400999764912],[None],DHM,1,2025-09-30_18h39.23.556,Visual search experiment,,2025.1.1,59.90255053,2025-09-30 18h39.31.980959 +0530
21,0,21,[np.float64(-0.4064814814814815)],[np.float64(0.275)],[1],[0],[0],[2.8210112000233494],[None],21,0,21,0,53.4998422,,5,53.489021,53.4998422,53.4998422,0.0122424,56.3101401,[np.float64(-0.4064814814814815)],[np.float64(0.275)],[1],[0],[0],[2.8210112000233494],[None],DHM,1,2025-09-30_18h39.23.556,Visual search experiment,,2025.1.1,59.90255053,2025-09-30 18h39.31.980959 +0530
22,0,22,[np.float64(0.2675925925925926)],[np.float64(-0.09351851851851851)],[1],[0],[0],[1.9177596000372432],['target'],22,0,22,0,56.3304404,,5,56.3215487,56.3304404,56.3304404,0.0112512,58.2394261,[np.float64(0.2675925925925926)],[np.float64(-0.09351851851851851)],[1],[0],[0],[1.9177596000372432],['target'],DHM,1,2025-09-30_18h39.23.556,Visual search experiment,,2025.1.1,59.90255053,2025-09-30 18h39.31.980959 +0530
23,0,23,[np.float64(-0.0962962962962963)],[np.float64(0.3101851851851852)],[1],[0],[0],[1.3413037999998778],['target'],23,0,23,0,58.2744845,,10,58.2621149,58.2744845,58.2744845,0.0224895,59.6034779,[np.float64(-0.0962962962962963)],[np.float64(0.3101851851851852)],[1],[0],[0],[1.3413037999998778],['target'],DHM,1,2025-09-30_18h39.23.556,Visual search experiment,,2025.1.1,59.90255053,2025-09-30 18h39.31.980959 +0530
24,0,24,[np.float64(0.4083333333333333)],[np.float64(0.33240740740740743)],[1],[0],[0],[1.3763744999887422],[None],24,0,24,0,59.6246026,,5,59.6145124,59.6246026,59.6246026,0.0108971,60.9910095,[np.float64(0.4083333333333333)],[np.float64(0.33240740740740743)],[1],[0],[0],[1.3763744999887422],[None],DHM,1,2025-09-30_18h39.23.556,Visual search experiment,,2025.1.1,59.90255053,2025-09-30 18h39.31.980959 +0530
25,0,25,[np.float64(0.362962962962963)],[np.float64(0.3814814814814815)],[1],[0],[0],[0.9641595000284724],['target'],25,0,25,0,61.0165009,,5,61.0056867,61.0165009,61.0165009,0.0144106,61.9699864,[np.float64(0.362962962962963)],[np.float64(0.3814814814814815)],[1],[0],[0],[0.9641595000284724],['target'],DHM,1,2025-09-30_18h39.23.556,Visual search experiment,,2025.1.1,59.90255053,2025-09-30 18h39.31.980959 +0530
26,0,26,[np.float64(0.02962962962962963)],[np.float64(-0.03611111111111111)],[1],[0],[0],[2.2647904000477865],['target'],26,0,26,0,61.9957674,,5,61.9883691,61.9957674,61.9957674,0.0181506,64.2533049,[np.float64(0.02962962962962963)],[np.float64(-0.03611111111111111)],[1],[0],[0],[2.2647904000477865],['target'],DHM,1,2025-09-30_18h39.23.556,Visual search experiment,,2025.1.1,59.90255053,2025-09-30 18h39.31.980959 +0530
27,0,27,[np.float64(-0.2777777777777778)],[np.float64(-0.41759259259259257)],[1],[0],[0],[2.6179911000072025],['target'],27,0,27,0,64.2796097,,5,64.2705859,64.2796097,64.2796097,0.0169556,66.8886701,[np.float64(-0.2777777777777778)],[np.float64(-0.41759259259259257)],[1],[0],[0],[2.6179911000072025],['target'],DHM,1,2025-09-30_18h39.23.556,Visual search experiment,,2025.1.1,59.90255053,2025-09-30 18h39.31.980959 +0530
28,0,28,[np.float64(-0.25555555555555554)],[np.float64(-0.325)],[1],[0],[0],[1.5364969999645837],['target'],28,0,28,0,66.9308557,,10,66.9113526,66.9308557,66.9308557,0.0225203,68.4479708,[np.float64(-0.25555555555555554)],[np.float64(-0.325)],[1],[0],[0],[1.5364969999645837],['target'],DHM,1,2025-09-30_18h39.23.556,Visual search experiment,,2025.1.1,59.90255053,2025-09-30 18h39.31.980959 +0530
29,0,29,[np.float64(-0.4935185185185185)],[np.float64(0.09259259259259259)],[1],[0],[0],[1.5351523999706842],[None],29,0,29,0,68.4739394,,5,68.4636035,68.4739394,68.4739394,0.0153454,69.9988891,[np.float64(-0.4935185185185185)],[np.float64(0.09259259259259259)],[1],[0],[0],[1.5351523999706842],[None],DHM,1,2025-09-30_18h39.23.556,Visual search experiment,,2025.1.1,59.90255053,2025-09-30 18h39.31.980959 +0530
30,0,30,[np.float64(0.2851851851851852)],[np.float64(-0.4638888888888889)],[1],[0],[0],[2.9041973000275902],[None],30,0,30,0,70.0312877,,5,70.0232348,70.0312877,70.0312877,0.0240991,72.9275141,[np.float64(0.2851851851851852)],[np.float64(-0.4638888888888889)],[1],[0],[0],[2.9041973000275902],[None],DHM,1,2025-09-30_18h39.23.556,Visual search experiment,,2025.1.1,59.90255053,2025-09-30 18h39.31.980959 +0530
31,0,31,[np.float64(0.24444444444444444)],[np.float64(0.1)],[1],[0],[0],[1.7121918000048026],['target'],31,0,31,0,72.9718234,,10,72.9620989,72.9718234,72.9718234,0.0344428,74.6743473,[np.float64(0.24444444444444444)],[np.float64(0.1)],[1],[0],[0],[1.7121918000048026],['target'],DHM,1,2025-09-30_18h39.23.556,Visual search experiment,,2025.1.1,59.90255053,2025-09-30 18h39.31.980959 +0530
32,0,32,[np.float64(-0.4583333333333333)],[np.float64(-0.2759259259259259)],[1],[0],[0],[2.33380170003511],[None],32,0,32,0,74.6955782,,5,74.6883944,74.6955782,74.6955782,0.0139161,77.0222296,[np.float64(-0.4583333333333333)],[np.float64(-0.2759259259259259)],[1],[0],[0],[2.33380170003511],[None],DHM,1,2025-09-30_18h39.23.556,Visual search experiment,,2025.1.1,59.90255053,2025-09-30 18h39.31.980959 +0530
33,0,33,[np.float64(0.10925925925925926)],[np.float64(0.38796296296296295)],[1],[0],[0],[1.8626912999898195],['target'],33,0,33,0,77.055236,,10,77.0413227,77.055236,77.055236,0.0189665,78.9040848,[np.float64(0.10925925925925926)],[np.float64(0.38796296296296295)],[1],[0],[0],[1.8626912999898195],['target'],DHM,1,2025-09-30_18h39.23.556,Visual search experiment,,2025.1.1,59.90255053,2025-09-30 18h39.31.980959 +0530
34,0,34,[np.float64(0.23333333333333334)],[np.float64(0.26296296296296295)],[1],[0],[0],[1.6393059000256471],[None],34,0,34,0,78.9212212,,5,78.9150332,78.9212212,78.9212212,0.0107864,80.5544338,[np.float64(0.23333333333333334)],[np.float64(0.26296296296296295)],[1],[0],[0],[1.6393059000256471],[None],DHM,1,2025-09-30_18h39.23.556,Visual search experiment,,2025.1.1,59.90255053,2025-09-30 18h39.31.980959 +0530
35,0,35,[np.float64(-0.04351851851851852)],[np.float64(-0.3277777777777778)],[1],[0],[0],[2.525677600002382],['target'],35,0,35,0,80.587508,,10,80.5783237,80.587508,80.587508,0.0237428,83.1041162,[np.float64(-0.04351851851851852)],[np.float64(-0.3277777777777778)],[1],[0],[0],[2.525677600002382],['target'],DHM,1,2025-09-30_18h39.23.556,Visual search experiment,,2025.1.1,59.90255053,2025-09-30 18h39.31.980959 +0530
36,0,36,[np.float64(-0.0712962962962963)],[np.float64(0.2111111111111111)],[1],[0],[0],[1.2836705999798141],['target'],36,0,36,0,83.1267881,,5,83.1183736,83.1267881,83.1267881,0.0141165,84.402134,[np.float64(-0.0712962962962963)],[np.float64(0.2111111111111111)],[1],[0],[0],[1.2836705999798141],['target'],DHM,1,2025-09-30_18h39.23.556,Visual search experiment,,2025.1.1,59.90255053,2025-09-30 18h39.31.980959 +0530
37,0,37,[np.float64(0.3388888888888889)],[np.float64(-0.4527777777777778)],[1],[0],[0],[1.765819099964574],['target'],37,0,37,0,84.4225854,,5,84.416881,84.4225854,84.4225854,0.0145462,86.182915,[np.float64(0.3388888888888889)],[np.float64(-0.4527777777777778)],[1],[0],[0],[1.765819099964574],['target'],DHM,1,2025-09-30_18h39.23.556,Visual search experiment,,2025.1.1,59.90255053,2025-09-30 18h39.31.980959 +0530
38,0,38,[np.float64(0.4740740740740741)],[np.float64(0.42777777777777776)],[1],[0],[0],[2.5937707999837585],['target'],38,0,38,0,86.2144149,,10,86.204468,86.2144149,86.2144149,0.0214013,88.7983497,[np.float64(0.4740740740740741)],[np.float64(0.42777777777777776)],[1],[0],[0],[2.5937707999837585],['target'],DHM,1,2025-09-30_18h39.23.556,Visual search experiment,,2025.1.1,59.90255053,2025-09-30 18h39.31.980959 +0530
39,0,39,[np.float64(-0.016666666666666666)],[np.float64(0.3861111111111111)],[1],[0],[0],[1.830110799986869],['target'],39,0,39,0,88.8511135,,10,88.8362475,88.8511135,88.8511135,0.0377196,90.6664722,[np.float64(-0.016666666666666666)],[np.float64(0.3861111111111111)],[1],[0],[0],[1.830110799986869],['target'],DHM,1,2025-09-30_18h39.23.556,Visual search experiment,,2025.1.1,59.90255053,2025-09-30 18h39.31.980959 +0530
40,0,40,[np.float64(0.08888888888888889)],[np.float64(0.3138888888888889)],[1],[0],[0],[2.7234709999756888],['target'],40,0,40,0,90.7048277,,10,90.6895971,90.7048277,90.7048277,0.0227811,93.4132636,[np.float64(0.08888888888888889)],[np.float64(0.3138888888888889)],[1],[0],[0],[2.7234709999756888],['target'],DHM,1,2025-09-30_18h39.23.556,Visual search experiment,,2025.1.1,59.90255053,2025-09-30 18h39.31.980959 +0530
41,0,41,[np.float64(0.06851851851851852)],[np.float64(-0.26296296296296295)],[1],[0],[0],[2.1960415999637917],['target'],41,0,41,0,93.4418991,,5,93.4312947,93.4418991,93.4418991,0.0175712,95.6274991,[np.float64(0.06851851851851852)],[np.float64(-0.26296296296296295)],[1],[0],[0],[2.1960415999637917],['target'],DHM,1,2025-09-30_18h39.23.556,Visual search experiment,,2025.1.1,59.90255053,2025-09-30 18h39.31.980959 +0530
42,0,42,[np.float64(0.2657407407407407)],[np.float64(-0.375)],[1],[0],[0],[2.4984424999565817],['target'],42,0,42,0,95.6827925,,10,95.6735055,95.6827925,95.6827925,0.0457279,98.1720314,[np.float64(0.2657407407407407)],[np.float64(-0.375)],[1],[0],[0],[2.4984424999565817],['target'],DHM,1,2025-09-30_18h39.23.556,Visual search experiment,,2025.1.1,59.90255053,2025-09-30 18h39.31.980959 +0530
43,0,43,[np.float64(0.42407407407407405)],[np.float64(-0.06574074074074074)],[1],[0],[0],[1.7769910999923013],['target'],43,0,43,0,98.212319,,10,98.1951059,98.212319,98.212319,0.0229576,99.9722262,[np.float64(0.42407407407407405)],[np.float64(-0.06574074074074074)],[1],[0],[0],[1.7769910999923013],['target'],DHM,1,2025-09-30_18h39.23.556,Visual search experiment,,2025.1.1,59.90255053,2025-09-30 18h39.31.980959 +0530
44,0,44,[np.float64(-0.20555555555555555)],[np.float64(-0.36666666666666664)],[1],[0],[0],[2.896747899998445],['target'],44,0,44,0,100.0177791,,10,100.0055563,100.0177791,100.0177791,0.0329129,102.9024359,[np.float64(-0.20555555555555555)],[np.float64(-0.36666666666666664)],[1],[0],[0],[2.896747899998445],['target'],DHM,1,2025-09-30_18h39.23.556,Visual search experiment,,2025.1.1,59.90255053,2025-09-30 18h39.31.980959 +0530
45,0,45,[np.float64(0.1527777777777778)],[np.float64(0.2759259259259259)],[1],[0],[0],[2.4994131999555975],['target'],45,0,45,0,102.9481942,,10,102.9347341,102.9481942,102.9481942,0.0320145,105.4342029,[np.float64(0.1527777777777778)],[np.float64(0.2759259259259259)],[1],[0],[0],[2.4994131999555975],['target'],DHM,1,2025-09-30_18h39.23.556,Visual search experiment,,2025.1.1,59.90255053,2025-09-30 18h39.31.980959 +0530
46,0,46,[np.float64(0.058333333333333334)],[np.float64(0.10555555555555556)],[1],[0],[0],[2.270225099986419],[None],46,0,46,0,105.4528511,,5,105.446885,105.4528511,105.4528511,0.0125411,107.717187,[np.float64(0.058333333333333334)],[np.float64(0.10555555555555556)],[1],[0],[0],[2.270225099986419],[None],DHM,1,2025-09-30_18h39.23.556,Visual search experiment,,2025.1.1,59.90255053,2025-09-30 18h39.31.980959 +0530
47,0,47,[np.float64(-0.387037037037037)],[np.float64(-0.053703703703703705)],[1],[0],[0],[3.5335923000238836],['target'],47,0,47,0,107.7358889,,5,107.7304671,107.7358889,107.7358889,0.0131531,111.2641282,[np.float64(-0.387037037037037)],[np.float64(-0.053703703703703705)],[1],[0],[0],[3.5335923000238836],['target'],DHM,1,2025-09-30_18h39.23.556,Visual search experiment,,2025.1.1,59.90255053,2025-09-30 18h39.31.980959 +0530
48,0,48,[np.float64(-0.47685185185185186)],[np.float64(-0.24537037037037038)],[1],[0],[0],[3.572616300021764],['target'],48,0,48,0,111.2934263,,10,111.2854841,111.2934263,111.2934263,0.021233,114.8581706,[np.float64(-0.47685185185185186)],[np.float64(-0.24537037037037038)],[1],[0],[0],[3.572616300021764],['target'],DHM,1,2025-09-30_18h39.23.556,Visual search experiment,,2025.1.1,59.90255053,2025-09-30 18h39.31.980959 +0530
49,0,49,[np.float64(-0.1527777777777778)],[np.float64(-0.22870370370370371)],[1],[0],[0],[2.106785400013905],['target'],49,0,49,0,114.8735613,,5,114.8682572,114.8735613,114.8735613,0.0099207,116.9751275,[np.float64(-0.1527777777777778)],[np.float64(-0.22870370370370371)],[1],[0],[0],[2.106785400013905],['target'],DHM,1,2025-09-30_18h39.23.556,Visual search experiment,,2025.1.1,59.90255053,2025-09-30 18h39.31.980959 +0530
50,0,50,[np.float64(0.05555555555555555)],[np.float64(-0.12962962962962962)],[1],[0],[0],[1.766739399987273],['target'],50,0,50,0,116.9961468,,5,116.9910376,116.9961468,116.9961468,0.0157583,118.7579637,[np.float64(0.05555555555555555)],[np.float64(-0.12962962962962962)],[1],[0],[0],[1.766739399987273],['target'],DHM,1,2025-09-30_18h39.23.556,Visual search experiment,,2025.1.1,59.90255053,2025-09-30 18h39.31.980959 +0530
51,0,51,[np.float64(0.21296296296296297)],[np.float64(-0.07777777777777778)],[1],[0],[0],[1.1349551000166684],['target'],51,0,51,0,118.7958203,,10,118.7858123,118.7958203,118.7958203,0.0274675,119.9208252,[np.float64(0.21296296296296297)],[np.float64(-0.07777777777777778)],[1],[0],[0],[1.1349551000166684],['target'],DHM,1,2025-09-30_18h39.23.556,Visual search experiment,,2025.1.1,59.90255053,2025-09-30 18h39.31.980959 +0530
52,0,52,[np.float64(-0.29259259259259257)],[np.float64(0.33055555555555555)],[1],[0],[0],[2.273292300000321],[None],52,0,52,0,119.9397791,,5,119.9308534,119.9397791,119.9397791,0.0098487,122.2042596,[np.float64(-0.29259259259259257)],[np.float64(0.33055555555555555)],[1],[0],[0],[2.273292300000321],[None],DHM,1,2025-09-30_18h39.23.556,Visual search experiment,,2025.1.1,59.90255053,2025-09-30 18h39.31.980959 +0530
53,0,53,[np.float64(-0.24166666666666667)],[np.float64(0.4425925925925926)],[1],[0],[0],[1.0661750999861397],['target'],53,0,53,0,122.2328525,,5,122.2224657,122.2328525,122.2328525,0.0180277,123.2887995,[np.float64(-0.24166666666666667)],[np.float64(0.4425925925925926)],[1],[0],[0],[1.0661750999861397],['target'],DHM,1,2025-09-30_18h39.23.556,Visual search experiment,,2025.1.1,59.90255053,2025-09-30 18h39.31.980959 +0530
54,0,54,[np.float64(0.012962962962962963)],[np.float64(0.10648148148148148)],[1],[0],[0],[3.237397599965334],['target'],54,0,54,0,123.3264032,,10,123.3145707,123.3264032,123.3264032,0.0254164,126.552072,[np.float64(0.012962962962962963)],[np.float64(0.10648148148148148)],[1],[0],[0],[3.237397599965334],['target'],DHM,1,2025-09-30_18h39.23.556,Visual search experiment,,2025.1.1,59.90255053,2025-09-30 18h39.31.980959 +0530
55,0,55,[np.float64(0.3648148148148148)],[np.float64(0.14351851851851852)],[1],[0],[0],[1.693805099988822],['target'],55,0,55,0,126.5819569,,5,126.5722036,126.5819569,126.5819569,0.0199366,128.2660777,[np.float64(0.3648148148148148)],[np.float64(0.14351851851851852)],[1],[0],[0],[1.693805099988822],['target'],DHM,1,2025-09-30_18h39.23.556,Visual search experiment,,2025.1.1,59.90255053,2025-09-30 18h39.31.980959 +0530
56,0,56,[np.float64(-0.2064814814814815)],[np.float64(0.28055555555555556)],[1],[0],[0],[3.207900699984748],['target'],56,0,56,0,128.3040275,,10,128.2910756,128.3040275,128.3040275,0.0248575,131.4991382,[np.float64(-0.2064814814814815)],[np.float64(0.28055555555555556)],[1],[0],[0],[3.207900699984748],['target'],DHM,1,2025-09-30_18h39.23.556,Visual search experiment,,2025.1.1,59.90255053,2025-09-30 18h39.31.980959 +0530
57,0,57,[np.float64(-0.3638888888888889)],[np.float64(0.45740740740740743)],[1],[0],[0],[1.6890701999654993],['target'],57,0,57,0,131.5444658,,10,131.5258506,131.5444658,131.5444658,0.0262271,133.2150491,[np.float64(-0.3638888888888889)],[np.float64(0.45740740740740743)],[1],[0],[0],[1.6890701999654993],['target'],DHM,1,2025-09-30_18h39.23.556,Visual search experiment,,2025.1.1,59.90255053,2025-09-30 18h39.31.980959 +0530
58,0,58,[np.float64(-0.42962962962962964)],[np.float64(0.10277777777777777)],[1],[0],[0],[1.904099999985192],[None],58,0,58,0,133.2562277,,10,133.2386211,133.2562277,133.2562277,0.023234,135.1428034,[np.float64(-0.42962962962962964)],[np.float64(0.10277777777777777)],[1],[0],[0],[1.904099999985192],[None],DHM,1,2025-09-30_18h39.23.556,Visual search experiment,,2025.1.1,59.90255053,2025-09-30 18h39.31.980959 +0530
59,0,59,[np.float64(0.23981481481481481)],[np.float64(0.45555555555555555)],[1],[0],[0],[2.572226700023748],[None],59,0,59,0,135.1831361,,10,135.1689408,135.1831361,135.1831361,0.0259856,137.7412874,[np.float64(0.23981481481481481)],[np.float64(0.45555555555555555)],[1],[0],[0],[2.572226700023748],[None],DHM,1,2025-09-30_18h39.23.556,Visual search experiment,,2025.1.1,59.90255053,2025-09-30 18h39.31.980959 +0530
60,0,60,[np.float64(0.09814814814814815)],[np.float64(0.1675925925925926)],[1],[0],[0],[1.5067056000116281],['target'],60,0,60,0,137.7960838,,10,137.7828906,137.7960838,137.7960838,0.0413801,139.2896746,[np.float64(0.09814814814814815)],[np.float64(0.1675925925925926)],[1],[0],[0],[1.5067056000116281],['target'],DHM,1,2025-09-30_18h39.23.556,Visual search experiment,,2025.1.1,59.90255053,2025-09-30 18h39.31.980959 +0530
61,0,61,[np.float64(-0.3814814814814815)],[np.float64(-0.01574074074074074)],[1],[0],[0],[1.847164699982386],[None],61,0,61,0,139.322174,,10,139.3105169,139.322174,139.322174,0.0206102,141.1577728,[np.float64(-0.3814814814814815)],[np.float64(-0.01574074074074074)],[1],[0],[0],[1.847164699982386],[None],DHM,1,2025-09-30_18h39.23.556,Visual search experiment,,2025.1.1,59.90255053,2025-09-30 18h39.31.980959 +0530
62,0,62,[np.float64(-0.3675925925925926)],[np.float64(0.08333333333333333)],[1],[0],[0],[0.905773600039538],[None],62,0,62,0,141.2078718,,10,141.1855573,141.2078718,141.2078718,0.0275904,142.0914411,[np.float64(-0.3675925925925926)],[np.float64(0.08333333333333333)],[1],[0],[0],[0.905773600039538],[None],DHM,1,2025-09-30_18h39.23.556,Visual search experiment,,2025.1.1,59.90255053,2025-09-30 18h39.31.980959 +0530
63,0,63,[np.float64(0.008333333333333333)],[np.float64(-0.017592592592592594)],[1],[0],[0],[1.9886454000370577],[None],63,0,63,0,142.1358464,,10,142.115788,142.1358464,142.1358464,0.0240747,144.1046134,[np.float64(0.008333333333333333)],[np.float64(-0.017592592592592594)],[1],[0],[0],[1.9886454000370577],[None],DHM,1,2025-09-30_18h39.23.556,Visual search experiment,,2025.1.1,59.90255053,2025-09-30 18h39.31.980959 +0530
64,0,64,[np.float64(0.2175925925925926)],[np.float64(0.42777777777777776)],[1],[0],[0],[1.8140994000132196],[None],64,0,64,0,144.1255571,,5,144.1202186,144.1255571,144.1255571,0.0152721,145.9344128,[np.float64(0.2175925925925926)],[np.float64(0.42777777777777776)],[1],[0],[0],[1.8140994000132196],[None],DHM,1,2025-09-30_18h39.23.556,Visual search experiment,,2025.1.1,59.90255053,2025-09-30 18h39.31.980959 +0530
65,0,65,[np.float64(-0.29074074074074074)],[np.float64(-0.2740740740740741)],[1],[0],[0],[1.9930465999641456],['target'],65,0,65,0,145.9691219,,10,145.955477,145.9691219,145.9691219,0.0209095,147.9485957,[np.float64(-0.29074074074074074)],[np.float64(-0.2740740740740741)],[1],[0],[0],[1.9930465999641456],['target'],DHM,1,2025-09-30_18h39.23.556,Visual search experiment,,2025.1.1,59.90255053,2025-09-30 18h39.31.980959 +0530
66,0,66,[np.float64(-0.001851851851851852)],[np.float64(-0.24351851851851852)],[1],[0],[0],[1.3855872999993153],['target'],66,0,66,0,147.9719454,,5,147.962592,147.9719454,147.9719454,0.0138518,149.3482763,[np.float64(-0.001851851851851852)],[np.float64(-0.24351851851851852)],[1],[0],[0],[1.3855872999993153],['target'],DHM,1,2025-09-30_18h39.23.556,Visual search experiment,,2025.1.1,59.90255053,2025-09-30 18h39.31.980959 +0530
67,0,67,[np.float64(-0.4111111111111111)],[np.float64(0.3314814814814815)],[1],[0],[0],[3.100090000021737],['target'],67,0,67,0,149.369137,,5,149.3635129,149.369137,149.369137,0.0150569,152.4636977,[np.float64(-0.4111111111111111)],[np.float64(0.3314814814814815)],[1],[0],[0],[3.100090000021737],['target'],DHM,1,2025-09-30_18h39.23.556,Visual search experiment,,2025.1.1,59.90255053,2025-09-30 18h39.31.980959 +0530
68,0,68,[np.float64(-0.2611111111111111)],[np.float64(-0.23055555555555557)],[1],[0],[0],[2.4259754000231624],[None],68,0,68,0,152.495784,,10,152.4848572,152.495784,152.495784,0.0210031,154.9109514,[np.float64(-0.2611111111111111)],[np.float64(-0.23055555555555557)],[1],[0],[0],[2.4259754000231624],[None],DHM,1,2025-09-30_18h39.23.556,Visual search experiment,,2025.1.1,59.90255053,2025-09-30 18h39.31.980959 +0530
69,0,69,[np.float64(-0.06296296296296296)],[np.float64(0.26851851851851855)],[1],[0],[0],[1.474582900002133],['target'],69,0,69,0,154.9534639,,10,154.9340763,154.9534639,154.9534639,0.0228494,156.4087521,[np.float64(-0.06296296296296296)],[np.float64(0.26851851851851855)],[1],[0],[0],[1.474582900002133],['target'],DHM,1,2025-09-30_18h39.23.556,Visual search experiment,,2025.1.1,59.90255053,2025-09-30 18h39.31.980959 +0530
70,0,70,[np.float64(-0.009259259259259259)],[np.float64(0.0962962962962963)],[1],[0],[0],[2.4562833999516442],[None],70,0,70,0,156.429448,,5,156.4214475,156.429448,156.429448,0.0124986,158.8778176,[np.float64(-0.009259259259259259)],[np.float64(0.0962962962962963)],[1],[0],[0],[2.4562833999516442],[None],DHM,1,2025-09-30_18h39.23.556,Visual search experiment,,2025.1.1,59.90255053,2025-09-30 18h39.31.980959 +0530
71,0,71,[np.float64(0.4425925925925926)],[np.float64(-0.33055555555555555)],[1],[0],[0],[2.415296299965121],[None],71,0,71,0,158.9027551,,5,158.8904528,158.9027551,158.9027551,0.0124653,161.3058674,[np.float64(0.4425925925925926)],[np.float64(-0.33055555555555555)],[1],[0],[0],[2.415296299965121],[None],DHM,1,2025-09-30_18h39.23.556,Visual search experiment,,2025.1.1,59.90255053,2025-09-30 18h39.31.980959 +0530
72,0,72,[np.float64(0.3712962962962963)],[np.float64(0.2518518518518518)],[1],[0],[0],[1.6250295999925584],['target'],72,0,72,0,161.3361471,,10,161.3285496,161.3361471,161.3361471,0.0224348,162.9536823,[np.float64(0.3712962962962963)],[np.float64(0.2518518518518518)],[1],[0],[0],[1.6250295999925584],['target'],DHM,1,2025-09-30_18h39.23.556,Visual search experiment,,2025.1.1,59.90255053,2025-09-30 18h39.31.980959 +0530
73,0,73,[np.float64(0.36666666666666664)],[np.float64(0.07314814814814814)],[1],[0],[0],[1.6178288999944925],['target'],73,0,73,0,163.1283631,,10,163.1177392,163.1283631,163.1283631,0.1637302,164.7356275,[np.float64(0.36666666666666664)],[np.float64(0.07314814814814814)],[1],[0],[0],[1.6178288999944925],['target'],DHM,1,2025-09-30_18h39.23.556,Visual search experiment,,2025.1.1,59.90255053,2025-09-30 18h39.31.980959 +0530
74,0,74,[np.float64(-0.2638888888888889)],[np.float64(-0.19074074074074074)],[1],[0],[0],[3.558441400004085],['target'],74,0,74,0,164.7663626,,10,164.7572382,164.7663626,164.7663626,0.0214968,168.3158646,[np.float64(-0.2638888888888889)],[np.float64(-0.19074074074074074)],[1],[0],[0],[3.558441400004085],['target'],DHM,1,2025-09-30_18h39.23.556,Visual search experiment,,2025.1.1,59.90255053,2025-09-30 18h39.31.980959 +0530
75,0,75,[np.float64(-0.3851851851851852)],[np.float64(0.48148148148148145)],[1],[0],[0],[2.6515252999961376],['target'],75,0,75,0,168.3382369,,5,168.3282822,168.3382369,168.3382369,0.0123004,170.9796787,[np.float64(-0.3851851851851852)],[np.float64(0.48148148148148145)],[1],[0],[0],[2.6515252999961376],['target'],DHM,1,2025-09-30_18h39.23.556,Visual search experiment,,2025.1.1,59.90255053,2025-09-30 18h39.31.980959 +0530
76,0,76,[np.float64(-0.2935185185185185)],[np.float64(-0.06574074074074074)],[1],[0],[0],[2.068255499994848],['target'],76,0,76,0,171.0239995,,10,171.0119955,171.0239995,171.0239995,0.0321107,173.0803056,[np.float64(-0.2935185185185185)],[np.float64(-0.06574074074074074)],[1],[0],[0],[2.068255499994848],['target'],DHM,1,2025-09-30_18h39.23.556,Visual search experiment,,2025.1.1,59.90255053,2025-09-30 18h39.31.980959 +0530
77,0,77,[np.float64(0.05)],[np.float64(0.2824074074074074)],[1],[0],[0],[1.4207071000128053],['target'],77,0,77,0,173.0994301,,5,173.0916208,173.0994301,173.0994301,0.0111699,174.5124469,[np.float64(0.05)],[np.float64(0.2824074074074074)],[1],[0],[0],[1.4207071000128053],['target'],DHM,1,2025-09-30_18h39.23.556,Visual search experiment,,2025.1.1,59.90255053,2025-09-30 18h39.31.980959 +0530
78,0,78,[np.float64(0.028703703703703703)],[np.float64(-0.11018518518518519)],[1],[0],[0],[1.7383809000020847],['target'],78,0,78,0,174.5536696,,10,174.5356055,174.5536696,174.5536696,0.0229121,176.2740447,[np.float64(0.028703703703703703)],[np.float64(-0.11018518518518519)],[1],[0],[0],[1.7383809000020847],['target'],DHM,1,2025-09-30_18h39.23.556,Visual search experiment,,2025.1.1,59.90255053,2025-09-30 18h39.31.980959 +0530
79,0,79,[np.float64(-0.42685185185185187)],[np.float64(-0.017592592592592594)],[1],[0],[0],[2.5071784000028856],['target'],79,0,79,0,176.2936557,,5,176.2834467,176.2936557,176.2936557,0.0093005,178.7906985,[np.float64(-0.42685185185185187)],[np.float64(-0.017592592592592594)],[1],[0],[0],[2.5071784000028856],['target'],DHM,1,2025-09-30_18h39.23.556,Visual search experiment,,2025.1.1,59.90255053,2025-09-30 18h39.31.980959 +0530
80,0,80,[np.float64(0.4166666666666667)],[np.float64(0.08981481481481482)],[1],[0],[0],[2.297270900045987],['target'],80,0,80,0,178.8184558,,5,178.8088243,178.8184558,178.8184558,0.0180358,181.106173,[np.float64(0.4166666666666667)],[np.float64(0.08981481481481482)],[1],[0],[0],[2.297270900045987],['target'],DHM,1,2025-09-30_18h39.23.556,Visual search experiment,,2025.1.1,59.90255053,2025-09-30 18h39.31.980959 +0530
81,0,81,[np.float64(0.15648148148148147)],[np.float64(-0.20925925925925926)],[1],[0],[0],[2.0120644999551587],['target'],81,0,81,0,181.1586341,,10,181.1426996,181.1586341,181.1586341,0.0363426,183.1548958,[np.float64(0.15648148148148147)],[np.float64(-0.20925925925925926)],[1],[0],[0],[2.0120644999551587],['target'],DHM,1,2025-09-30_18h39.23.556,Visual search experiment,,2025.1.1,59.90255053,2025-09-30 18h39.31.980959 +0530
82,0,82,[np.float64(0.4027777777777778)],[np.float64(-0.4601851851851852)],[1],[0],[0],[3.838678699976299],[None],82,0,82,0,183.1950613,,10,183.1791305,183.1950613,183.1950613,0.0239217,187.0178847,[np.float64(0.4027777777777778)],[np.float64(-0.4601851851851852)],[1],[0],[0],[3.838678699976299],[None],DHM,1,2025-09-30_18h39.23.556,Visual search experiment,,2025.1.1,59.90255053,2025-09-30 18h39.31.980959 +0530
83,0,83,[np.float64(-0.2518518518518518)],[np.float64(0.23333333333333334)],[1],[0],[0],[1.8524956000037491],[None],83,0,83,0,187.0371965,,5,187.0298335,187.0371965,187.0371965,0.011803,188.8823981,[np.float64(-0.2518518518518518)],[np.float64(0.23333333333333334)],[1],[0],[0],[1.8524956000037491],[None],DHM,1,2025-09-30_18h39.23.556,Visual search experiment,,2025.1.1,59.90255053,2025-09-30 18h39.31.980959 +0530
84,0,84,[np.float64(-0.337037037037037)],[np.float64(-0.08611111111111111)],[1],[0],[0],[1.3674778999993578],['target'],84,0,84,0,188.9065667,,5,188.8952499,188.9065667,188.9065667,0.012737,190.2628001,[np.float64(-0.337037037037037)],[np.float64(-0.08611111111111111)],[1],[0],[0],[1.3674778999993578],['target'],DHM,1,2025-09-30_18h39.23.556,Visual search experiment,,2025.1.1,59.90255053,2025-09-30 18h39.31.980959 +0530
85,0,85,[np.float64(0.4166666666666667)],[np.float64(0.03888888888888889)],[1],[0],[0],[2.580082400003448],['target'],85,0,85,0,190.2971763,,10,190.280504,190.2971763,190.2971763,0.0175529,192.8606922,[np.float64(0.4166666666666667)],[np.float64(0.03888888888888889)],[1],[0],[0],[2.580082400003448],['target'],DHM,1,2025-09-30_18h39.23.556,Visual search experiment,,2025.1.1,59.90255053,2025-09-30 18h39.31.980959 +0530
86,0,86,[np.float64(0.18055555555555555)],[np.float64(0.04537037037037037)],[1],[0],[0],[1.2413412000169046],['target'],86,0,86,0,192.8768077,,5,192.871022,192.8768077,192.8768077,0.0101479,194.1124702,[np.float64(0.18055555555555555)],[np.float64(0.04537037037037037)],[1],[0],[0],[1.2413412000169046],['target'],DHM,1,2025-09-30_18h39.23.556,Visual search experiment,,2025.1.1,59.90255053,2025-09-30 18h39.31.980959 +0530
87,0,87,[np.float64(0.4351851851851852)],[np.float64(-0.412962962962963)],[1],[0],[0],[2.083320299978368],[None],87,0,87,0,194.1331949,,5,194.1275813,194.1331949,194.1331949,0.014842,196.2110144,[np.float64(0.4351851851851852)],[np.float64(-0.412962962962963)],[1],[0],[0],[2.083320299978368],[None],DHM,1,2025-09-30_18h39.23.556,Visual search experiment,,2025.1.1,59.90255053,2025-09-30 18h39.31.980959 +0530
88,0,88,[np.float64(0.40555555555555556)],[np.float64(-0.25555555555555554)],[1],[0],[0],[1.3658832000219263],['target'],88,0,88,0,196.2340667,,5,196.2261261,196.2340667,196.2340667,0.0148876,197.5921151,[np.float64(0.40555555555555556)],[np.float64(-0.25555555555555554)],[1],[0],[0],[1.3658832000219263],['target'],DHM,1,2025-09-30_18h39.23.556,Visual search experiment,,2025.1.1,59.90255053,2025-09-30 18h39.31.980959 +0530
89,0,89,[np.float64(0.4703703703703704)],[np.float64(0.23981481481481481)],[1],[0],[0],[1.9178875000216067],['target'],89,0,89,0,197.6114417,,5,197.6051861,197.6114417,197.6114417,0.0128736,199.5231688,[np.float64(0.4703703703703704)],[np.float64(0.23981481481481481)],[1],[0],[0],[1.9178875000216067],['target'],DHM,1,2025-09-30_18h39.23.556,Visual search experiment,,2025.1.1,59.90255053,2025-09-30 18h39.31.980959 +0530
90,0,90,[np.float64(0.005555555555555556)],[np.float64(0.05648148148148148)],[1],[0],[0],[2.0315768999862485],['target'],90,0,90,0,199.5463191,,5,199.5381178,199.5463191,199.5463191,0.0147778,201.569736,[np.float64(0.005555555555555556)],[np.float64(0.05648148148148148)],[1],[0],[0],[2.0315768999862485],['target'],DHM,1,2025-09-30_18h39.23.556,Visual search experiment,,2025.1.1,59.90255053,2025-09-30 18h39.31.980959 +0530
91,0,91,[np.float64(0.17685185185185184)],[np.float64(-0.3814814814814815)],[1],[0],[0],[2.750091699999757],[None],91,0,91,0,201.6017387,,10,201.5862325,201.6017387,201.6017387,0.0164177,204.3364993,[np.float64(0.17685185185185184)],[np.float64(-0.3814814814814815)],[1],[0],[0],[2.750091699999757],[None],DHM,1,2025-09-30_18h39.23.556,Visual search experiment,,2025.1.1,59.90255053,2025-09-30 18h39.31.980959 +0530
92,0,92,[np.float64(-0.2712962962962963)],[np.float64(0.3537037037037037)],[1],[0],[0],[1.7754109000088647],[None],92,0,92,0,204.3666419,,5,204.3595075,204.3666419,204.3666419,0.0227167,206.1349993,[np.float64(-0.2712962962962963)],[np.float64(0.3537037037037037)],[1],[0],[0],[1.7754109000088647],[None],DHM,1,2025-09-30_18h39.23.556,Visual search experiment,,2025.1.1,59.90255053,2025-09-30 18h39.31.980959 +0530
93,0,93,[np.float64(-0.3101851851851852)],[np.float64(0.23333333333333334)],[1],[0],[0],[1.2565530000138097],[None],93,0,93,0,206.1690861,,10,206.1598472,206.1690861,206.1690861,0.0244968,207.4165945,[np.float64(-0.3101851851851852)],[np.float64(0.23333333333333334)],[1],[0],[0],[1.2565530000138097],[None],DHM,1,2025-09-30_18h39.23.556,Visual search experiment,,2025.1.1,59.90255053,2025-09-30 18h39.31.980959 +0530
94,0,94,[np.float64(0.30648148148148147)],[np.float64(0.4388888888888889)],[1],[0],[0],[1.5798871000297368],['target'],94,0,94,0,207.4666335,,10,207.4517854,207.4666335,207.4666335,0.0350096,209.0318636,[np.float64(0.30648148148148147)],[np.float64(0.4388888888888889)],[1],[0],[0],[1.5798871000297368],['target'],DHM,1,2025-09-30_18h39.23.556,Visual search experiment,,2025.1.1,59.90255053,2025-09-30 18h39.31.980959 +0530
95,0,95,[np.float64(-0.03611111111111111)],[np.float64(0.05092592592592592)],[1],[0],[0],[4.728174899995793],['target'],95,0,95,0,209.0677279,,10,209.0544906,209.0677279,209.0677279,0.0224578,213.7827624,[np.float64(-0.03611111111111111)],[np.float64(0.05092592592592592)],[1],[0],[0],[4.728174899995793],['target'],DHM,1,2025-09-30_18h39.23.556,Visual search experiment,,2025.1.1,59.90255053,2025-09-30 18h39.31.980959 +0530
96,0,96,[np.float64(0.3416666666666667)],[np.float64(0.36203703703703705)],[1],[0],[0],[2.458189199969638],['target'],96,0,96,0,213.8182435,,10,213.8045602,213.8182435,213.8182435,0.0215678,216.2628779,[np.float64(0.3416666666666667)],[np.float64(0.36203703703703705)],[1],[0],[0],[2.458189199969638],['target'],DHM,1,2025-09-30_18h39.23.556,Visual search experiment,,2025.1.1,59.90255053,2025-09-30 18h39.31.980959 +0530
97,0,97,[np.float64(-0.36203703703703705)],[np.float64(0.23981481481481481)],[1],[0],[0],[2.3433429999859072],[None],97,0,97,0,216.3021426,,10,216.2836683,216.3021426,216.3021426,0.0205356,218.6270859,[np.float64(-0.36203703703703705)],[np.float64(0.23981481481481481)],[1],[0],[0],[2.3433429999859072],[None],DHM,1,2025-09-30_18h39.23.556,Visual search experiment,,2025.1.1,59.90255053,2025-09-30 18h39.31.980959 +0530
98,0,98,[np.float64(0.21851851851851853)],[np.float64(-0.1814814814814815)],[1],[0],[0],[1.8043833000119776],['target'],98,0,98,0,218.681433,,10,218.6672054,218.681433,218.681433,0.0399614,220.4716659,[np.float64(0.21851851851851853)],[np.float64(-0.1814814814814815)],[1],[0],[0],[1.8043833000119776],['target'],DHM,1,2025-09-30_18h39.23.556,Visual search experiment,,2025.1.1,59.90255053,2025-09-30 18h39.31.980959 +0530
99,0,99,[np.float64(-0.16574074074074074)],[np.float64(-0.05092592592592592)],[1],[0],[0],[1.3020487999892794],[None],99,0,99,0,220.4973087,,5,220.4899278,220.4973087,220.4973087,0.0180613,221.7922278,[np.float64(-0.16574074074074074)],[np.float64(-0.05092592592592592)],[1],[0],[0],[1.3020487999892794],[None],DHM,1,2025-09-30_18h39.23.556,Visual search experiment,,2025.1.1,59.90255053,2025-09-30 18h39.31.980959 +0530
100,0,100,[np.float64(0.22870370370370371)],[np.float64(-0.003703703703703704)],[1],[0],[0],[1.9704472000012174],['target'],100,0,100,0,221.8360498,,10,221.8169371,221.8360498,221.8360498,0.0243208,223.7875457,[np.float64(0.22870370370370371)],[np.float64(-0.003703703703703704)],[1],[0],[0],[1.9704472000012174],['target'],DHM,1,2025-09-30_18h39.23.556,Visual search experiment,,2025.1.1,59.90255053,2025-09-30 18h39.31.980959 +0530
101,0,101,[np.float64(0.062037037037037036)],[np.float64(-0.016666666666666666)],[1],[0],[0],[1.5050897999899462],['target'],101,0,101,0,223.8275388,,10,223.8136073,223.8275388,223.8275388,0.0257947,225.318783,[np.float64(0.062037037037037036)],[np.float64(-0.016666666666666666)],[1],[0],[0],[1.5050897999899462],['target'],DHM,1,2025-09-30_18h39.23.556,Visual search experiment,,2025.1.1,59.90255053,2025-09-30 18h39.31.980959 +0530
102,0,102,[np.float64(-0.25092592592592594)],[np.float64(-0.3731481481481482)],[1],[0],[0],[2.5733607000438496],['target'],102,0,102,0,225.3564103,,10,225.3417933,225.3564103,225.3564103,0.0228183,227.9152349,[np.float64(-0.25092592592592594)],[np.float64(-0.3731481481481482)],[1],[0],[0],[2.5733607000438496],['target'],DHM,1,2025-09-30_18h39.23.556,Visual search experiment,,2025.1.1,59.90255053,2025-09-30 18h39.31.980959 +0530
103,0,103,[np.float64(-0.07222222222222222)],[np.float64(-0.4888888888888889)],[1],[0],[0],[1.7923379000276327],[None],103,0,103,0,227.9334878,,5,227.9254305,227.9334878,227.9334878,0.0100195,229.7178942,[np.float64(-0.07222222222222222)],[np.float64(-0.4888888888888889)],[1],[0],[0],[1.7923379000276327],[None],DHM,1,2025-09-30_18h39.23.556,Visual search experiment,,2025.1.1,59.90255053,2025-09-30 18h39.31.980959 +0530
104,0,104,[np.float64(0.3074074074074074)],[np.float64(0.287962962962963)],[1],[0],[0],[2.2315781000070274],[None],104,0,104,0,229.7385338,,5,229.7334409,229.7385338,229.7385338,0.015281,231.9651187,[np.float64(0.3074074074074074)],[np.float64(0.287962962962963)],[1],[0],[0],[2.2315781000070274],[None],DHM,1,2025-09-30_18h39.23.556,Visual search experiment,,2025.1.1,59.90255053,2025-09-30 18h39.31.980959 +0530
105,0,105,[np.float64(0.29259259259259257)],[np.float64(0.13055555555555556)],[1],[0],[0],[1.5702644000411965],[None],105,0,105,0,231.9853202,,5,231.9777158,231.9853202,231.9853202,0.0123732,233.5481182,[np.float64(0.29259259259259257)],[np.float64(0.13055555555555556)],[1],[0],[0],[1.5702644000411965],[None],DHM,1,2025-09-30_18h39.23.556,Visual search experiment,,2025.1.1,59.90255053,2025-09-30 18h39.31.980959 +0530
106,0,106,[np.float64(0.29259259259259257)],[np.float64(0.13055555555555556)],[1],[0],[0],[0.4323051000246778],[None],106,0,106,0,233.5733954,,5,233.562409,233.5733954,233.5733954,0.0140192,233.994786,[np.float64(0.29259259259259257)],[np.float64(0.13055555555555556)],[1],[0],[0],[0.4323051000246778],[None],DHM,1,2025-09-30_18h39.23.556,Visual search experiment,,2025.1.1,59.90255053,2025-09-30 18h39.31.980959 +0530
107,0,107,[np.float64(0.29259259259259257)],[np.float64(0.13055555555555556)],[1],[0],[0],[0.4515328999841586],[None],107,0,107,0,234.0166552,,5,234.008853,234.0166552,234.0166552,0.0138896,234.460515,[np.float64(0.29259259259259257)],[np.float64(0.13055555555555556)],[1],[0],[0],[0.4515328999841586],[None],DHM,1,2025-09-30_18h39.23.556,Visual search experiment,,2025.1.1,59.90255053,2025-09-30 18h39.31.980959 +0530
108,0,108,[np.float64(0.29259259259259257)],[np.float64(0.13055555555555556)],[1],[0],[0],[0.4204104000236839],[None],108,0,108,0,234.498818,,10,234.4905629,234.498818,234.498818,0.0298465,234.9110746,[np.float64(0.29259259259259257)],[np.float64(0.13055555555555556)],[1],[0],[0],[0.4204104000236839],[None],DHM,1,2025-09-30_18h39.23.556,Visual search experiment,,2025.1.1,59.90255053,2025-09-30 18h39.31.980959 +0530
109,0,109,[np.float64(0.29259259259259257)],[np.float64(0.13055555555555556)],[1],[0],[0],[0.5384992000181228],[None],109,0,109,0,234.9353904,,5,234.9245404,234.9353904,234.9353904,0.0132365,235.463223,[np.float64(0.29259259259259257)],[np.float64(0.13055555555555556)],[1],[0],[0],[0.5384992000181228],[None],DHM,1,2025-09-30_18h39.23.556,Visual search experiment,,2025.1.1,59.90255053,2025-09-30 18h39.31.980959 +0530
110,0,110,[np.float64(0.29259259259259257)],[np.float64(0.13055555555555556)],[1],[0],[0],[1.3173493000213057],[None],110,0,110,0,235.5086661,,10,235.49167,235.5086661,235.5086661,0.0280605,236.8091452,[np.float64(0.29259259259259257)],[np.float64(0.13055555555555556)],[1],[0],[0],[1.3173493000213057],[None],DHM,1,2025-09-30_18h39.23.556,Visual search experiment,,2025.1.1,59.90255053,2025-09-30 18h39.31.980959 +0530
111,0,111,[np.float64(-0.1574074074074074)],[np.float64(0.5)],[1],[0],[0],[1.7604264999972656],[None],111,0,111,0,236.8627281,,10,236.8469734,236.8627281,236.8627281,0.0375559,238.6074561,[np.float64(-0.1574074074074074)],[np.float64(0.5)],[1],[0],[0],[1.7604264999972656],[None],DHM,1,2025-09-30_18h39.23.556,Visual search experiment,,2025.1.1,59.90255053,2025-09-30 18h39.31.980959 +0530
112,0,112,[np.float64(0.4537037037037037)],[np.float64(0.35185185185185186)],[1],[0],[0],[1.9624407999799587],[None],112,0,112,0,238.6371614,,10,238.6282851,238.6371614,238.6371614,0.0207087,240.5908066,[np.float64(0.4537037037037037)],[np.float64(0.35185185185185186)],[1],[0],[0],[1.9624407999799587],[None],DHM,1,2025-09-30_18h39.23.556,Visual search experiment,,2025.1.1,59.90255053,2025-09-30 18h39.31.980959 +0530
113,0,113,[np.float64(-0.12129629629629629)],[np.float64(0.04814814814814815)],[1],[0],[0],[0.9083406999707222],[None],113,0,113,0,240.6208366,,10,240.6123189,240.6208366,240.6208366,0.0213625,241.5207943,[np.float64(-0.12129629629629629)],[np.float64(0.04814814814814815)],[1],[0],[0],[0.9083406999707222],[None],DHM,1,2025-09-30_18h39.23.556,Visual search experiment,,2025.1.1,59.90255053,2025-09-30 18h39.31.980959 +0530
114,0,114,[np.float64(-0.12129629629629629)],[np.float64(0.04814814814814815)],[1],[0],[0],[0.26733070000773296],[None],114,0,114,0,241.5457395,,10,241.5385369,241.5457395,241.5457395,0.0175521,241.8059318,[np.float64(-0.12129629629629629)],[np.float64(0.04814814814814815)],[1],[0],[0],[0.26733070000773296],[None],DHM,1,2025-09-30_18h39.23.556,Visual search experiment,,2025.1.1,59.90255053,2025-09-30 18h39.31.980959 +0530
115,0,115,[np.float64(-0.12129629629629629)],[np.float64(0.04814814814814815)],[1],[0],[0],[0.15840130002470687],[None],115,0,115,0,241.8444886,,10,241.8290274,241.8444886,241.8444886,0.0229074,241.9874924,[np.float64(-0.12129629629629629)],[np.float64(0.04814814814814815)],[1],[0],[0],[0.15840130002470687],[None],DHM,1,2025-09-30_18h39.23.556,Visual search experiment,,2025.1.1,59.90255053,2025-09-30 18h39.31.980959 +0530
116,0,116,[np.float64(-0.12129629629629629)],[np.float64(0.04814814814814815)],[1],[0],[0],[0.1554617999936454],[None],116,0,116,0,242.0062295,,5,241.9986974,242.0062295,242.0062295,0.0110796,242.1542814,[np.float64(-0.12129629629629629)],[np.float64(0.04814814814814815)],[1],[0],[0],[0.1554617999936454],[None],DHM,1,2025-09-30_18h39.23.556,Visual search experiment,,2025.1.1,59.90255053,2025-09-30 18h39.31.980959 +0530
117,0,117,[np.float64(-0.12129629629629629)],[np.float64(0.04814814814814815)],[1],[0],[0],[0.15531310002552345],[None],117,0,117,0,242.1774675,,5,242.1666891,242.1774675,242.1774675,0.0121949,242.3221266,[np.float64(-0.12129629629629629)],[np.float64(0.04814814814814815)],[1],[0],[0],[0.15531310002552345],[None],DHM,1,2025-09-30_18h39.23.556,Visual search experiment,,2025.1.1,59.90255053,2025-09-30 18h39.31.980959 +0530
118,0,118,[np.float64(-0.12129629629629629)],[np.float64(0.04814814814814815)],[1],[0],[0],[0.17509929998777807],[None],118,0,118,0,242.36404,,10,242.3453835,242.36404,242.36404,0.0229517,242.520579,[np.float64(-0.12129629629629629)],[np.float64(0.04814814814814815)],[1],[0],[0],[0.17509929998777807],[None],DHM,1,2025-09-30_18h39.23.556,Visual search experiment,,2025.1.1,59.90255053,2025-09-30 18h39.31.980959 +0530
119,0,119,[np.float64(-0.12129629629629629)],[np.float64(0.04814814814814815)],[1],[0],[0],[0.1918186999973841],[None],119,0,119,0,242.5621313,,10,242.5456123,242.5621313,242.5621313,0.0248593,242.7375589,[np.float64(-0.12129629629629629)],[np.float64(0.04814814814814815)],[1],[0],[0],[0.1918186999973841],[None],DHM,1,2025-09-30_18h39.23.556,Visual search experiment,,2025.1.1,59.90255053,2025-09-30 18h39.31.980959 +0530
120,0,120,[np.float64(-0.12129629629629629)],[np.float64(0.04814814814814815)],[1],[0],[0],[0.16962729999795556],[None],120,0,120,0,242.7597662,,5,242.7501866,242.7597662,242.7597662,0.0123381,242.9200015,[np.float64(-0.12129629629629629)],[np.float64(0.04814814814814815)],[1],[0],[0],[0.16962729999795556],[None],DHM,1,2025-09-30_18h39.23.556,Visual search experiment,,2025.1.1,59.90255053,2025-09-30 18h39.31.980959 +0530
121,0,121,[np.float64(-0.12129629629629629)],[np.float64(0.04814814814814815)],[1],[0],[0],[0.17648050002753735],[None],121,0,121,0,242.9669296,,10,242.9467909,242.9669296,242.9669296,0.0266841,243.1233311,[np.float64(-0.12129629629629629)],[np.float64(0.04814814814814815)],[1],[0],[0],[0.17648050002753735],[None],DHM,1,2025-09-30_18h39.23.556,Visual search experiment,,2025.1.1,59.90255053,2025-09-30 18h39.31.980959 +0530
122,0,122,[np.float64(-0.12129629629629629)],[np.float64(0.04814814814814815)],[1],[0],[0],[0.15118349995464087],[None],122,0,122,0,243.1649116,,10,243.1515267,243.1649116,243.1649116,0.028081,243.3027793,[np.float64(-0.12129629629629629)],[np.float64(0.04814814814814815)],[1],[0],[0],[0.15118349995464087],[None],DHM,1,2025-09-30_18h39.23.556,Visual search experiment,,2025.1.1,59.90255053,2025-09-30 18h39.31.980959 +0530
123,0,123,[np.float64(-0.12129629629629629)],[np.float64(0.04814814814814815)],[1],[0],[0],[0.20372609997866675],[None],123,0,123,0,243.3246525,,5,243.3151308,243.3246525,243.3246525,0.0122221,243.5189778,[np.float64(-0.12129629629629629)],[np.float64(0.04814814814814815)],[1],[0],[0],[0.20372609997866675],[None],DHM,1,2025-09-30_18h39.23.556,Visual search experiment,,2025.1.1,59.90255053,2025-09-30 18h39.31.980959 +0530
124,0,124,[np.float64(-0.12129629629629629)],[np.float64(0.04814814814814815)],[1],[0],[0],[0.18626989994663745],[None],124,0,124,0,243.5465846,,5,243.5344641,243.5465846,243.5465846,0.0153807,243.7208982,[np.float64(-0.12129629629629629)],[np.float64(0.04814814814814815)],[1],[0],[0],[0.18626989994663745],[None],DHM,1,2025-09-30_18h39.23.556,Visual search experiment,,2025.1.1,59.90255053,2025-09-30 18h39.31.980959 +0530
125,0,125,[np.float64(-0.12129629629629629)],[np.float64(0.04814814814814815)],[1],[0],[0],[0.19750399998156354],[None],125,0,125,0,243.7462166,,5,243.738053,243.7462166,243.7462166,0.0168086,243.9356254,[np.float64(-0.12129629629629629)],[np.float64(0.04814814814814815)],[1],[0],[0],[0.19750399998156354],[None],DHM,1,2025-09-30_18h39.23.556,Visual search experiment,,2025.1.1,59.90255053,2025-09-30 18h39.31.980959 +0530
126,0,126,[np.float64(-0.12129629629629629)],[np.float64(0.04814814814814815)],[1],[0],[0],[0.20272429997567087],[None],126,0,126,0,243.9553824,,5,243.9489067,243.9553824,243.9553824,0.0131774,244.1517296,[np.float64(-0.12129629629629629)],[np.float64(0.04814814814814815)],[1],[0],[0],[0.20272429997567087],[None],DHM,1,2025-09-30_18h39.23.556,Visual search experiment,,2025.1.1,59.90255053,2025-09-30 18h39.31.980959 +0530
127,0,127,[np.float64(-0.12129629629629629)],[np.float64(0.04814814814814815)],[1],[0],[0],[0.18264789995737374],[None],127,0,127,0,244.1879002,,10,244.1693259,244.1879002,244.1879002,0.0174732,244.352079,[np.float64(-0.12129629629629629)],[np.float64(0.04814814814814815)],[1],[0],[0],[0.18264789995737374],[None],DHM,1,2025-09-30_18h39.23.556,Visual search experiment,,2025.1.1,59.90255053,2025-09-30 18h39.31.980959 +0530
128,0,128,[np.float64(-0.12129629629629629)],[np.float64(0.04814814814814815)],[1],[0],[0],[0.17774969997117296],[None],128,0,128,0,244.3872842,,10,244.3749729,244.3872842,244.3872842,0.0227101,244.5528218,[np.float64(-0.12129629629629629)],[np.float64(0.04814814814814815)],[1],[0],[0],[0.17774969997117296],[None],DHM,1,2025-09-30_18h39.23.556,Visual search experiment,,2025.1.1,59.90255053,2025-09-30 18h39.31.980959 +0530
129,0,129,[np.float64(-0.12129629629629629)],[np.float64(0.04814814814814815)],[1],[0],[0],[0.2676913000177592],[None],129,0,129,0,244.5776998,,5,244.5697677,244.5776998,244.5776998,0.016726,244.8375833,[np.float64(-0.12129629629629629)],[np.float64(0.04814814814814815)],[1],[0],[0],[0.2676913000177592],[None],DHM,1,2025-09-30_18h39.23.556,Visual search experiment,,2025.1.1,59.90255053,2025-09-30 18h39.31.980959 +0530
130,0,130,[np.float64(-0.12129629629629629)],[np.float64(0.04814814814814815)],[1],[0],[0],[0.47534689999883994],[None],130,0,130,0,244.8775085,,10,244.8592357,244.8775085,244.8775085,0.0214342,245.3347615,[np.float64(-0.12129629629629629)],[np.float64(0.04814814814814815)],[1],[0],[0],[0.47534689999883994],[None],DHM,1,2025-09-30_18h39.23.556,Visual search experiment,,2025.1.1,59.90255053,2025-09-30 18h39.31.980959 +0530
131,0,131,[np.float64(-0.12129629629629629)],[np.float64(0.04814814814814815)],[1],[0],[0],[0.9907527000177652],[None],131,0,131,0,245.3706087,,5,245.3615327,245.3706087,245.3706087,0.0263921,246.352386,[np.float64(-0.12129629629629629)],[np.float64(0.04814814814814815)],[1],[0],[0],[0.9907527000177652],[None],DHM,1,2025-09-30_18h39.23.556,Visual search experiment,,2025.1.1,59.90255053,2025-09-30 18h39.31.980959 +0530
132,0,132,[np.float64(-0.12129629629629629)],[np.float64(0.04814814814814815)],[1],[0],[0],[2.3672837000340223],[None],132,0,132,0,246.3907512,,10,246.382333,246.3907512,246.3907512,0.0297033,248.7497508,[np.float64(-0.12129629629629629)],[np.float64(0.04814814814814815)],[1],[0],[0],[2.3672837000340223],[None],DHM,1,2025-09-30_18h39.23.556,Visual search experiment,,2025.1.1,59.90255053,2025-09-30 18h39.31.980959 +0530
133,0,133,[np.float64(-0.12129629629629629)],[np.float64(0.04814814814814815)],[1],[0],[0],[0.6507065999903716],[None],133,0,133,0,248.7722355,,5,248.7660774,248.7722355,248.7722355,0.0159447,249.4169432,[np.float64(-0.12129629629629629)],[np.float64(0.04814814814814815)],[1],[0],[0],[0.6507065999903716],[None],DHM,1,2025-09-30_18h39.23.556,Visual search experiment,,2025.1.1,59.90255053,2025-09-30 18h39.31.980959 +0530
134,0,134,[np.float64(-0.12129629629629629)],[np.float64(0.04814814814814815)],[1],[0],[0],[0.3907578000216745],[None],134,0,134,0,249.4540792,,10,249.4409485,249.4540792,249.4540792,0.0236709,249.8317689,[np.float64(-0.12129629629629629)],[np.float64(0.04814814814814815)],[1],[0],[0],[0.3907578000216745],[None],DHM,1,2025-09-30_18h39.23.556,Visual search experiment,,2025.1.1,59.90255053,2025-09-30 18h39.31.980959 +0530
135,0,135,[np.float64(-0.12129629629629629)],[np.float64(0.04814814814814815)],[1],[0],[0],[0.2968906000023708],[None],135,0,135,0,249.8624799,,10,249.8520127,249.8624799,249.8624799,0.0201202,250.1490297,[np.float64(-0.12129629629629629)],[np.float64(0.04814814814814815)],[1],[0],[0],[0.2968906000023708],[None],DHM,1,2025-09-30_18h39.23.556,Visual search experiment,,2025.1.1,59.90255053,2025-09-30 18h39.31.980959 +0530
136,0,136,[np.float64(-0.12129629629629629)],[np.float64(0.04814814814814815)],[1],[0],[0],[0.23319250001804903],[None],136,0,136,0,250.170921,,5,250.1648819,250.170921,250.170921,0.0155413,250.3981675,[np.float64(-0.12129629629629629)],[np.float64(0.04814814814814815)],[1],[0],[0],[0.23319250001804903],[None],DHM,1,2025-09-30_18h39.23.556,Visual search experiment,,2025.1.1,59.90255053,2025-09-30 18h39.31.980959 +0530
137,0,137,[np.float64(-0.12129629629629629)],[np.float64(0.04814814814814815)],[1],[0],[0],[0.24270040000556037],[None],137,0,137,0,250.4333379,,10,250.4213593,250.4333379,250.4333379,0.0230423,250.6641472,[np.float64(-0.12129629629629629)],[np.float64(0.04814814814814815)],[1],[0],[0],[0.24270040000556037],[None],DHM,1,2025-09-30_18h39.23.556,Visual search experiment,,2025.1.1,59.90255053,2025-09-30 18h39.31.980959 +0530
138,0,138,[np.float64(-0.12129629629629629)],[np.float64(0.04814814814814815)],[1],[0],[0],[0.4369554999866523],[None],138,0,138,0,250.7017809,,10,250.6933778,250.7017809,250.7017809,0.0290897,251.1304152,[np.float64(-0.12129629629629629)],[np.float64(0.04814814814814815)],[1],[0],[0],[0.4369554999866523],[None],DHM,1,2025-09-30_18h39.23.556,Visual search experiment,,2025.1.1,59.90255053,2025-09-30 18h39.31.980959 +0530
139,0,139,[np.float64(-0.12129629629629629)],[np.float64(0.04814814814814815)],[1],[0],[0],[0.4849787999992259],[None],139,0,139,0,251.1543963,,5,251.1455012,251.1543963,251.1543963,0.0149113,251.630583,[np.float64(-0.12129629629629629)],[np.float64(0.04814814814814815)],[1],[0],[0],[0.4849787999992259],[None],DHM,1,2025-09-30_18h39.23.556,Visual search experiment,,2025.1.1,59.90255053,2025-09-30 18h39.31.980959 +0530
140,0,140,[np.float64(-0.12129629629629629)],[np.float64(0.04814814814814815)],[1],[0],[0],[0.47148579999338835],[None],140,0,140,0,251.6697539,,10,251.6589757,251.6697539,251.6697539,0.0280811,252.1305913,[np.float64(-0.12129629629629629)],[np.float64(0.04814814814814815)],[1],[0],[0],[0.47148579999338835],[None],DHM,1,2025-09-30_18h39.23.556,Visual search experiment,,2025.1.1,59.90255053,2025-09-30 18h39.31.980959 +0530
141,0,141,[np.float64(-0.12129629629629629)],[np.float64(0.04814814814814815)],[1],[0],[0],[0.42845770000712946],[None],141,0,141,0,252.1732385,,10,252.1527101,252.1732385,252.1732385,0.0218116,252.5813042,[np.float64(-0.12129629629629629)],[np.float64(0.04814814814814815)],[1],[0],[0],[0.42845770000712946],[None],DHM,1,2025-09-30_18h39.23.556,Visual search experiment,,2025.1.1,59.90255053,2025-09-30 18h39.31.980959 +0530
142,0,142,[np.float64(-0.12129629629629629)],[np.float64(0.04814814814814815)],[1],[0],[0],[0.30693439999595284],[None],142,0,142,0,252.6183283,,10,252.6051968,252.6183283,252.6183283,0.0235847,252.912237,[np.float64(-0.12129629629629629)],[np.float64(0.04814814814814815)],[1],[0],[0],[0.30693439999595284],[None],DHM,1,2025-09-30_18h39.23.556,Visual search experiment,,2025.1.1,59.90255053,2025-09-30 18h39.31.980959 +0530
143,0,143,[np.float64(-0.12129629629629629)],[np.float64(0.04814814814814815)],[1],[0],[0],[0.33118620002642274],[None],143,0,143,0,252.9404833,,5,252.9300043,252.9404833,252.9404833,0.017547,253.2612443,[np.float64(-0.12129629629629629)],[np.float64(0.04814814814814815)],[1],[0],[0],[0.33118620002642274],[None],DHM,1,2025-09-30_18h39.23.556,Visual search experiment,,2025.1.1,59.90255053,2025-09-30 18h39.31.980959 +0530
144,0,144,[np.float64(-0.12129629629629629)],[np.float64(0.04814814814814815)],[1],[0],[0],[0.17951599997468293],[None],144,0,144,0,253.3006918,,10,253.2821599,253.3006918,253.3006918,0.0208119,253.4617942,[np.float64(-0.12129629629629629)],[np.float64(0.04814814814814815)],[1],[0],[0],[0.17951599997468293],[None],DHM,1,2025-09-30_18h39.23.556,Visual search experiment,,2025.1.1,59.90255053,2025-09-30 18h39.31.980959 +0530
145,0,145,[np.float64(-0.12129629629629629)],[np.float64(0.04814814814814815)],[1],[0],[0],[0.23434219998307526],[None],145,0,145,0,253.4859798,,5,253.4773572,253.4859798,253.4859798,0.0152731,253.7118085,[np.float64(-0.12129629629629629)],[np.float64(0.04814814814814815)],[1],[0],[0],[0.23434219998307526],[None],DHM,1,2025-09-30_18h39.23.556,Visual search experiment,,2025.1.1,59.90255053,2025-09-30 18h39.31.980959 +0530
146,0,146,[np.float64(-0.12129629629629629)],[np.float64(0.04814814814814815)],[1],[0],[0],[0.27846619999036193],[None],146,0,146,0,253.7442897,,10,253.7349544,253.7442897,253.7442897,0.0229427,254.0135374,[np.float64(-0.12129629629629629)],[np.float64(0.04814814814814815)],[1],[0],[0],[0.27846619999036193],[None],DHM,1,2025-09-30_18h39.23.556,Visual search experiment,,2025.1.1,59.90255053,2025-09-30 18h39.31.980959 +0530
147,0,147,[np.float64(-0.12129629629629629)],[np.float64(0.04814814814814815)],[1],[0],[0],[0.2757287000422366],[None],147,0,147,0,254.0511728,,10,254.0353927,254.0511728,254.0511728,0.0215736,254.3111984,[np.float64(-0.12129629629629629)],[np.float64(0.04814814814814815)],[1],[0],[0],[0.2757287000422366],[None],DHM,1,2025-09-30_18h39.23.556,Visual search experiment,,2025.1.1,59.90255053,2025-09-30 18h39.31.980959 +0530
148,0,148,[np.float64(-0.12129629629629629)],[np.float64(0.04814814814814815)],[1],[0],[0],[0.5218614999903366],[None],148,0,148,0,254.3306103,,5,254.3232988,254.3306103,254.3306103,0.0119772,254.8452201,[np.float64(-0.12129629629629629)],[np.float64(0.04814814814814815)],[1],[0],[0],[0.5218614999903366],[None],DHM,1,2025-09-30_18h39.23.556,Visual search experiment,,2025.1.1,59.90255053,2025-09-30 18h39.31.980959 +0530
149,0,149,[np.float64(-0.06018518518518518)],[np.float64(0.10648148148148148)],[1],[0],[0],[1.319569700048305],[None],149,0,149,0,254.868539,,5,254.8567712,254.868539,254.868539,0.0114597,256.1764559,[np.float64(-0.06018518518518518)],[np.float64(0.10648148148148148)],[1],[0],[0],[1.319569700048305],[None],DHM,1,2025-09-30_18h39.23.556,Visual search experiment,,2025.1.1,59.90255053,2025-09-30 18h39.31.980959 +0530
150,0,150,[np.float64(-0.06018518518518518)],[np.float64(0.10648148148148148)],[1],[0],[0],[0.3010863999952562],[None],150,0,150,0,256.2181338,,10,256.2096885,256.2181338,256.2181338,0.0330364,256.5108687,[np.float64(-0.06018518518518518)],[np.float64(0.10648148148148148)],[1],[0],[0],[0.3010863999952562],[None],DHM,1,2025-09-30_18h39.23.556,Visual search experiment,,2025.1.1,59.90255053,2025-09-30 18h39.31.980959 +0530
151,0,151,[np.float64(0.1175925925925926)],[np.float64(-0.32592592592592595)],[1],[0],[0],[0.8376408999902196],[None],151,0,151,0,256.5324674,,5,256.5243941,256.5324674,256.5324674,0.0133084,257.3620943,[np.float64(0.1175925925925926)],[np.float64(-0.32592592592592595)],[1],[0],[0],[0.8376408999902196],[None],DHM,1,2025-09-30_18h39.23.556,Visual search experiment,,2025.1.1,59.90255053,2025-09-30 18h39.31.980959 +0530
152,0,152,[np.float64(-0.007407407407407408)],[np.float64(0.24259259259259258)],[1],[0],[0],[0.7496026000007987],[None],152,0,152,0,257.38094,,5,257.3738325,257.38094,257.38094,0.0116849,258.1234977,[np.float64(-0.007407407407407408)],[np.float64(0.24259259259259258)],[1],[0],[0],[0.7496026000007987],[None],DHM,1,2025-09-30_18h39.23.556,Visual search experiment,,2025.1.1,59.90255053,2025-09-30 18h39.31.980959 +0530
153,0,153,[np.float64(-0.36666666666666664)],[np.float64(0.20925925925925926)],[1],[0],[0],[0.6905149999656714],[None],153,0,153,0,258.1427995,,5,258.1323254,258.1427995,258.1427995,0.0087495,258.8229006,[np.float64(-0.36666666666666664)],[np.float64(0.20925925925925926)],[1],[0],[0],[0.6905149999656714],[None],DHM,1,2025-09-30_18h39.23.556,Visual search experiment,,2025.1.1,59.90255053,2025-09-30 18h39.31.980959 +0530
154,0,154,[np.float64(-0.36666666666666664)],[np.float64(0.20925925925925926)],[1],[0],[0],[0.31501989997923374],[None],154,0,154,0,258.8501192,,10,258.8410886,258.8501192,258.8501192,0.0180945,259.1561706,[np.float64(-0.36666666666666664)],[np.float64(0.20925925925925926)],[1],[0],[0],[0.31501989997923374],[None],DHM,1,2025-09-30_18h39.23.556,Visual search experiment,,2025.1.1,59.90255053,2025-09-30 18h39.31.980959 +0530
155,0,155,[np.float64(0.014814814814814815)],[np.float64(0.20925925925925926)],[1],[0],[0],[0.8988958999980241],[None],155,0,155,0,259.1887114,,10,259.1732778,259.1887114,259.1887114,0.0169934,260.07226,[np.float64(0.014814814814814815)],[np.float64(0.20925925925925926)],[1],[0],[0],[0.8988958999980241],[None],DHM,1,2025-09-30_18h39.23.556,Visual search experiment,,2025.1.1,59.90255053,2025-09-30 18h39.31.980959 +0530
156,0,156,[np.float64(0.43796296296296294)],[np.float64(0.3055555555555556)],[1],[0],[0],[0.7414753999910317],[None],156,0,156,0,260.0882752,,5,260.0818783,260.0882752,260.0882752,0.009448,260.8234316,[np.float64(0.43796296296296294)],[np.float64(0.3055555555555556)],[1],[0],[0],[0.7414753999910317],[None],DHM,1,2025-09-30_18h39.23.556,Visual search experiment,,2025.1.1,59.90255053,2025-09-30 18h39.31.980959 +0530
157,0,157,[np.float64(0.16666666666666666)],[np.float64(0.1824074074074074)],[1],[0],[0],[0.7096500000334345],[None],157,0,157,0,260.8595483,,10,260.8454392,260.8595483,260.8595483,0.0218672,261.5552048,[np.float64(0.16666666666666666)],[np.float64(0.1824074074074074)],[1],[0],[0],[0.7096500000334345],[None],DHM,1,2025-09-30_18h39.23.556,Visual search experiment,,2025.1.1,59.90255053,2025-09-30 18h39.31.980959 +0530
158,0,158,[np.float64(-0.13796296296296295)],[np.float64(0.2537037037037037)],[1],[0],[0],[0.682814999949187],[None],158,0,158,0,261.5809817,,5,261.5727097,261.5809817,261.5809817,0.0172696,262.2556401,[np.float64(-0.13796296296296295)],[np.float64(0.2537037037037037)],[1],[0],[0],[0.682814999949187],[None],DHM,1,2025-09-30_18h39.23.556,Visual search experiment,,2025.1.1,59.90255053,2025-09-30 18h39.31.980959 +0530
159,0,159,[np.float64(-0.13796296296296295)],[np.float64(0.2537037037037037)],[1],[0],[0],[0.3674524000380188],[None],159,0,159,0,262.2788772,,5,262.27059,262.2788772,262.2788772,0.0147537,262.6381333,[np.float64(-0.13796296296296295)],[np.float64(0.2537037037037037)],[1],[0],[0],[0.3674524000380188],[None],DHM,1,2025-09-30_18h39.23.556,Visual search experiment,,2025.1.1,59.90255053,2025-09-30 18h39.31.980959 +0530
160,0,160,[np.float64(-0.26296296296296295)],[np.float64(-0.011111111111111112)],[1],[0],[0],[0.8980657999636605],[None],160,0,160,0,262.6629858,,5,262.6541609,262.6629858,262.6629858,0.0157907,263.5522666,[np.float64(-0.26296296296296295)],[np.float64(-0.011111111111111112)],[1],[0],[0],[0.8980657999636605],[None],DHM,1,2025-09-30_18h39.23.556,Visual search experiment,,2025.1.1,59.90255053,2025-09-30 18h39.31.980959 +0530
161,0,161,[np.float64(-0.26296296296296295)],[np.float64(-0.011111111111111112)],[1],[0],[0],[0.32644679996883497],[None],161,0,161,0,263.5684471,,5,263.560727,263.5684471,263.5684471,0.008385,263.8872999,[np.float64(-0.26296296296296295)],[np.float64(-0.011111111111111112)],[1],[0],[0],[0.32644679996883497],[None],DHM,1,2025-09-30_18h39.23.556,Visual search experiment,,2025.1.1,59.90255053,2025-09-30 18h39.31.980959 +0530
162,0,162,[np.float64(-0.1287037037037037)],[np.float64(0.275)],[1],[0],[0],[0.9562635999755003],[None],162,0,162,0,263.927509,,10,263.9134932,263.927509,263.927509,0.0259559,264.8698767,[np.float64(-0.1287037037037037)],[np.float64(0.275)],[1],[0],[0],[0.9562635999755003],[None],DHM,1,2025-09-30_18h39.23.556,Visual search experiment,,2025.1.1,59.90255053,2025-09-30 18h39.31.980959 +0530
163,0,163,[np.float64(-0.1287037037037037)],[np.float64(0.275)],[1],[0],[0],[0.34092289995169267],[None],163,0,163,0,264.8875526,,5,264.881274,264.8875526,264.8875526,0.0111525,265.2223381,[np.float64(-0.1287037037037037)],[np.float64(0.275)],[1],[0],[0],[0.34092289995169267],[None],DHM,1,2025-09-30_18h39.23.556,Visual search experiment,,2025.1.1,59.90255053,2025-09-30 18h39.31.980959 +0530
164,0,164,[np.float64(-0.1287037037037037)],[np.float64(0.275)],[1],[0],[0],[0.1472539000096731],[None],164,0,164,0,265.2473413,,5,265.2382893,265.2473413,265.2473413,0.0156889,265.385688,[np.float64(-0.1287037037037037)],[np.float64(0.275)],[1],[0],[0],[0.1472539000096731],[None],DHM,1,2025-09-30_18h39.23.556,Visual search experiment,,2025.1.1,59.90255053,2025-09-30 18h39.31.980959 +0530
165,0,165,[np.float64(-0.1287037037037037)],[np.float64(0.275)],[1],[0],[0],[0.16355800000019372],[None],165,0,165,0,265.411534,,5,265.4044118,265.411534,265.411534,0.0185223,265.5680843,[np.float64(-0.1287037037037037)],[np.float64(0.275)],[1],[0],[0],[0.16355800000019372],[None],DHM,1,2025-09-30_18h39.23.556,Visual search experiment,,2025.1.1,59.90255053,2025-09-30 18h39.31.980959 +0530
166,0,166,[np.float64(-0.1287037037037037)],[np.float64(0.275)],[1],[0],[0],[0.21797669999068603],[None],166,0,166,0,265.5899324,,5,265.5846503,265.5899324,265.5899324,0.0163832,265.802695,[np.float64(-0.1287037037037037)],[np.float64(0.275)],[1],[0],[0],[0.21797669999068603],[None],DHM,1,2025-09-30_18h39.23.556,Visual search experiment,,2025.1.1,59.90255053,2025-09-30 18h39.31.980959 +0530
167,0,167,[np.float64(-0.1287037037037037)],[np.float64(0.275)],[1],[0],[0],[0.2628643999923952],[None],167,0,167,0,265.830129,,10,265.8215753,265.830129,265.830129,0.0187823,266.084553,[np.float64(-0.1287037037037037)],[np.float64(0.275)],[1],[0],[0],[0.2628643999923952],[None],DHM,1,2025-09-30_18h39.23.556,Visual search experiment,,2025.1.1,59.90255053,2025-09-30 18h39.31.980959 +0530
168,0,168,[np.float64(0.28425925925925927)],[np.float64(0.13240740740740742)],[1],[0],[0],[0.8583116999943741],[None],168,0,168,0,266.119871,,10,266.1091183,266.119871,266.119871,0.0243546,266.9675715,[np.float64(0.28425925925925927)],[np.float64(0.13240740740740742)],[1],[0],[0],[0.8583116999943741],[None],DHM,1,2025-09-30_18h39.23.556,Visual search experiment,,2025.1.1,59.90255053,2025-09-30 18h39.31.980959 +0530
169,0,169,[np.float64(0.28425925925925927)],[np.float64(0.13240740740740742)],[1],[0],[0],[0.2986378999776207],[None],169,0,169,0,267.0149034,,10,267.0041827,267.0149034,267.0149034,0.0362962,267.3029547,[np.float64(0.28425925925925927)],[np.float64(0.13240740740740742)],[1],[0],[0],[0.2986378999776207],[None],DHM,1,2025-09-30_18h39.23.556,Visual search experiment,,2025.1.1,59.90255053,2025-09-30 18h39.31.980959 +0530
170,0,170,[np.float64(0.28425925925925927)],[np.float64(0.13240740740740742)],[1],[0],[0],[0.21436879999237135],[None],170,0,170,0,267.3269594,,5,267.3187398,267.3269594,267.3269594,0.0154829,267.533177,[np.float64(0.28425925925925927)],[np.float64(0.13240740740740742)],[1],[0],[0],[0.21436879999237135],[None],DHM,1,2025-09-30_18h39.23.556,Visual search experiment,,2025.1.1,59.90255053,2025-09-30 18h39.31.980959 +0530
171,0,171,[np.float64(0.28425925925925927)],[np.float64(0.13240740740740742)],[1],[0],[0],[0.23721390002174303],[None],171,0,171,0,267.5540543,,5,267.5469879,267.5540543,267.5540543,0.0137011,267.7843312,[np.float64(0.28425925925925927)],[np.float64(0.13240740740740742)],[1],[0],[0],[0.23721390002174303],[None],DHM,1,2025-09-30_18h39.23.556,Visual search experiment,,2025.1.1,59.90255053,2025-09-30 18h39.31.980959 +0530
172,0,172,[np.float64(0.28425925925925927)],[np.float64(0.13240740740740742)],[1],[0],[0],[0.20308619999559596],[None],172,0,172,0,267.8078779,,5,267.8007009,267.8078779,267.8078779,0.0161309,268.0038716,[np.float64(0.28425925925925927)],[np.float64(0.13240740740740742)],[1],[0],[0],[0.20308619999559596],[None],DHM,1,2025-09-30_18h39.23.556,Visual search experiment,,2025.1.1,59.90255053,2025-09-30 18h39.31.980959 +0530
173,0,173,[np.float64(0.28425925925925927)],[np.float64(0.13240740740740742)],[1],[0],[0],[0.20492830005241558],[None],173,0,173,0,268.0396489,,10,268.0283219,268.0396489,268.0396489,0.0242907,268.2333234,[np.float64(0.28425925925925927)],[np.float64(0.13240740740740742)],[1],[0],[0],[0.20492830005241558],[None],DHM,1,2025-09-30_18h39.23.556,Visual search experiment,,2025.1.1,59.90255053,2025-09-30 18h39.31.980959 +0530
174,0,174,[np.float64(0.28425925925925927)],[np.float64(0.13240740740740742)],[1],[0],[0],[0.20029269997030497],[None],174,0,174,0,268.2566562,,5,268.2485695,268.2566562,268.2566562,0.0151337,268.4489519,[np.float64(0.28425925925925927)],[np.float64(0.13240740740740742)],[1],[0],[0],[0.20029269997030497],[None],DHM,1,2025-09-30_18h39.23.556,Visual search experiment,,2025.1.1,59.90255053,2025-09-30 18h39.31.980959 +0530
175,0,175,[np.float64(0.28425925925925927)],[np.float64(0.13240740740740742)],[1],[0],[0],[0.19498190004378557],[None],175,0,175,0,268.4896814,,10,268.4721975,268.4896814,268.4896814,0.023131,268.6673085,[np.float64(0.28425925925925927)],[np.float64(0.13240740740740742)],[1],[0],[0],[0.19498190004378557],[None],DHM,1,2025-09-30_18h39.23.556,Visual search experiment,,2025.1.1,59.90255053,2025-09-30 18h39.31.980959 +0530
176,0,176,[np.float64(0.28425925925925927)],[np.float64(0.13240740740740742)],[1],[0],[0],[0.17037740000523627],[None],176,0,176,0,268.705338,,10,268.6955821,268.705338,268.705338,0.0279668,268.8660474,[np.float64(0.28425925925925927)],[np.float64(0.13240740740740742)],[1],[0],[0],[0.17037740000523627],[None],DHM,1,2025-09-30_18h39.23.556,Visual search experiment,,2025.1.1,59.90255053,2025-09-30 18h39.31.980959 +0530
177,0,177,[np.float64(0.28425925925925927)],[np.float64(0.13240740740740742)],[1],[0],[0],[0.24162069999147207],[None],177,0,177,0,268.9038378,,10,268.8932528,268.9038378,268.9038378,0.0269377,269.1349881,[np.float64(0.28425925925925927)],[np.float64(0.13240740740740742)],[1],[0],[0],[0.24162069999147207],[None],DHM,1,2025-09-30_18h39.23.556,Visual search experiment,,2025.1.1,59.90255053,2025-09-30 18h39.31.980959 +0530
178,0,178,[np.float64(0.28425925925925927)],[np.float64(0.13240740740740742)],[1],[0],[0],[0.2023922000080347],[None],178,0,178,0,269.1752664,,10,269.1637116,269.1752664,269.1752664,0.0284887,269.3662372,[np.float64(0.28425925925925927)],[np.float64(0.13240740740740742)],[1],[0],[0],[0.2023922000080347],[None],DHM,1,2025-09-30_18h39.23.556,Visual search experiment,,2025.1.1,59.90255053,2025-09-30 18h39.31.980959 +0530
179,0,179,[np.float64(0.28425925925925927)],[np.float64(0.13240740740740742)],[1],[0],[0],[0.1993524999707006],[None],179,0,179,0,269.3901517,,5,269.3828515,269.3901517,269.3901517,0.0162804,269.5823369,[np.float64(0.28425925925925927)],[np.float64(0.13240740740740742)],[1],[0],[0],[0.1993524999707006],[None],DHM,1,2025-09-30_18h39.23.556,Visual search experiment,,2025.1.1,59.90255053,2025-09-30 18h39.31.980959 +0530
180,0,180,[np.float64(0.28425925925925927)],[np.float64(0.13240740740740742)],[1],[0],[0],[0.19380900001851842],[None],180,0,180,0,269.6123774,,5,269.6040719,269.6123774,269.6123774,0.0215536,269.7979793,[np.float64(0.28425925925925927)],[np.float64(0.13240740740740742)],[1],[0],[0],[0.19380900001851842],[None],DHM,1,2025-09-30_18h39.23.556,Visual search experiment,,2025.1.1,59.90255053,2025-09-30 18h39.31.980959 +0530
181,0,181,[np.float64(0.28425925925925927)],[np.float64(0.13240740740740742)],[1],[0],[0],[0.1818650999921374],[None],181,0,181,0,269.8431754,,10,269.8337158,269.8431754,269.8431754,0.0355497,270.0157025,[np.float64(0.28425925925925927)],[np.float64(0.13240740740740742)],[1],[0],[0],[0.1818650999921374],[None],DHM,1,2025-09-30_18h39.23.556,Visual search experiment,,2025.1.1,59.90255053,2025-09-30 18h39.31.980959 +0530
182,0,182,[np.float64(0.28425925925925927)],[np.float64(0.13240740740740742)],[1],[0],[0],[0.1543318000040017],[None],182,0,182,0,270.0541317,,5,270.0437807,270.0541317,270.0541317,0.0279443,270.1982143,[np.float64(0.28425925925925927)],[np.float64(0.13240740740740742)],[1],[0],[0],[0.1543318000040017],[None],DHM,1,2025-09-30_18h39.23.556,Visual search experiment,,2025.1.1,59.90255053,2025-09-30 18h39.31.980959 +0530
183,0,183,[np.float64(0.28425925925925927)],[np.float64(0.13240740740740742)],[1],[0],[0],[0.19503400003304705],[None],183,0,183,0,270.2302653,,5,270.2198119,270.2302653,270.2302653,0.0214035,270.4149616,[np.float64(0.28425925925925927)],[np.float64(0.13240740740740742)],[1],[0],[0],[0.19503400003304705],[None],DHM,1,2025-09-30_18h39.23.556,Visual search experiment,,2025.1.1,59.90255053,2025-09-30 18h39.31.980959 +0530
184,0,184,[np.float64(0.28425925925925927)],[np.float64(0.13240740740740742)],[1],[0],[0],[0.1337663999875076],[None],184,0,184,0,270.4799314,,10,270.463814,270.4799314,270.4799314,0.0487146,270.5976872,[np.float64(0.28425925925925927)],[np.float64(0.13240740740740742)],[1],[0],[0],[0.1337663999875076],[None],DHM,1,2025-09-30_18h39.23.556,Visual search experiment,,2025.1.1,59.90255053,2025-09-30 18h39.31.980959 +0530
185,0,185,[np.float64(0.28425925925925927)],[np.float64(0.13240740740740742)],[1],[0],[0],[0.18304480001097545],[None],185,0,185,0,270.6450344,,10,270.6323717,270.6450344,270.6450344,0.0344768,270.8155584,[np.float64(0.28425925925925927)],[np.float64(0.13240740740740742)],[1],[0],[0],[0.18304480001097545],[None],DHM,1,2025-09-30_18h39.23.556,Visual search experiment,,2025.1.1,59.90255053,2025-09-30 18h39.31.980959 +0530
186,0,186,[np.float64(0.28425925925925927)],[np.float64(0.13240740740740742)],[1],[0],[0],[0.1647340999916196],[None],186,0,186,0,270.8595254,,10,270.8501138,270.8595254,270.8595254,0.0343155,271.0149792,[np.float64(0.28425925925925927)],[np.float64(0.13240740740740742)],[1],[0],[0],[0.1647340999916196],[None],DHM,1,2025-09-30_18h39.23.556,Visual search experiment,,2025.1.1,59.90255053,2025-09-30 18h39.31.980959 +0530
187,0,187,[np.float64(0.28425925925925927)],[np.float64(0.13240740740740742)],[1],[0],[0],[0.1706910000066273],[None],187,0,187,0,271.0542472,,10,271.044077,271.0542472,271.0542472,0.028806,271.2149447,[np.float64(0.28425925925925927)],[np.float64(0.13240740740740742)],[1],[0],[0],[0.1706910000066273],[None],DHM,1,2025-09-30_18h39.23.556,Visual search experiment,,2025.1.1,59.90255053,2025-09-30 18h39.31.980959 +0530
188,0,188,[np.float64(0.28425925925925927)],[np.float64(0.13240740740740742)],[1],[0],[0],[0.183992899954319],[None],188,0,188,0,271.2590264,,10,271.2467477,271.2590264,271.2590264,0.0313758,271.4308294,[np.float64(0.28425925925925927)],[np.float64(0.13240740740740742)],[1],[0],[0],[0.183992899954319],[None],DHM,1,2025-09-30_18h39.23.556,Visual search experiment,,2025.1.1,59.90255053,2025-09-30 18h39.31.980959 +0530
189,0,189,[np.float64(0.28425925925925927)],[np.float64(0.13240740740740742)],[1],[0],[0],[0.20086979999905452],[None],189,0,189,0,271.4513079,,5,271.4449728,271.4513079,271.4513079,0.0139608,271.645958,[np.float64(0.28425925925925927)],[np.float64(0.13240740740740742)],[1],[0],[0],[0.20086979999905452],[None],DHM,1,2025-09-30_18h39.23.556,Visual search experiment,,2025.1.1,59.90255053,2025-09-30 18h39.31.980959 +0530
190,0,190,[np.float64(0.28425925925925927)],[np.float64(0.13240740740740742)],[1],[0],[0],[0.20443799998611212],[None],190,0,190,0,271.6674572,,5,271.6596779,271.6674572,271.6674572,0.0136027,271.8642396,[np.float64(0.28425925925925927)],[np.float64(0.13240740740740742)],[1],[0],[0],[0.20443799998611212],[None],DHM,1,2025-09-30_18h39.23.556,Visual search experiment,,2025.1.1,59.90255053,2025-09-30 18h39.31.980959 +0530
191,0,191,[np.float64(0.28425925925925927)],[np.float64(0.13240740740740742)],[1],[0],[0],[0.17245999997248873],[None],191,0,191,0,271.9068908,,10,271.8909148,271.9068908,271.9068908,0.0264357,272.0634864,[np.float64(0.28425925925925927)],[np.float64(0.13240740740740742)],[1],[0],[0],[0.17245999997248873],[None],DHM,1,2025-09-30_18h39.23.556,Visual search experiment,,2025.1.1,59.90255053,2025-09-30 18h39.31.980959 +0530
192,0,192,[np.float64(0.28425925925925927)],[np.float64(0.13240740740740742)],[1],[0],[0],[0.20061949995579198],[None],192,0,192,0,272.1074325,,10,272.0965297,272.1074325,272.1074325,0.0328396,272.2972691,[np.float64(0.28425925925925927)],[np.float64(0.13240740740740742)],[1],[0],[0],[0.20061949995579198],[None],DHM,1,2025-09-30_18h39.23.556,Visual search experiment,,2025.1.1,59.90255053,2025-09-30 18h39.31.980959 +0530
193,0,193,[np.float64(0.28425925925925927)],[np.float64(0.13240740740740742)],[1],[0],[0],[0.1817157000186853],[None],193,0,193,0,272.3281456,,5,272.3178656,272.3281456,272.3281456,0.0203235,272.4997045,[np.float64(0.28425925925925927)],[np.float64(0.13240740740740742)],[1],[0],[0],[0.1817157000186853],[None],DHM,1,2025-09-30_18h39.23.556,Visual search experiment,,2025.1.1,59.90255053,2025-09-30 18h39.31.980959 +0530
194,0,194,[np.float64(0.28425925925925927)],[np.float64(0.13240740740740742)],[1],[0],[0],[0.17102260002866387],[None],194,0,194,0,272.5584084,,10,272.5403468,272.5584084,272.5584084,0.0404076,272.7114294,[np.float64(0.28425925925925927)],[np.float64(0.13240740740740742)],[1],[0],[0],[0.17102260002866387],[None],DHM,1,2025-09-30_18h39.23.556,Visual search experiment,,2025.1.1,59.90255053,2025-09-30 18h39.31.980959 +0530
195,0,195,[np.float64(0.28425925925925927)],[np.float64(0.13240740740740742)],[1],[0],[0],[0.19167700002435595],[None],195,0,195,0,272.7306421,,5,272.7211194,272.7306421,272.7306421,0.0095747,272.9128885,[np.float64(0.28425925925925927)],[np.float64(0.13240740740740742)],[1],[0],[0],[0.19167700002435595],[None],DHM,1,2025-09-30_18h39.23.556,Visual search experiment,,2025.1.1,59.90255053,2025-09-30 18h39.31.980959 +0530
196,0,196,[np.float64(0.28425925925925927)],[np.float64(0.13240740740740742)],[1],[0],[0],[0.19268859998555854],[None],196,0,196,0,272.9473112,,10,272.9356704,272.9473112,272.9473112,0.0226492,273.1285337,[np.float64(0.28425925925925927)],[np.float64(0.13240740740740742)],[1],[0],[0],[0.19268859998555854],[None],DHM,1,2025-09-30_18h39.23.556,Visual search experiment,,2025.1.1,59.90255053,2025-09-30 18h39.31.980959 +0530
197,0,197,[np.float64(0.28425925925925927)],[np.float64(0.13240740740740742)],[1],[0],[0],[0.19371829996816814],[None],197,0,197,0,273.1714158,,10,273.1508931,273.1714158,273.1714158,0.0220447,273.3446707,[np.float64(0.28425925925925927)],[np.float64(0.13240740740740742)],[1],[0],[0],[0.19371829996816814],[None],DHM,1,2025-09-30_18h39.23.556,Visual search experiment,,2025.1.1,59.90255053,2025-09-30 18h39.31.980959 +0530
198,0,198,[np.float64(0.28425925925925927)],[np.float64(0.13240740740740742)],[1],[0],[0],[0.2088825000100769],[None],198,0,198,0,273.3659206,,5,273.3532916,273.3659206,273.3659206,0.0085088,273.5623088,[np.float64(0.28425925925925927)],[np.float64(0.13240740740740742)],[1],[0],[0],[0.2088825000100769],[None],DHM,1,2025-09-30_18h39.23.556,Visual search experiment,,2025.1.1,59.90255053,2025-09-30 18h39.31.980959 +0530
199,0,199,[np.float64(0.28425925925925927)],[np.float64(0.13240740740740742)],[1],[0],[0],[0.14674610004294664],[None],199,0,199,0,273.5906489,,5,273.5818038,273.5906489,273.5906489,0.0193209,273.7286506,[np.float64(0.28425925925925927)],[np.float64(0.13240740740740742)],[1],[0],[0],[0.14674610004294664],[None],DHM,1,2025-09-30_18h39.23.556,Visual search experiment,,2025.1.1,59.90255053,2025-09-30 18h39.31.980959 +0530
