pos,corr_resp,thisN,thisTrialN,thisRepN,key_resp.keys,key_resp.corr,key_resp.rt,key_resp.duration,trials.thisRepN,trials.thisTrialN,trials.thisN,trials.thisIndex,trials_2.thisRepN,trials_2.thisTrialN,trials_2.thisN,trials_2.thisIndex,thisRow.t,notes,trial.started,fixation.started,line1.started,line2.started,line3.started,line4.started,fixation.stopped,probe.started,key_resp.started,trial.stopped,trials.key_resp.keys,trials.key_resp.corr,trials.key_resp.rt,trials.key_resp.duration,trials_2.key_resp.keys,trials_2.key_resp.corr,trials_2.key_resp.rt,trials_2.key_resp.duration
-50,x,0,0,0,x,1,18.4101875,None,0,0,0,0,,,,,0.0218912,,0.0163058,0.0218912,1.005685,1.005685,1.005685,1.005685,1.0222912,2.004828,2.004828,20.431721,x,1,18.4101875,None,,,,
150,v,1,1,0,v,1,1.4876678,None,0,1,1,1,,,,,20.4397282,,20.4321504,20.4397282,21.4387524,21.4387524,21.4387524,21.4387524,21.4387524,22.437988,22.437988,23.9374247,v,1,1.4876678,None,,,,
50,c,2,2,0,c,1,1.3409702,None,0,2,2,2,,,,,23.9534007,,23.937919,23.9534007,24.952882,24.952882,24.952882,24.952882,24.952882,25.9518622,25.9518622,27.3017451,c,1,1.3409702,None,,,,
-150,z,3,3,0,z,1,0.918179,None,0,3,3,3,,,,,27.317375,,27.3022304,27.317375,28.3168762,28.3168762,28.3168762,28.3168762,28.3168762,29.3156493,29.3156493,30.2488639,z,1,0.918179,None,,,,
-50,x,4,0,1,x,1,0.9588446,None,1,0,4,0,,,,,30.2649871,,30.2493217,30.2649871,31.2640187,31.2640187,31.2640187,31.2640187,31.2640187,32.2630705,32.2630705,33.2298467,x,1,0.9588446,None,,,,
150,v,5,1,1,v,1,0.9923873,None,1,1,5,1,,,,,33.2459469,,33.2303559,33.2459469,34.2451111,34.2451111,34.2451111,34.2451111,34.2451111,35.244223,35.244223,36.2440155,v,1,0.9923873,None,,,,
50,c,6,2,1,c,1,0.9294394,None,1,2,6,2,,,,,36.259879,,36.2444941,36.259879,37.2592564,37.2592564,37.2592564,37.2592564,37.2592564,38.2582314,38.2582314,39.1919239,c,1,0.9294394,None,,,,
-150,z,7,3,1,z,1,0.8505838,None,1,3,7,3,,,,,39.2075434,,39.1923458,39.2075434,40.2070496,40.2070496,40.2070496,40.2070496,40.2070496,41.2060388,41.2060388,42.0727343,z,1,0.8505838,None,,,,
-50,x,8,0,2,x,1,1.0426532,None,2,0,8,0,,,,,42.0887224,,42.0731383,42.0887224,43.087677,43.087677,43.087677,43.087677,43.087677,44.0868336,44.0868336,45.1367576,x,1,1.0426532,None,,,,
150,v,9,1,2,v,1,1.0789717,None,2,1,9,1,,,,,45.1526102,,45.1372506,45.1526102,46.1521307,46.1521307,46.1521307,46.1521307,46.1521307,47.1507757,47.1507757,48.2342956,v,1,1.0789717,None,,,,
50,c,10,2,2,c,1,1.0620521,None,2,2,10,2,,,,,48.2503164,,48.2345964,48.2503164,49.2491264,49.2491264,49.2491264,49.2491264,49.2658427,50.2485423,50.2485423,51.3149573,c,1,1.0620521,None,,,,
-150,z,11,3,2,z,1,0.8680952,None,2,3,11,3,,,,,51.3313506,,51.3153912,51.3313506,52.3303647,52.3303647,52.3303647,52.3303647,52.3303647,53.3296413,53.3296413,54.2124055,z,1,0.8680952,None,,,,
-50,x,12,0,3,x,1,0.8705685,None,3,0,12,0,,,,,54.2285766,,54.2127903,54.2285766,55.2277584,55.2277584,55.2277584,55.2277584,55.2277584,56.2269731,56.2269731,57.1102485,x,1,0.8705685,None,,,,
150,v,13,1,3,v,1,1.0497244,None,3,1,13,1,,,,,57.1264367,,57.1106209,57.1264367,58.1253676,58.1253676,58.1253676,58.1253676,58.1253676,59.1245984,59.1245984,60.1906869,v,1,1.0497244,None,,,,
50,c,14,2,3,c,1,0.9111688,None,3,2,14,2,,,,,60.2069317,,60.1910832,60.2069317,61.2063198,61.2063198,61.2063198,61.2063198,61.2063198,62.2052068,62.2052068,63.1219288,c,1,0.9111688,None,,,,
-150,z,15,3,3,z,1,0.7997388,None,3,3,15,3,,,,,63.1379738,,63.1222694,63.1379738,64.1368193,64.1368193,64.1368193,64.1368193,64.1368193,65.1361285,65.1361285,65.9531849,z,1,0.7997388,None,,,,
-50,x,16,0,4,x,1,0.7998522,None,4,0,16,0,,,,,65.9689443,,65.9538576,65.9689443,66.9680158,66.9680158,66.9680158,66.9680158,66.9680158,67.9672303,67.9672303,68.783841,x,1,0.7998522,None,,,,
150,v,17,1,4,v,1,0.8672846,None,4,1,17,1,,,,,68.7999805,,68.7842281,68.7999805,69.799041,69.799041,69.799041,69.799041,69.8156609,70.7980297,70.7980297,71.6811004,v,1,0.8672846,None,,,,
50,c,18,2,4,c,1,1.1772112,None,4,2,18,2,,,,,71.697426,,71.6813859,71.697426,72.6968555,72.6968555,72.6968555,72.6968555,72.6968555,73.6958167,73.6958167,74.87864,c,1,1.1772112,None,,,,
-150,z,19,3,4,z,1,0.7891585,None,4,3,19,3,,,,,74.8951655,,74.87893,74.8951655,75.8941099,75.8941099,75.8941099,75.8941099,75.9108009,76.8934273,76.8934273,77.6934143,z,1,0.7891585,None,,,,
-50,x,20,0,5,x,1,0.7835643,None,5,0,20,0,,,,,77.7092262,,77.6940872,77.7092262,78.7085319,78.7085319,78.7085319,78.7085319,78.7085319,79.70753,79.70753,80.5075482,x,1,0.7835643,None,,,,
150,v,21,1,5,v,1,0.916838,None,5,1,21,1,,,,,80.5235634,,80.5083103,80.5235634,81.5229058,81.5229058,81.5229058,81.5229058,81.5229058,82.5219096,82.5219096,83.45533,v,1,0.916838,None,,,,
50,c,22,2,5,c,1,0.9384499,None,5,2,22,2,,,,,83.4711869,,83.4558209,83.4711869,84.4702431,84.4702431,84.4702431,84.4702431,84.4702431,85.4694996,85.4694996,86.4192453,c,1,0.9384499,None,,,,
-150,z,23,3,5,z,1,0.8690652,None,5,3,23,3,,,,,86.4355295,,86.4197389,86.4355295,87.4345354,87.4345354,87.4345354,87.4345354,87.4511667,88.4338447,88.4338447,89.3168998,z,1,0.8690652,None,,,,
-50,x,24,0,6,x,1,1.0333921,None,6,0,24,0,,,,,89.3329788,,89.3173789,89.3329788,90.3321947,90.3321947,90.3321947,90.3321947,90.3321947,91.3312524,91.3312524,92.3809445,x,1,1.0333921,None,,,,
150,v,25,1,6,v,1,1.0509558,None,6,1,25,1,,,,,92.397766,,92.3814527,92.397766,93.3962146,93.3962146,93.3962146,93.3962146,93.4127285,94.3956736,94.3956736,95.4622256,v,1,1.0509558,None,,,,
50,c,26,2,6,c,1,0.9404416,None,6,2,26,2,,,,,95.4780772,,95.4628699,95.4780772,96.4772016,96.4772016,96.4772016,96.4772016,96.4772016,97.4764141,97.4764141,98.4264949,c,1,0.9404416,None,,,,
-150,z,27,3,6,z,1,0.7658792,None,6,3,27,3,,,,,98.4422402,,98.4269192,98.4422402,99.441215,99.441215,99.441215,99.441215,99.441215,100.4406813,100.4406813,101.2241251,z,1,0.7658792,None,,,,
-50,x,28,0,7,x,1,0.7767188,None,7,0,28,0,,,,,101.2400785,,101.2246108,101.2400785,102.2389465,102.2389465,102.2389465,102.2389465,102.2553887,103.238241,103.238241,104.0218755,x,1,0.7767188,None,,,,
150,v,29,1,7,v,1,0.8730001,None,7,1,29,1,,,,,104.0375732,,104.0223079,104.0375732,105.0365732,105.0365732,105.0365732,105.0365732,105.0365732,106.0360038,106.0360038,106.9191553,v,1,0.8730001,None,,,,
50,c,30,2,7,c,1,0.8055865,None,7,2,30,2,,,,,106.935099,,106.9196369,106.935099,107.9344871,107.9344871,107.9344871,107.9344871,107.9344871,108.9335964,108.9335964,109.7502834,c,1,0.8055865,None,,,,
-150,z,31,3,7,z,1,0.7926247,None,7,3,31,3,,,,,109.7661278,,109.7507243,109.7661278,110.7655342,110.7655342,110.7655342,110.7655342,110.7655342,111.7643949,111.7643949,112.5645751,z,1,0.7926247,None,,,,
-50,x,32,0,8,x,1,0.7386707,None,8,0,32,0,,,,,112.5804553,,112.565112,112.5804553,113.5796941,113.5796941,113.5796941,113.5796941,113.5796941,114.5790117,114.5790117,115.3289511,x,1,0.7386707,None,,,,
150,v,33,1,8,v,1,1.025741,None,8,1,33,1,,,,,115.3447133,,115.3292602,115.3447133,116.3438292,116.3438292,116.3438292,116.3438292,116.3438292,117.3432408,117.3432408,118.3766177,v,1,1.025741,None,,,,
50,c,34,2,8,c,1,0.7169288,None,8,2,34,2,,,,,118.392293,,118.3769722,118.392293,119.3912708,119.3912708,119.3912708,119.3912708,119.3912708,120.3905879,120.3905879,121.1240443,c,1,0.7169288,None,,,,
-150,z,35,3,8,z,1,0.766479,None,8,3,35,3,,,,,121.1403621,,121.124584,121.1403621,122.1393104,122.1393104,122.1393104,122.1393104,122.1560418,123.138206,123.138206,123.9053404,z,1,0.766479,None,,,,
-50,x,36,0,9,x,1,0.668956,None,9,0,36,0,,,,,123.9213066,,123.905679,123.9213066,124.9203229,124.9203229,124.9203229,124.9203229,124.937022,125.9193916,125.9193916,126.6028864,x,1,0.668956,None,,,,
150,v,37,1,9,v,1,0.9784664,None,9,1,37,1,,,,,126.619206,,126.6032805,126.619206,127.6180167,127.6180167,127.6180167,127.6180167,127.6344791,128.6173068,128.6173068,129.6004864,v,1,0.9784664,None,,,,
50,c,38,2,9,c,1,0.722875,None,9,2,38,2,,,,,129.6166123,,129.6009145,129.6166123,130.6158484,130.6158484,130.6158484,130.6158484,130.6158484,131.6147586,131.6147586,132.3477343,c,1,0.722875,None,,,,
-150,z,39,3,9,z,1,0.8099702,None,9,3,39,3,,,,,132.3641016,,132.3479902,132.3641016,133.3634096,133.3634096,133.3634096,133.3634096,133.3634096,134.3624581,134.3624581,135.1792694,z,1,0.8099702,None,,,,
-50,x,40,0,10,x,1,1.1507995,None,10,0,40,0,,,,,135.1953234,,135.1797346,135.1953234,136.1946467,136.1946467,136.1946467,136.1946467,136.1946467,137.1934318,137.1934318,138.3597498,x,1,1.1507995,None,,,,
150,v,41,1,10,v,1,0.8922945,None,10,1,41,1,,,,,138.3757132,,138.3603989,138.3757132,139.3748622,139.3748622,139.3748622,139.3748622,139.3748622,140.3740985,140.3740985,141.2740041,v,1,0.8922945,None,,,,
50,c,42,2,10,c,1,0.9532823,None,10,2,42,2,,,,,141.290056,,141.2743993,141.290056,142.2896014,142.2896014,142.2896014,142.2896014,142.2896014,143.2885744,143.2885744,144.2550987,c,1,0.9532823,None,,,,
-150,z,43,3,10,z,1,0.9005857,None,10,3,43,3,,,,,144.2711962,,144.2555597,144.2711962,145.2701253,145.2701253,145.2701253,145.2701253,145.2701253,146.2691931,146.2691931,147.1860864,z,1,0.9005857,None,,,,
-50,x,44,0,11,x,1,0.7210214,None,11,0,44,0,,,,,147.2022993,,147.1864632,147.2022993,148.2011319,148.2011319,148.2011319,148.2011319,148.2176632,149.2002664,149.2002664,149.9339684,x,1,0.7210214,None,,,,
150,v,45,1,11,v,1,0.9708812,None,11,1,45,1,,,,,149.9499795,,149.9346382,149.9499795,150.9488947,150.9488947,150.9488947,150.9488947,150.9654573,151.9481505,151.9481505,152.9316186,v,1,0.9708812,None,,,,
50,c,46,2,11,c,1,0.8533724,None,11,2,46,2,,,,,152.9472609,,152.9320224,152.9472609,153.9468932,153.9468932,153.9468932,153.9468932,153.9468932,154.9455356,154.9455356,155.8122094,c,1,0.8533724,None,,,,
-150,z,47,3,11,z,1,0.7091112,None,11,3,47,3,,,,,155.8283716,,155.8126371,155.8283716,156.8274384,156.8274384,156.8274384,156.8274384,156.8441681,157.8265557,157.8265557,158.5436666,z,1,0.7091112,None,,,,
-50,x,48,0,12,x,1,0.6789736,None,12,0,48,0,,,,,158.5591635,,158.5440504,158.5591635,159.5585071,159.5585071,159.5585071,159.5585071,159.5585071,160.5574111,160.5574111,161.2409035,x,1,0.6789736,None,,,,
150,v,49,1,12,v,1,1.0398598,None,12,1,49,1,,,,,161.2571429,,161.2413355,161.2571429,162.2562008,162.2562008,162.2562008,162.2562008,162.2562008,163.2552118,163.2552118,164.3050472,v,1,1.0398598,None,,,,
50,c,50,2,12,c,1,0.6981038,None,12,2,50,2,,,,,164.3211938,,164.3054284,164.3211938,165.3206661,165.3206661,165.3206661,165.3206661,165.3206661,166.3195987,166.3195987,167.0195075,c,1,0.6981038,None,,,,
-150,z,51,3,12,z,1,0.7078402,None,12,3,51,3,,,,,167.0355556,,167.0198107,167.0355556,168.0348443,168.0348443,168.0348443,168.0348443,168.0348443,169.0339276,169.0339276,169.7507041,z,1,0.7078402,None,,,,
-50,x,52,0,13,x,1,0.6354245,None,13,0,52,0,,,,,169.7665985,,169.7510669,169.7665985,170.7662205,170.7662205,170.7662205,170.7662205,170.7662205,171.7650296,171.7650296,172.4155296,x,1,0.6354245,None,,,,
150,v,53,1,13,v,1,0.9640849,None,13,1,53,1,,,,,172.431519,,172.4161831,172.431519,173.4301706,173.4301706,173.4301706,173.4301706,173.4301706,174.4294658,174.4294658,175.3963201,v,1,0.9640849,None,,,,
50,c,54,2,13,c,1,0.6775916,None,13,2,54,2,,,,,175.412058,,175.3970636,175.412058,176.4117677,176.4117677,176.4117677,176.4117677,176.4117677,177.4103631,177.4103631,178.0938463,c,1,0.6775916,None,,,,
-150,z,55,3,13,z,1,0.6619477,None,13,3,55,3,,,,,178.109975,,178.0942573,178.109975,179.109303,179.109303,179.109303,179.109303,179.109303,180.1083209,180.1083209,180.7750908,z,1,0.6619477,None,,,,
-50,x,56,0,14,x,1,0.6478261,None,14,0,56,0,,,,,180.7908263,,180.7755541,180.7908263,181.7903559,181.7903559,181.7903559,181.7903559,181.7903559,182.7891707,182.7891707,183.4392597,x,1,0.6478261,None,,,,
150,v,57,1,14,v,1,0.9474327,None,14,1,57,1,,,,,183.4554027,,183.4396522,183.4554027,184.4549752,184.4549752,184.4549752,184.4549752,184.4549752,185.4536742,185.4536742,186.4034878,v,1,0.9474327,None,,,,
50,c,58,2,14,c,1,0.7313379,None,14,2,58,2,,,,,186.4197288,,186.4037613,186.4197288,187.4023641,187.4023641,187.4023641,187.4023641,187.4189367,188.4179216,188.4179216,189.1512903,c,1,0.7313379,None,,,,
-150,z,59,3,14,z,1,0.7338544,None,14,3,59,3,,,,,189.1673855,,189.151743,189.1673855,190.1668402,190.1668402,190.1668402,190.1668402,190.1668402,191.1656471,191.1656471,191.9157819,z,1,0.7338544,None,,,,
-50,x,60,0,15,x,1,0.6540446,None,15,0,60,0,,,,,191.9316194,,191.9164217,191.9316194,192.9309418,192.9309418,192.9309418,192.9309418,192.9309418,193.9299809,193.9299809,194.5965272,x,1,0.6540446,None,,,,
150,v,61,1,15,v,1,0.7263747,None,15,1,61,1,,,,,194.6128466,,194.5967894,194.6128466,195.5956777,195.5956777,195.5956777,195.5956777,195.6123497,196.6112206,196.6112206,197.3446995,v,1,0.7263747,None,,,,
50,c,62,2,15,c,1,0.6969014,None,15,2,62,2,,,,,197.3606802,,197.3451579,197.3606802,198.3599034,198.3599034,198.3599034,198.3599034,198.3599034,199.359244,199.359244,200.0590303,c,1,0.6969014,None,,,,
-150,z,63,3,15,z,1,0.889242,None,15,3,63,3,,,,,200.0749325,,200.0594349,200.0749325,201.0744237,201.0744237,201.0744237,201.0744237,201.0744237,202.0733125,202.0733125,202.9731549,z,1,0.889242,None,,,,
-50,x,64,0,16,x,1,0.6307253,None,16,0,64,0,,,,,202.9892087,,202.9734872,202.9892087,203.9884802,203.9884802,203.9884802,203.9884802,203.9884802,204.9877238,204.9877238,205.6211186,x,1,0.6307253,None,,,,
150,v,65,1,16,v,1,0.9332797,None,16,1,65,1,,,,,205.6372171,,205.6214726,205.6372171,206.6364914,206.6364914,206.6364914,206.6364914,206.6364914,207.6355234,207.6355234,208.5855845,v,1,0.9332797,None,,,,
50,c,66,2,16,c,1,0.6237479,None,16,2,66,2,,,,,208.6014294,,208.5861365,208.6014294,209.6004741,209.6004741,209.6004741,209.6004741,209.6004741,210.5999234,210.5999234,211.2333245,c,1,0.6237479,None,,,,
-150,z,67,3,16,z,1,0.763209,None,16,3,67,3,,,,,211.2491963,,211.2337974,211.2491963,212.2484024,212.2484024,212.2484024,212.2484024,212.2484024,213.2477041,213.2477041,214.013916,z,1,0.763209,None,,,,
-50,x,68,0,17,x,1,0.7233699,None,17,0,68,0,,,,,214.0301247,,214.0142028,214.0301247,215.0127773,215.0127773,215.0127773,215.0127773,215.0293935,216.0287976,216.0287976,216.7622454,x,1,0.7233699,None,,,,
150,v,69,1,17,v,1,0.9203719,None,17,1,69,1,,,,,216.7781715,,216.7628882,216.7781715,217.7770718,217.7770718,217.7770718,217.7770718,217.7770718,218.7765048,218.7765048,219.7095165,v,1,0.9203719,None,,,,
50,c,70,2,17,c,1,0.6715202,None,17,2,70,2,,,,,219.7254618,,219.7099057,219.7254618,220.724646,220.724646,220.724646,220.724646,220.724646,221.7241398,221.7241398,222.4073854,c,1,0.6715202,None,,,,
-150,z,71,3,17,z,1,0.6584881,None,17,3,71,3,,,,,222.4232476,,222.4080528,222.4232476,223.4224783,223.4224783,223.4224783,223.4224783,223.4224783,224.4219661,224.4219661,225.088333,z,1,0.6584881,None,,,,
-50,x,72,0,18,x,1,0.6351696,None,18,0,72,0,,,,,225.1042751,,225.0886113,225.1042751,226.1035481,226.1035481,226.1035481,226.1035481,226.1035481,227.1028553,227.1028553,227.7527407,x,1,0.6351696,None,,,,
150,v,73,1,18,v,1,0.7043507,None,18,1,73,1,,,,,227.7688607,,227.7530434,227.7688607,228.7681942,228.7681942,228.7681942,228.7681942,228.7681942,229.7675421,229.7675421,230.484281,v,1,0.7043507,None,,,,
50,c,74,2,18,c,1,0.8075492,None,18,2,74,2,,,,,230.5001869,,230.484857,230.5001869,231.4992239,231.4992239,231.4992239,231.4992239,231.4992239,232.498508,232.498508,233.3150925,c,1,0.8075492,None,,,,
-150,z,75,3,18,z,1,0.6597166,None,18,3,75,3,,,,,233.3310276,,233.3155502,233.3310276,234.3303807,234.3303807,234.3303807,234.3303807,234.3303807,235.329425,235.329425,235.9959704,z,1,0.6597166,None,,,,
-50,x,76,0,19,x,1,0.8584933,None,19,0,76,0,,,,,236.0120231,,235.9963746,236.0120231,237.0113534,237.0113534,237.0113534,237.0113534,237.0113534,238.0103654,238.0103654,238.8772963,x,1,0.8584933,None,,,,
150,v,77,1,19,v,1,0.9308603,None,19,1,77,1,,,,,238.8931537,,238.8779506,238.8931537,239.8922169,239.8922169,239.8922169,239.8922169,239.8922169,240.8914348,240.8914348,241.8246379,v,1,0.9308603,None,,,,
50,c,78,2,19,c,1,0.7937838,None,19,2,78,2,,,,,241.8404805,,241.8250941,241.8404805,242.8399573,242.8399573,242.8399573,242.8399573,242.8399573,243.8390114,243.8390114,244.6389065,c,1,0.7937838,None,,,,
-150,z,79,3,19,z,1,0.7354144,None,19,3,79,3,,,,,244.6550465,,244.6393693,244.6550465,245.6541645,245.6541645,245.6541645,245.6541645,245.6708511,246.6536163,246.6536163,247.4032659,z,1,0.7354144,None,,,,
-50,x,80,0,20,x,1,0.6881368,None,20,0,80,0,,,,,247.4193711,,247.4036374,247.4193711,248.4186277,248.4186277,248.4186277,248.4186277,248.4186277,249.4179725,249.4179725,250.1180862,x,1,0.6881368,None,,,,
150,v,81,1,20,v,1,0.8829723,None,20,1,81,1,,,,,250.1336691,,250.118524,250.1336691,251.1328933,251.1328933,251.1328933,251.1328933,251.1328933,252.1322782,252.1322782,253.0319214,v,1,0.8829723,None,,,,
50,c,82,2,20,c,1,0.6788835,None,20,2,82,2,,,,,253.0481337,,253.0324415,253.0481337,254.0472524,254.0472524,254.0472524,254.0472524,254.0472524,255.0463419,255.0463419,255.7297723,c,1,0.6788835,None,,,,
-150,z,83,3,20,z,1,0.8053966,None,20,3,83,3,,,,,255.7458686,,255.7301787,255.7458686,256.7449479,256.7449479,256.7449479,256.7449479,256.7449479,257.7445839,257.7445839,258.5609525,z,1,0.8053966,None,,,,
-50,x,84,0,21,x,1,0.7177343,None,21,0,84,0,,,,,258.5766949,,258.5614213,258.5766949,259.5760214,259.5760214,259.5760214,259.5760214,259.5760214,260.575082,260.575082,261.3085562,x,1,0.7177343,None,,,,
150,v,85,1,21,v,1,0.8403948,None,21,1,85,1,,,,,261.3246189,,261.309009,261.3246189,262.3238836,262.3238836,262.3238836,262.3238836,262.3238836,263.322823,263.322823,264.1729229,v,1,0.8403948,None,,,,
50,c,86,2,21,c,1,0.6564431,None,21,2,86,2,,,,,264.1888956,,264.1733665,264.1888956,265.1880015,265.1880015,265.1880015,265.1880015,265.1880015,266.1872575,266.1872575,266.8539516,c,1,0.6564431,None,,,,
-150,z,87,3,21,z,1,0.6783198,None,21,3,87,3,,,,,266.8700963,,266.8543606,266.8700963,267.8690326,267.8690326,267.8690326,267.8690326,267.8690326,268.8682614,268.8682614,269.5518366,z,1,0.6783198,None,,,,
-50,x,88,0,22,x,1,0.6516965,None,22,0,88,0,,,,,269.5679535,,269.5521393,269.5679535,270.5668636,270.5668636,270.5668636,270.5668636,270.5668636,271.5659759,271.5659759,272.2330082,x,1,0.6516965,None,,,,
150,v,89,1,22,v,1,0.9436927,None,22,1,89,1,,,,,272.2489116,,272.2334754,272.2489116,273.2482117,273.2482117,273.2482117,273.2482117,273.2482117,274.2476814,274.2476814,275.1971764,v,1,0.9436927,None,,,,
50,c,90,2,22,c,1,0.7141867,None,22,2,90,2,,,,,275.2133115,,275.1977768,275.2133115,276.2122356,276.2122356,276.2122356,276.2122356,276.2122356,277.2113962,277.2113962,277.9284753,c,1,0.7141867,None,,,,
-150,z,91,3,22,z,1,0.7357268,None,22,3,91,3,,,,,277.9442996,,277.9289633,277.9442996,278.9433934,278.9433934,278.9433934,278.9433934,278.9433934,279.9427456,279.9427456,280.6927668,z,1,0.7357268,None,,,,
-50,x,92,0,23,x,1,0.7476936,None,23,0,92,0,,,,,280.708654,,280.6933336,280.708654,281.7076566,281.7076566,281.7076566,281.7076566,281.7076566,282.7068295,282.7068295,283.4571417,x,1,0.7476936,None,,,,
150,v,93,1,23,v,1,0.8946115,None,23,1,93,1,,,,,283.4730502,,283.457605,283.4730502,284.4722243,284.4722243,284.4722243,284.4722243,284.4886731,285.4716827,285.4716827,286.3717579,v,1,0.8946115,None,,,,
50,c,94,2,23,c,1,0.7870393,None,23,2,94,2,,,,,286.3874329,,286.3722338,286.3874329,287.3864148,287.3864148,287.3864148,287.3864148,287.3864148,288.3856024,288.3856024,289.1858002,c,1,0.7870393,None,,,,
-150,z,95,3,23,z,1,0.8711285,None,23,3,95,3,,,,,289.2016959,,289.1862543,289.2016959,290.2008466,290.2008466,290.2008466,290.2008466,290.2008466,291.2000404,291.2000404,292.0832348,z,1,0.8711285,None,,,,
-50,x,96,0,24,x,1,0.6050503,None,24,0,96,0,,,,,292.0995902,,292.0837409,292.0995902,293.0984287,293.0984287,293.0984287,293.0984287,293.0984287,294.097409,294.097409,294.7147357,x,1,0.6050503,None,,,,
150,v,97,1,24,v,1,0.8944994,None,24,1,97,1,,,,,294.7304158,,294.7150626,294.7304158,295.7295782,295.7295782,295.7295782,295.7295782,295.7295782,296.7290894,296.7290894,297.6286374,v,1,0.8944994,None,,,,
50,c,98,2,24,c,1,0.755975,None,24,2,98,2,,,,,297.6447337,,297.6291049,297.6447337,298.6437007,298.6437007,298.6437007,298.6437007,298.6437007,299.6432104,299.6432104,300.4096854,c,1,0.755975,None,,,,
-150,z,99,3,24,z,1,0.7009554,None,24,3,99,3,,,,,300.4258042,,300.4100724,300.4258042,301.4248355,301.4248355,301.4248355,301.4248355,301.4248355,302.4239982,302.4239982,303.1408828,z,1,0.7009554,None,,,,
150,v,0,0,0,v,1,1.5106269,None,,,,,0,0,0,1,303.1567806,,303.1540021,303.1567806,304.1558876,304.1558876,304.1558876,304.1558876,304.1558876,305.1550648,305.1550648,306.6712564,,,,,v,1,1.5106269,None
50,c,1,1,0,c,1,1.1676881,None,,,,,0,1,1,2,306.6871428,,306.671711,306.6871428,307.6863241,307.6863241,307.6863241,307.6863241,307.6863241,308.6855318,308.6855318,309.8685795,,,,,c,1,1.1676881,None
150,v,2,2,1,v,1,1.1502947,None,,,,,1,2,2,1,309.8844476,,309.8688781,309.8844476,310.8836041,310.8836041,310.8836041,310.8836041,310.8836041,311.8828394,311.8828394,313.0494109,,,,,v,1,1.1502947,None
-50,x,3,3,0,x,1,1.0335021,None,,,,,0,3,3,0,313.0654931,,313.0499818,313.0654931,314.0644553,314.0644553,314.0644553,314.0644553,314.0644553,315.0636232,315.0636232,316.1133848,,,,,x,1,1.0335021,None
150,v,4,4,2,v,1,0.8851034,None,,,,,2,4,4,1,316.1293091,,316.1137994,316.1293091,317.1286481,317.1286481,317.1286481,317.1286481,317.1286481,318.1276965,318.1276965,319.0274999,,,,,v,1,0.8851034,None
-150,z,5,5,0,z,1,0.7736729,None,,,,,0,5,5,3,319.0437275,,319.0278729,319.0437275,320.0427892,320.0427892,320.0427892,320.0427892,320.0427892,321.0422309,321.0422309,321.8252315,,,,,z,1,0.7736729,None
150,v,6,6,3,v,1,0.8210404,None,,,,,3,6,6,1,321.841432,,321.8258276,321.841432,322.840574,322.840574,322.840574,322.840574,322.8571473,323.8400703,323.8400703,324.6729644,,,,,v,1,0.8210404,None
-50,x,7,7,1,x,1,0.9665407,None,,,,,1,7,7,0,324.6889922,,324.6734325,324.6889922,325.6885352,325.6885352,325.6885352,325.6885352,325.6885352,326.6877836,326.6877836,327.6705295,,,,,x,1,0.9665407,None
-50,x,8,8,2,x,1,0.9341944,None,,,,,2,8,8,0,327.6866593,,327.6710705,327.6866593,328.6859319,328.6859319,328.6859319,328.6859319,328.6859319,329.6849736,329.6849736,330.6350305,,,,,x,1,0.9341944,None
50,c,9,9,1,c,1,0.7851614,None,,,,,1,9,9,2,330.6511882,,330.6354793,330.6511882,331.6499551,331.6499551,331.6499551,331.6499551,331.6664759,332.6490966,332.6490966,333.4499276,,,,,c,1,0.7851614,None
50,c,10,10,2,c,1,0.8311338,None,,,,,2,10,10,2,333.4652193,,333.4503137,333.4652193,334.4643111,334.4643111,334.4643111,334.4643111,334.4643111,335.4633437,335.4633437,336.2968184,,,,,c,1,0.8311338,None
-50,x,11,11,3,x,1,0.9251925,None,,,,,3,11,11,0,336.3128734,,336.2972671,336.3128734,337.3121901,337.3121901,337.3121901,337.3121901,337.3121901,338.3110466,338.3110466,339.2447867,,,,,x,1,0.9251925,None
-150,z,12,12,1,z,1,0.8465752,None,,,,,1,12,12,3,339.2606566,,339.2452507,339.2606566,340.2596564,340.2596564,340.2596564,340.2596564,340.2764296,341.2585255,341.2585255,342.1087428,,,,,z,1,0.8465752,None
-50,x,13,13,4,x,1,0.8634775,None,,,,,4,13,13,0,342.1249392,,342.1091732,342.1249392,343.124019,343.124019,343.124019,343.124019,343.124019,344.1230231,344.1230231,344.9896796,,,,,x,1,0.8634775,None
-150,z,14,14,2,z,1,0.9123546,None,,,,,2,14,14,3,345.0056324,,344.990192,345.0056324,346.0050713,346.0050713,346.0050713,346.0050713,346.0050713,347.0038121,347.0038121,347.9209531,,,,,z,1,0.9123546,None
-50,x,15,15,5,x,1,0.8617656,None,,,,,5,15,15,0,347.9365744,,347.9213874,347.9365744,348.9359804,348.9359804,348.9359804,348.9359804,348.9359804,349.9348895,349.9348895,350.8013661,,,,,x,1,0.8617656,None
150,v,16,16,4,v,1,0.8580139,None,,,,,4,16,16,1,350.8177376,,350.8018139,350.8177376,351.816958,351.816958,351.816958,351.816958,351.816958,352.8159912,352.8159912,353.6823805,,,,,v,1,0.8580139,None
-50,x,17,17,6,x,1,0.8240798,None,,,,,6,17,17,0,353.6985588,,353.6828175,353.6985588,354.681411,354.681411,354.681411,354.681411,354.6974921,355.6967948,355.6967948,356.5300954,,,,,x,1,0.8240798,None
50,c,18,18,3,c,1,0.9725585,None,,,,,3,18,18,2,356.5460897,,356.5304876,356.5460897,357.5451716,357.5451716,357.5451716,357.5451716,357.5451716,358.5446271,358.5446271,359.5277638,,,,,c,1,0.9725585,None
50,c,19,19,4,c,1,1.1202989,None,,,,,4,19,19,2,359.5435073,,359.5282603,359.5435073,360.5430711,360.5430711,360.5430711,360.5430711,360.5430711,361.541951,361.541951,362.6751719,,,,,c,1,1.1202989,None
50,c,20,20,5,c,1,0.9021421,None,,,,,5,20,20,2,362.6910718,,362.6754759,362.6910718,363.6900642,363.6900642,363.6900642,363.6900642,363.6900642,364.6891859,364.6891859,365.6060798,,,,,c,1,0.9021421,None
50,c,21,21,6,c,1,0.8413809,None,,,,,6,21,21,2,365.6221523,,365.6064465,365.6221523,366.6212744,366.6212744,366.6212744,366.6212744,366.6212744,367.6202571,367.6202571,368.4706738,,,,,c,1,0.8413809,None
-150,z,22,22,3,x,0,0.7286945,None,,,,,3,22,22,3,368.4863576,,368.471166,368.4863576,369.4854229,369.4854229,369.4854229,369.4854229,369.4854229,370.4847071,370.4847071,371.218181,,,,,x,0,0.7286945,None
-50,x,23,23,7,x,1,0.6746265,None,,,,,7,23,23,0,371.2339205,,371.2184457,371.2339205,372.233289,372.233289,372.233289,372.233289,372.233289,373.2322866,373.2322866,373.91629,,,,,x,1,0.6746265,None
50,c,24,24,7,c,1,0.7060356,None,,,,,7,24,24,2,373.9320006,,373.9166127,373.9320006,374.9309357,374.9309357,374.9309357,374.9309357,374.9309357,375.9301738,375.9301738,376.6471205,,,,,c,1,0.7060356,None
150,v,25,25,5,v,1,0.8040902,None,,,,,5,25,25,1,376.6631106,,376.6475458,376.6631106,377.6621353,377.6621353,377.6621353,377.6621353,377.6786067,378.6612131,378.6612131,379.4780201,,,,,v,1,0.8040902,None
50,c,26,26,8,c,1,0.7163238,None,,,,,8,26,26,2,379.4939049,,379.4783386,379.4939049,380.4933694,380.4933694,380.4933694,380.4933694,380.4933694,381.4924061,381.4924061,382.209622,,,,,c,1,0.7163238,None
50,c,27,27,9,c,1,0.8696788,None,,,,,9,27,27,2,382.225187,,382.2102473,382.225187,383.2240204,383.2240204,383.2240204,383.2240204,383.2408023,384.22323,384.22323,385.1066723,,,,,c,1,0.8696788,None
-50,x,28,28,8,x,1,0.9099049,None,,,,,8,28,28,0,385.1224536,,385.1070498,385.1224536,386.1218503,386.1218503,386.1218503,386.1218503,386.1218503,387.1209478,387.1209478,388.0376609,,,,,x,1,0.9099049,None
50,c,29,29,10,c,1,0.8380799,None,,,,,10,29,29,2,388.0541309,,388.0382543,388.0541309,389.0530669,389.0530669,389.0530669,389.0530669,389.0696102,390.0519016,390.0519016,390.9021004,,,,,c,1,0.8380799,None
-50,x,30,30,9,x,1,0.8085935,None,,,,,9,30,30,0,390.9177191,,390.9026718,390.9177191,391.917265,391.917265,391.917265,391.917265,391.917265,392.9160702,392.9160702,393.7329375,,,,,x,1,0.8085935,None
-150,z,31,31,4,z,1,0.8105737,None,,,,,4,31,31,3,393.7488813,,393.733277,393.7488813,394.7482019,394.7482019,394.7482019,394.7482019,394.7482019,395.7472184,395.7472184,396.5638536,,,,,z,1,0.8105737,None
-150,z,32,32,5,z,1,0.7254038,None,,,,,5,32,32,3,396.5798707,,396.564337,396.5798707,397.5790727,397.5790727,397.5790727,397.5790727,397.5790727,398.5782523,398.5782523,399.3115883,,,,,z,1,0.7254038,None
-50,x,33,33,10,x,1,0.7389222,None,,,,,10,33,33,0,399.327666,,399.311898,399.327666,400.326756,400.326756,400.326756,400.326756,400.326756,401.3260135,401.3260135,402.0762166,,,,,x,1,0.7389222,None
150,v,34,34,6,v,1,0.8733041,None,,,,,6,34,34,1,402.0920662,,402.0765654,402.0920662,403.0913555,403.0913555,403.0913555,403.0913555,403.1076147,404.0904909,404.0904909,404.9734393,,,,,v,1,0.8733041,None
150,v,35,35,7,v,1,0.8132484,None,,,,,7,35,35,1,404.9896564,,404.9737992,404.9896564,405.9886962,405.9886962,405.9886962,405.9886962,405.9886962,406.9880945,406.9880945,407.8045109,,,,,v,1,0.8132484,None
150,v,36,36,8,v,1,0.7504431,None,,,,,8,36,36,1,407.820598,,407.8048854,407.820598,408.8197537,408.8197537,408.8197537,408.8197537,408.8197537,409.8191016,409.8191016,410.5858515,,,,,v,1,0.7504431,None
50,c,37,37,11,c,1,0.7579215,None,,,,,11,37,37,2,410.6015527,,410.5863169,410.6015527,411.6007145,411.6007145,411.6007145,411.6007145,411.6007145,412.6000378,412.6000378,413.3666948,,,,,c,1,0.7579215,None
50,c,38,38,12,c,1,0.8458032,None,,,,,12,38,38,2,413.3827222,,413.3671931,413.3827222,414.381781,414.381781,414.381781,414.381781,414.381781,415.3809778,415.3809778,416.2312101,,,,,c,1,0.8458032,None
50,c,39,39,13,c,1,0.7273945,None,,,,,13,39,39,2,416.2468767,,416.2319466,416.2468767,417.24621,417.24621,417.24621,417.24621,417.24621,418.2450483,418.2450483,418.9788276,,,,,c,1,0.7273945,None
-150,z,40,40,6,z,1,0.7137806,None,,,,,6,40,40,3,418.9946409,,418.9793005,418.9946409,419.9937555,419.9937555,419.9937555,419.9937555,419.9937555,420.9931563,420.9931563,421.7096875,,,,,z,1,0.7137806,None
-150,z,41,41,7,z,1,0.7992851,None,,,,,7,41,41,3,421.7259389,,421.7100351,421.7259389,422.7249598,422.7249598,422.7249598,422.7249598,422.7415846,423.7240075,423.7240075,424.5242469,,,,,z,1,0.7992851,None
50,c,42,42,14,c,1,3.7116391,None,,,,,14,42,42,2,424.5402794,,424.5245642,424.5402794,425.5391707,425.5391707,425.5391707,425.5391707,425.5391707,426.5384554,426.5384554,430.2529719,,,,,c,1,3.7116391,None
-50,x,43,43,11,x,1,2.9446529,None,,,,,11,43,43,0,430.268811,,430.2532688,430.268811,431.2679839,431.2679839,431.2679839,431.2679839,431.2679839,432.2671601,432.2671601,435.2157185,,,,,x,1,2.9446529,None
150,v,44,44,9,v,1,1.6133628,None,,,,,9,44,44,1,435.2311991,,435.2161972,435.2311991,436.2303573,436.2303573,436.2303573,436.2303573,436.2303573,437.2299821,437.2299821,438.8457317,,,,,v,1,1.6133628,None
-150,z,45,45,8,z,1,0.7696901,None,,,,,8,45,45,3,438.8617981,,438.8462702,438.8617981,439.8608266,439.8608266,439.8608266,439.8608266,439.8608266,440.8599099,440.8599099,441.6438406,,,,,z,1,0.7696901,None
-150,z,46,46,9,z,1,0.7772995,None,,,,,9,46,46,3,441.6596839,,441.6443434,441.6596839,442.658581,442.658581,442.658581,442.658581,442.658581,443.657752,443.657752,444.4411519,,,,,z,1,0.7772995,None
-50,x,47,47,12,x,1,0.8391879,None,,,,,12,47,47,0,444.4574973,,444.4415623,444.4574973,445.4563098,445.4563098,445.4563098,445.4563098,445.4728943,446.4553871,446.4553871,447.3052594,,,,,x,1,0.8391879,None
150,v,48,48,10,v,1,1.3567395,None,,,,,10,48,48,1,447.3212521,,447.3056643,447.3212521,448.3206899,448.3206899,448.3206899,448.3206899,448.3206899,449.3198259,449.3198259,450.6869832,,,,,v,1,1.3567395,None
150,v,49,49,11,v,1,0.8701629,None,,,,,11,49,49,1,450.702006,,450.6875279,450.702006,451.7013349,451.7013349,451.7013349,451.7013349,451.7013349,452.7002422,452.7002422,453.5836459,,,,,v,1,0.8701629,None
150,v,50,50,12,v,1,0.8061145,None,,,,,12,50,50,1,453.5995328,,453.5840771,453.5995328,454.598761,454.598761,454.598761,454.598761,454.598761,455.5978257,455.5978257,456.4145429,,,,,v,1,0.8061145,None
-150,z,51,51,10,z,1,0.8402478,None,,,,,10,51,51,3,456.4305981,,456.414993,456.4305981,457.4296763,457.4296763,457.4296763,457.4296763,457.4466063,458.4288423,458.4288423,459.2789994,,,,,z,1,0.8402478,None
-150,z,52,52,11,z,1,0.8709477,None,,,,,11,52,52,3,459.2947867,,459.2794364,459.2947867,460.2940955,460.2940955,460.2940955,460.2940955,460.2940955,461.2932191,461.2932191,462.1768061,,,,,z,1,0.8709477,None
-50,x,53,53,13,x,1,1.0608262,None,,,,,13,53,53,0,462.1925023,,462.1772093,462.1925023,463.1916165,463.1916165,463.1916165,463.1916165,463.1916165,464.1907522,464.1907522,465.2571072,,,,,x,1,1.0608262,None
150,v,54,54,13,v,1,0.9757021,None,,,,,13,54,54,1,465.273259,,465.2575979,465.273259,466.2731931,466.2731931,466.2731931,466.2731931,466.2731931,467.2716135,467.2716135,468.2547173,,,,,v,1,0.9757021,None
-150,z,55,55,12,z,1,0.8441331,None,,,,,12,55,55,3,468.2710458,,468.2551343,468.2710458,469.2700383,469.2700383,469.2700383,469.2700383,469.2700383,470.2690758,470.2690758,471.1192953,,,,,z,1,0.8441331,None
-50,x,56,56,14,x,1,0.7335599,None,,,,,14,56,56,0,471.1351768,,471.1197535,471.1351768,472.1342769,472.1342769,472.1342769,472.1342769,472.1342769,473.1339376,473.1339376,473.8835696,,,,,x,1,0.7335599,None
150,v,57,57,14,v,1,0.9754703,None,,,,,14,57,57,1,473.8993665,,473.8840629,473.8993665,474.8985909,474.8985909,474.8985909,474.8985909,474.8985909,475.8979945,475.8979945,476.881172,,,,,v,1,0.9754703,None
-50,x,58,58,15,x,1,0.8552139,None,,,,,15,58,58,0,476.8970484,,476.8816812,476.8970484,477.8960805,477.8960805,477.8960805,477.8960805,477.8960805,478.895487,478.895487,479.7623279,,,,,x,1,0.8552139,None
-150,z,59,59,13,z,1,0.7808196,None,,,,,13,59,59,3,479.7781451,,479.7629082,479.7781451,480.7774815,480.7774815,480.7774815,480.7774815,480.7774815,481.7764759,481.7764759,482.5596914,,,,,z,1,0.7808196,None
-50,x,60,60,16,x,1,0.8007787,None,,,,,16,60,60,0,482.5756758,,482.5601214,482.5756758,483.5748541,483.5748541,483.5748541,483.5748541,483.5748541,484.5740259,484.5740259,485.3905315,,,,,x,1,0.8007787,None
50,c,61,61,15,c,1,0.8286502,None,,,,,15,61,61,2,485.4068099,,485.3909986,485.4068099,486.4058294,486.4058294,486.4058294,486.4058294,486.4058294,487.4050702,487.4050702,488.2381269,,,,,c,1,0.8286502,None
-50,x,62,62,17,x,1,0.694712,None,,,,,17,62,62,0,488.2543088,,488.2384663,488.2543088,489.2534647,489.2534647,489.2534647,489.2534647,489.2534647,490.25269,490.25269,490.952687,,,,,x,1,0.694712,None
150,v,63,63,15,v,1,0.8170546,None,,,,,15,63,63,1,490.9687812,,490.9531397,490.9687812,491.9679728,491.9679728,491.9679728,491.9679728,491.9679728,492.9673019,492.9673019,493.8005265,,,,,v,1,0.8170546,None
150,v,64,64,16,v,1,0.7420593,None,,,,,16,64,64,1,493.8163985,,493.8011379,493.8163985,494.8154859,494.8154859,494.8154859,494.8154859,494.8154859,495.8148344,495.8148344,496.5650719,,,,,v,1,0.7420593,None
50,c,65,65,16,c,1,0.7607601,None,,,,,16,65,65,2,496.5807331,,496.5654749,496.5807331,497.5798875,497.5798875,497.5798875,497.5798875,497.5798875,498.5791928,498.5791928,499.3460069,,,,,c,1,0.7607601,None
-150,z,66,66,14,z,1,0.8027191,None,,,,,14,66,66,3,499.3619228,,499.3465516,499.3619228,500.3610008,500.3610008,500.3610008,500.3610008,500.3610008,501.3605146,501.3605146,502.176638,,,,,z,1,0.8027191,None
-150,z,67,67,15,z,1,0.8003952,None,,,,,15,67,67,3,502.1928446,,502.1769696,502.1928446,503.1919871,503.1919871,503.1919871,503.1919871,503.1919871,504.1911685,504.1911685,505.0080768,,,,,z,1,0.8003952,None
-150,z,68,68,16,z,1,0.7039904,None,,,,,16,68,68,3,505.0237821,,505.0085866,505.0237821,506.0228226,506.0228226,506.0228226,506.0228226,506.0228226,507.0219498,507.0219498,507.7392189,,,,,z,1,0.7039904,None
-150,z,69,69,17,z,1,0.685534,None,,,,,17,69,69,3,507.7549932,,507.7399062,507.7549932,508.7540229,508.7540229,508.7540229,508.7540229,508.7540229,509.7534799,509.7534799,510.4535107,,,,,z,1,0.685534,None
50,c,70,70,17,c,1,0.814143,None,,,,,17,70,70,2,510.4694898,,510.4539996,510.4694898,511.4685262,511.4685262,511.4685262,511.4685262,511.4685262,512.4677457,512.4677457,513.2844941,,,,,c,1,0.814143,None
-50,x,71,71,18,x,1,0.861002,None,,,,,18,71,71,0,513.3003262,,513.2848523,513.3003262,514.2994371,514.2994371,514.2994371,514.2994371,514.2994371,515.2987442,515.2987442,516.1658589,,,,,x,1,0.861002,None
150,v,72,72,17,v,1,0.871123,None,,,,,17,72,72,1,516.1816022,,516.166328,516.1816022,517.1805985,517.1805985,517.1805985,517.1805985,517.1805985,518.1796238,518.1796238,519.0626768,,,,,v,1,0.871123,None
-150,z,73,73,18,z,1,0.7835252,None,,,,,18,73,73,3,519.0791226,,519.0631685,519.0791226,520.0781128,520.0781128,520.0781128,520.0781128,520.0946808,521.0772358,521.0772358,521.8776999,,,,,z,1,0.7835252,None
-50,x,74,74,19,x,1,0.6552606,None,,,,,19,74,74,0,521.8935801,,521.878338,521.8935801,522.892819,522.892819,522.892819,522.892819,522.892819,523.8917122,523.8917122,524.5584595,,,,,x,1,0.6552606,None
-150,z,75,75,19,z,1,0.780073,None,,,,,19,75,75,3,524.5744425,,524.5589226,524.5744425,525.5735759,525.5735759,525.5735759,525.5735759,525.5735759,526.5727645,526.5727645,527.3558419,,,,,z,1,0.780073,None
50,c,76,76,18,c,1,0.8045297,None,,,,,18,76,76,2,527.3721273,,527.3561465,527.3721273,528.3713336,528.3713336,528.3713336,528.3713336,528.3713336,529.3703938,529.3703938,530.1872214,,,,,c,1,0.8045297,None
150,v,77,77,18,v,1,0.817461,None,,,,,18,77,77,1,530.2030097,,530.1875308,530.2030097,531.2022543,531.2022543,531.2022543,531.2022543,531.2022543,532.2013095,532.2013095,533.0350884,,,,,v,1,0.817461,None
-50,x,78,78,20,x,1,0.7497529,None,,,,,20,78,78,0,533.0507961,,533.0355989,533.0507961,534.0497892,534.0497892,534.0497892,534.0497892,534.0497892,535.0491698,535.0491698,535.8160839,,,,,x,1,0.7497529,None
150,v,79,79,19,v,1,0.7844832,None,,,,,19,79,79,1,535.8321621,,535.8167217,535.8321621,536.831149,536.831149,536.831149,536.831149,536.8473807,537.8301819,537.8301819,538.6305751,,,,,v,1,0.7844832,None
-50,x,80,80,21,x,1,0.7228047,None,,,,,21,80,80,0,538.6461655,,538.6312584,538.6461655,539.64514,539.64514,539.64514,539.64514,539.64514,540.6444118,540.6444118,541.378183,,,,,x,1,0.7228047,None
150,v,81,81,20,v,1,0.8761512,None,,,,,20,81,81,1,541.3939166,,541.378743,541.3939166,542.3929181,542.3929181,542.3929181,542.3929181,542.3929181,543.392079,543.392079,544.2756796,,,,,v,1,0.8761512,None
150,v,82,82,21,v,1,0.8674222,None,,,,,21,82,82,1,544.2914436,,544.2762244,544.2914436,545.2905967,545.2905967,545.2905967,545.2905967,545.2905967,546.2896544,546.2896544,547.1732467,,,,,v,1,0.8674222,None
50,c,83,83,19,c,1,0.8705485,None,,,,,19,83,83,2,547.1894767,,547.1736067,547.1894767,548.1883549,548.1883549,548.1883549,548.1883549,548.2048939,549.1874766,549.1874766,550.0708891,,,,,c,1,0.8705485,None
-150,z,84,84,20,z,1,0.7716795,None,,,,,20,84,84,3,550.0869284,,550.0712447,550.0869284,551.0860259,551.0860259,551.0860259,551.0860259,551.0860259,552.0850445,552.0850445,552.86846,,,,,z,1,0.7716795,None
150,v,85,85,22,v,1,0.835916,None,,,,,22,85,85,1,552.8844716,,552.8689958,552.8844716,553.8835339,553.8835339,553.8835339,553.8835339,553.8835339,554.8826866,554.8826866,555.7327877,,,,,v,1,0.835916,None
-150,z,86,86,21,z,1,0.8255847,None,,,,,21,86,86,3,555.7488033,,555.7332636,555.7488033,556.7478606,556.7478606,556.7478606,556.7478606,556.7478606,557.7470212,557.7470212,558.5803103,,,,,z,1,0.8255847,None
-150,z,87,87,22,z,1,0.7121004,None,,,,,22,87,87,3,558.5963135,,558.5807484,558.5963135,559.5957456,559.5957456,559.5957456,559.5957456,559.5957456,560.5949176,560.5949176,561.3117708,,,,,z,1,0.7121004,None
50,c,88,88,20,c,1,0.8933319,None,,,,,20,88,88,2,561.3274996,,561.3124844,561.3274996,562.326605,562.326605,562.326605,562.326605,562.326605,563.3256867,563.3256867,564.2261697,,,,,c,1,0.8933319,None
-50,x,89,89,22,x,1,0.8258015,None,,,,,22,89,89,0,564.2417468,,564.226828,564.2417468,565.2412475,565.2412475,565.2412475,565.2412475,565.2412475,566.2400946,566.2400946,567.0731265,,,,,x,1,0.8258015,None
150,v,90,90,23,v,1,0.8631956,None,,,,,23,90,90,1,567.0894717,,567.0734308,567.0894717,568.0890127,568.0890127,568.0890127,568.0890127,568.0890127,569.0876795,569.0876795,569.954646,,,,,v,1,0.8631956,None
50,c,91,91,21,c,1,0.7027774,None,,,,,21,91,91,2,569.970259,,569.9551746,569.970259,570.969688,570.969688,570.969688,570.969688,570.969688,571.9687294,571.9687294,572.6855002,,,,,c,1,0.7027774,None
-150,z,92,92,23,z,1,0.8606652,None,,,,,23,92,92,3,572.7015152,,572.685967,572.7015152,573.7007758,573.7007758,573.7007758,573.7007758,573.7007758,574.6999291,574.6999291,575.5667003,,,,,z,1,0.8606652,None
-50,x,93,93,23,x,1,0.8038868,None,,,,,23,93,93,0,575.5826612,,575.5672393,575.5826612,576.5817785,576.5817785,576.5817785,576.5817785,576.5982825,577.5809152,577.5809152,578.3974707,,,,,x,1,0.8038868,None
50,c,94,94,22,c,1,0.8465977,None,,,,,22,94,94,2,578.4132513,,578.3979447,578.4132513,579.4124754,579.4124754,579.4124754,579.4124754,579.4124754,580.411834,580.411834,581.2614877,,,,,c,1,0.8465977,None
50,c,95,95,23,c,1,0.7986802,None,,,,,23,95,95,2,581.2777263,,581.2618231,581.2777263,582.2768675,582.2768675,582.2768675,582.2768675,582.2768675,583.2762619,583.2762619,584.0762069,,,,,c,1,0.7986802,None
150,v,96,96,24,v,1,0.8528682,None,,,,,24,96,96,1,584.0920592,,584.076734,584.0920592,585.091397,585.091397,585.091397,585.091397,585.091397,586.0905892,586.0905892,586.957165,,,,,v,1,0.8528682,None
-150,z,97,97,24,z,1,0.8199125,None,,,,,24,97,97,3,586.9731757,,586.9577661,586.9731757,587.972185,587.972185,587.972185,587.972185,587.972185,588.9713187,588.9713187,589.8046266,,,,,z,1,0.8199125,None
-50,x,98,98,24,x,1,0.8506148,None,,,,,24,98,98,0,589.820628,,589.8051237,589.820628,590.819902,590.819902,590.819902,590.819902,590.819902,591.8190442,591.8190442,592.6856725,,,,,x,1,0.8506148,None
50,c,99,99,24,c,1,1.0118895,None,,,,,24,99,99,2,592.7017393,,592.6861432,592.7017393,593.7006094,593.7006094,593.7006094,593.7006094,593.7006094,594.700041,594.700041,595.7165656,,,,,c,1,1.0118895,None
