reward_today,future_reward,delay,thisN,thisTrialN,thisRepN,key_resp.keys,key_resp.rt,key_resp.duration,trials.thisRepN,trials.thisTrialN,trials.thisN,trials.thisIndex,thisRow.t,notes,trial.started,fixation.started,text.started,key_resp.started,fixation.stopped,trial.stopped,trials.key_resp.keys,trials.key_resp.rt,trials.key_resp.duration,participant,session,date,expName,expVersion,psychopyVersion,frameRate,expStart,
18,99,74,0,0,0,l,11.532167099999981,None,0,0,0,52,0.21942169999999805,,0.2158603000000312,0.21942169999999805,1.008888000000013,1.008888000000013,1.2255185999999867,12.578388300000029,l,11.532167099999981,None,MET,001,2025-11-05_15h05.10.714,delay discounting,,2025.1.1,60.05382023369,2025-11-05 15h05.19.188536 +0530,
50,68,34,1,1,0,t,2.6849179000000163,None,0,1,1,69,12.591944399999988,,12.58901000000003,12.591944399999988,13.582011000000023,13.582011000000023,13.598533900000007,16.28039940000002,t,2.6849179000000163,None,MET,001,2025-11-05_15h05.10.714,delay discounting,,2025.1.1,60.05382023369,2025-11-05 15h05.19.188536 +0530,
1,62,47,2,2,0,l,2.6918439000000376,None,0,2,2,33,16.296404300000006,,16.286772100000007,16.296404300000006,17.295984299999986,17.295984299999986,17.295984299999986,19.994068800000036,l,2.6918439000000376,None,MET,001,2025-11-05_15h05.10.714,delay discounting,,2025.1.1,60.05382023369,2025-11-05 15h05.19.188536 +0530,
38,99,100,3,3,0,l,3.316199499999982,None,0,3,3,11,20.009956799999998,,20.001922500000035,20.009956799999998,21.00920719999999,21.00920719999999,21.00920719999999,24.34050350000001,l,3.316199499999982,None,MET,001,2025-11-05_15h05.10.714,delay discounting,,2025.1.1,60.05382023369,2025-11-05 15h05.19.188536 +0530,
30,67,64,4,4,0,l,2.8021315999999956,None,0,4,4,60,24.356579399999987,,24.3452987,24.356579399999987,25.355499699999996,25.355499699999996,25.372342400000036,28.171120599999995,l,2.8021315999999956,None,MET,001,2025-11-05_15h05.10.714,delay discounting,,2025.1.1,60.05382023369,2025-11-05 15h05.19.188536 +0530,
37,56,135,5,5,0,l,1.1507881999999654,None,0,5,5,50,28.18664210000003,,28.179327699999988,28.18664210000003,29.18595959999999,29.18595959999999,29.18595959999999,30.352092900000002,l,1.1507881999999654,None,MET,001,2025-11-05_15h05.10.714,delay discounting,,2025.1.1,60.05382023369,2025-11-05 15h05.19.188536 +0530,
39,82,120,6,6,0,t,0.5935733000000027,None,0,6,6,45,30.36829080000001,,30.3566376,30.36829080000001,31.353569700000037,31.353569700000037,31.370574799999986,31.954655100000025,t,0.5935733000000027,None,MET,001,2025-11-05_15h05.10.714,delay discounting,,2025.1.1,60.05382023369,2025-11-05 15h05.19.188536 +0530,
13,63,59,7,7,0,l,0.8346945000000119,None,0,7,7,2,31.9704251,,31.959592299999997,31.9704251,32.9694844,32.9694844,32.9694844,33.81995599999999,l,0.8346945000000119,None,MET,001,2025-11-05_15h05.10.714,delay discounting,,2025.1.1,60.05382023369,2025-11-05 15h05.19.188536 +0530,
33,51,73,8,8,0,l,1.03089319999998,None,0,8,8,83,33.83563670000001,,33.825619700000004,33.83563670000001,34.83494110000004,34.83494110000004,34.85081819999999,35.86885910000001,l,1.03089319999998,None,MET,001,2025-11-05_15h05.10.714,delay discounting,,2025.1.1,60.05382023369,2025-11-05 15h05.19.188536 +0530,
42,52,101,9,9,0,t,0.5105187999999998,None,0,9,9,70,35.885042,,35.875407800000005,35.885042,36.88291659999999,36.88291659999999,36.899444800000026,37.39975450000003,t,0.5105187999999998,None,MET,001,2025-11-05_15h05.10.714,delay discounting,,2025.1.1,60.05382023369,2025-11-05 15h05.19.188536 +0530,
49,88,67,10,10,0,t,0.5865349000000037,None,0,10,10,36,37.41597949999999,,37.403668900000014,37.41597949999999,38.416061600000035,38.416061600000035,38.416061600000035,39.01553799999999,t,0.5865349000000037,None,MET,001,2025-11-05_15h05.10.714,delay discounting,,2025.1.1,60.05382023369,2025-11-05 15h05.19.188536 +0530,
4,92,98,11,11,0,l,0.7482747000000245,None,0,11,11,5,39.03095780000001,,39.02167990000004,39.03095780000001,40.03071170000004,40.03071170000004,40.03071170000004,40.78123440000002,l,0.7482747000000245,None,MET,001,2025-11-05_15h05.10.714,delay discounting,,2025.1.1,60.05382023369,2025-11-05 15h05.19.188536 +0530,
13,62,88,12,12,0,l,0.9506568999999558,None,0,12,12,39,40.79646109999999,,40.78728219999999,40.79646109999999,41.79566540000002,41.79566540000002,41.81213580000002,42.763152200000036,l,0.9506568999999558,None,MET,001,2025-11-05_15h05.10.714,delay discounting,,2025.1.1,60.05382023369,2025-11-05 15h05.19.188536 +0530,
15,100,121,13,13,0,l,0.7520046999999863,None,0,13,13,63,42.77902720000003,,42.77373260000002,42.77902720000003,43.777804600000024,43.777804600000024,43.793175899999994,44.54454820000001,l,0.7520046999999863,None,MET,001,2025-11-05_15h05.10.714,delay discounting,,2025.1.1,60.05382023369,2025-11-05 15h05.19.188536 +0530,
48,74,94,14,14,0,t,0.7341734000000315,None,0,14,14,76,44.56005550000003,,44.5516078,44.56005550000003,45.55948440000003,45.55948440000003,45.55948440000003,46.310256100000004,t,0.7341734000000315,None,MET,001,2025-11-05_15h05.10.714,delay discounting,,2025.1.1,60.05382023369,2025-11-05 15h05.19.188536 +0530,
9,70,96,15,15,0,l,0.8965707999999495,None,0,15,15,90,46.32718600000004,,46.3155357,46.32718600000004,47.32381520000001,47.32381520000001,47.34100219999999,48.22556020000002,l,0.8965707999999495,None,MET,001,2025-11-05_15h05.10.714,delay discounting,,2025.1.1,60.05382023369,2025-11-05 15h05.19.188536 +0530,
34,88,112,16,16,0,l,1.0887311000000182,None,0,16,16,46,48.24258100000003,,48.23343700000004,48.24258100000003,49.2410481,49.2410481,49.256396600000016,50.339612999999986,l,1.0887311000000182,None,MET,001,2025-11-05_15h05.10.714,delay discounting,,2025.1.1,60.05382023369,2025-11-05 15h05.19.188536 +0530,
6,74,147,17,17,0,l,0.7733516000000122,None,0,17,17,62,50.35554280000002,,50.34444189999999,50.35554280000002,51.35458440000002,51.35458440000002,51.37086470000003,52.1376171,l,0.7733516000000122,None,MET,001,2025-11-05_15h05.10.714,delay discounting,,2025.1.1,60.05382023369,2025-11-05 15h05.19.188536 +0530,
22,70,48,18,18,0,t,0.48262170000003835,None,0,18,18,15,52.15376520000001,,52.1434309,52.15376520000001,53.1539578,53.1539578,53.1539578,53.65386540000003,t,0.48262170000003835,None,MET,001,2025-11-05_15h05.10.714,delay discounting,,2025.1.1,60.05382023369,2025-11-05 15h05.19.188536 +0530,
22,88,100,19,19,0,t,0.3170969000000241,None,0,19,19,55,53.668919500000015,,53.658109800000034,53.668919500000015,54.6683539,54.6683539,54.6683539,55.00211920000004,t,0.3170969000000241,None,MET,001,2025-11-05_15h05.10.714,delay discounting,,2025.1.1,60.05382023369,2025-11-05 15h05.19.188536 +0530,
7,67,115,20,20,0,t,0.2606609999999705,None,0,20,20,16,55.01789510000003,,55.006240200000036,55.01789510000003,56.0008507,56.0008507,56.01782639999999,56.2678181,t,0.2606609999999705,None,MET,001,2025-11-05_15h05.10.714,delay discounting,,2025.1.1,60.05382023369,2025-11-05 15h05.19.188536 +0530,
25,61,58,21,21,0,t,0.7510434999999802,None,0,21,21,56,56.2836221,,56.27239380000003,56.2836221,57.28287510000001,57.28287510000001,57.2997742,58.04949090000002,t,0.7510434999999802,None,MET,001,2025-11-05_15h05.10.714,delay discounting,,2025.1.1,60.05382023369,2025-11-05 15h05.19.188536 +0530,
25,92,142,22,22,0,l,0.733985099999984,None,0,22,22,94,58.0658722,,58.05571630000003,58.0658722,59.04894250000001,59.04894250000001,59.06572170000004,59.798535000000015,l,0.733985099999984,None,MET,001,2025-11-05_15h05.10.714,delay discounting,,2025.1.1,60.05382023369,2025-11-05 15h05.19.188536 +0530,
25,97,148,23,23,0,l,1.160950899999989,None,0,23,23,25,59.81506310000003,,59.80216100000001,59.81506310000003,60.813102000000015,60.813102000000015,60.830310199999985,61.979902400000014,l,1.160950899999989,None,MET,001,2025-11-05_15h05.10.714,delay discounting,,2025.1.1,60.05382023369,2025-11-05 15h05.19.188536 +0530,
8,99,34,24,24,0,l,0.6236199999999599,None,0,24,24,77,61.99530370000002,,61.98568850000004,61.99530370000002,62.995270600000026,62.995270600000026,62.995270600000026,63.62801669999999,l,0.6236199999999599,None,MET,001,2025-11-05_15h05.10.714,delay discounting,,2025.1.1,60.05382023369,2025-11-05 15h05.19.188536 +0530,
42,94,108,25,25,0,l,1.3954718999999614,None,0,25,25,92,63.64398060000002,,63.633126900000036,63.64398060000002,64.64411330000001,64.64411330000001,64.64411330000001,66.04383860000002,l,1.3954718999999614,None,MET,001,2025-11-05_15h05.10.714,delay discounting,,2025.1.1,60.05382023369,2025-11-05 15h05.19.188536 +0530,
22,77,97,26,26,0,t,0.7345851999999695,None,0,26,26,96,66.05976530000004,,66.05083830000001,66.05976530000004,67.0587271,67.0587271,67.0587271,67.80892520000003,t,0.7345851999999695,None,MET,001,2025-11-05_15h05.10.714,delay discounting,,2025.1.1,60.05382023369,2025-11-05 15h05.19.188536 +0530,
25,72,41,27,27,0,l,1.167612599999984,None,0,27,27,26,67.82483840000003,,67.8153044,67.82483840000003,68.8236736,68.8236736,68.84059830000001,70.00663070000002,l,1.167612599999984,None,MET,001,2025-11-05_15h05.10.714,delay discounting,,2025.1.1,60.05382023369,2025-11-05 15h05.19.188536 +0530,
42,68,123,28,28,0,t,0.7884543999999778,None,0,28,28,75,70.02282980000001,,70.01264730000003,70.02282980000001,71.02209620000002,71.02209620000002,71.02209620000002,71.82168560000002,t,0.7884543999999778,None,MET,001,2025-11-05_15h05.10.714,delay discounting,,2025.1.1,60.05382023369,2025-11-05 15h05.19.188536 +0530,
13,74,110,29,29,0,t,0.3902190999999675,None,0,29,29,78,71.83734709999999,,71.82622900000001,71.83734709999999,72.83697460000002,72.83697460000002,72.83697460000002,73.23796909999999,t,0.3902190999999675,None,MET,001,2025-11-05_15h05.10.714,delay discounting,,2025.1.1,60.05382023369,2025-11-05 15h05.19.188536 +0530,
6,82,99,30,30,0,l,0.676351000000011,None,0,30,30,14,73.2539486,,73.24387580000001,73.2539486,74.2527025,74.2527025,74.2527025,74.93586429999999,l,0.676351000000011,None,MET,001,2025-11-05_15h05.10.714,delay discounting,,2025.1.1,60.05382023369,2025-11-05 15h05.19.188536 +0530,
44,94,90,31,31,0,l,0.6272794000000204,None,0,31,31,95,74.95171859999999,,74.94044300000002,74.95171859999999,75.95142780000003,75.95142780000003,75.95142780000003,76.58454560000001,l,0.6272794000000204,None,MET,001,2025-11-05_15h05.10.714,delay discounting,,2025.1.1,60.05382023369,2025-11-05 15h05.19.188536 +0530,
3,76,37,32,32,0,l,0.6339815999999701,None,0,32,32,17,76.60068190000004,,76.59089800000004,76.60068190000004,77.59955510000003,77.59955510000003,77.6170965,78.24927990000003,l,0.6339815999999701,None,MET,001,2025-11-05_15h05.10.714,delay discounting,,2025.1.1,60.05382023369,2025-11-05 15h05.19.188536 +0530,
49,94,57,33,33,0,t,0.45030610000003435,None,0,33,33,97,78.2661182,,78.2543652,78.2661182,79.26526280000002,79.26526280000002,79.2821338,79.7318009,t,0.45030610000003435,None,MET,001,2025-11-05_15h05.10.714,delay discounting,,2025.1.1,60.05382023369,2025-11-05 15h05.19.188536 +0530,
35,52,122,34,34,0,t,0.35566849999997885,None,0,34,34,67,79.74769140000001,,79.73555149999999,79.74769140000001,80.74681040000002,80.74681040000002,80.74681040000002,81.1140537,t,0.35566849999997885,None,MET,001,2025-11-05_15h05.10.714,delay discounting,,2025.1.1,60.05382023369,2025-11-05 15h05.19.188536 +0530,
9,68,69,35,35,0,l,0.6000378999999612,None,0,35,35,98,81.13015250000001,,81.1189263,81.13015250000001,82.12978730000003,82.12978730000003,82.12978730000003,82.74583360000003,l,0.6000378999999612,None,MET,001,2025-11-05_15h05.10.714,delay discounting,,2025.1.1,60.05382023369,2025-11-05 15h05.19.188536 +0530,
44,90,115,36,36,0,t,0.4224542000000042,None,0,36,36,42,82.76240330000002,,82.7490257,82.76240330000002,83.7610421,83.7610421,83.77869430000004,84.19422930000002,t,0.4224542000000042,None,MET,001,2025-11-05_15h05.10.714,delay discounting,,2025.1.1,60.05382023369,2025-11-05 15h05.19.188536 +0530,
2,64,61,37,37,0,l,0.9364506999999662,None,0,37,37,35,84.21144100000004,,84.1989911,84.21144100000004,85.2098962,85.2098962,85.2264391,86.1596346,l,0.9364506999999662,None,MET,001,2025-11-05_15h05.10.714,delay discounting,,2025.1.1,60.05382023369,2025-11-05 15h05.19.188536 +0530,
36,68,74,38,38,0,t,0.5143362999999681,None,0,38,38,65,86.17590410000003,,86.16540270000002,86.17590410000003,87.15832490000003,87.15832490000003,87.1751463,87.6760066,t,0.5143362999999681,None,MET,001,2025-11-05_15h05.10.714,delay discounting,,2025.1.1,60.05382023369,2025-11-05 15h05.19.188536 +0530,
19,57,135,39,39,0,t,0.6242464999999697,None,0,39,39,57,87.69140550000003,,87.6832867,87.69140550000003,88.69082400000002,88.69082400000002,88.69082400000002,89.32290660000001,t,0.6242464999999697,None,MET,001,2025-11-05_15h05.10.714,delay discounting,,2025.1.1,60.05382023369,2025-11-05 15h05.19.188536 +0530,
1,88,93,40,40,0,t,0.8406042999999954,None,0,40,40,47,89.33970540000001,,89.32666130000001,89.33970540000001,90.3384375,90.3384375,90.3384375,91.18903599999999,t,0.8406042999999954,None,MET,001,2025-11-05_15h05.10.714,delay discounting,,2025.1.1,60.05382023369,2025-11-05 15h05.19.188536 +0530,
34,61,70,41,41,0,l,0.4842891999999779,None,0,41,41,34,91.2045048,,91.1931136,91.2045048,92.2046191,92.2046191,92.2046191,92.7042477,l,0.4842891999999779,None,MET,001,2025-11-05_15h05.10.714,delay discounting,,2025.1.1,60.05382023369,2025-11-05 15h05.19.188536 +0530,
23,87,143,42,42,0,l,0.6677263000000266,None,0,42,42,12,92.7200583,,92.71035770000003,92.7200583,93.72004450000003,93.72004450000003,93.72004450000003,94.4027175,l,0.6677263000000266,None,MET,001,2025-11-05_15h05.10.714,delay discounting,,2025.1.1,60.05382023369,2025-11-05 15h05.19.188536 +0530,
17,87,149,43,43,0,l,0.6842813000000092,None,0,43,43,68,94.41897610000001,,94.40694780000001,94.41897610000001,95.41940800000003,95.41940800000003,95.41940800000003,96.11855589999999,l,0.6842813000000092,None,MET,001,2025-11-05_15h05.10.714,delay discounting,,2025.1.1,60.05382023369,2025-11-05 15h05.19.188536 +0530,
49,85,125,44,44,0,l,2.4403892999999925,None,0,44,44,59,96.13416890000002,,96.12222840000004,96.13416890000002,97.13384310000004,97.13384310000004,97.13384310000004,99.58246300000002,l,2.4403892999999925,None,MET,001,2025-11-05_15h05.10.714,delay discounting,,2025.1.1,60.05382023369,2025-11-05 15h05.19.188536 +0530,
21,86,78,45,45,0,l,1.5505309000000125,None,0,45,45,3,99.59829489999998,,99.58939780000003,99.59829489999998,100.5974688,100.5974688,100.6140853,102.16350820000002,l,1.5505309000000125,None,MET,001,2025-11-05_15h05.10.714,delay discounting,,2025.1.1,60.05382023369,2025-11-05 15h05.19.188536 +0530,
45,78,66,46,46,0,t,0.948819799999967,None,0,46,46,58,102.17898580000002,,102.17017800000002,102.17898580000002,103.17841870000001,103.17841870000001,103.17841870000001,104.1448648,t,0.948819799999967,None,MET,001,2025-11-05_15h05.10.714,delay discounting,,2025.1.1,60.05382023369,2025-11-05 15h05.19.188536 +0530,
41,73,121,47,47,0,t,0.6530536999999867,None,0,47,47,71,104.16031680000003,,104.14944159999999,104.16031680000003,105.1612331,105.1612331,105.1612331,105.82795550000003,t,0.6530536999999867,None,MET,001,2025-11-05_15h05.10.714,delay discounting,,2025.1.1,60.05382023369,2025-11-05 15h05.19.188536 +0530,
17,78,73,48,48,0,l,0.6205858000000148,None,0,48,48,18,105.84266810000003,,105.83386440000004,105.84266810000003,106.84218859999999,106.84218859999999,106.84218859999999,107.47545480000002,l,0.6205858000000148,None,MET,001,2025-11-05_15h05.10.714,delay discounting,,2025.1.1,60.05382023369,2025-11-05 15h05.19.188536 +0530,
34,78,145,49,49,0,l,0.715834099999995,None,0,49,49,21,107.49192850000003,,107.48217199999999,107.49192850000003,108.4913694,108.4913694,108.4913694,109.2242948,l,0.715834099999995,None,MET,001,2025-11-05_15h05.10.714,delay discounting,,2025.1.1,60.05382023369,2025-11-05 15h05.19.188536 +0530,
18,100,69,50,50,0,l,0.6731252000000154,None,0,50,50,13,109.23997860000003,,109.22977380000003,109.23997860000003,110.2394731,110.2394731,110.2394731,110.92279780000001,l,0.6731252000000154,None,MET,001,2025-11-05_15h05.10.714,delay discounting,,2025.1.1,60.05382023369,2025-11-05 15h05.19.188536 +0530,
1,59,137,51,51,0,l,1.8552434000000062,None,0,51,51,4,110.9383621,,110.92799480000002,110.9383621,111.93746120000003,111.93746120000003,111.93746120000003,113.80375630000003,l,1.8552434000000062,None,MET,001,2025-11-05_15h05.10.714,delay discounting,,2025.1.1,60.05382023369,2025-11-05 15h05.19.188536 +0530,
37,68,107,52,52,0,l,0.7747674000000302,None,0,52,52,32,113.82053930000001,,113.8093834,113.82053930000001,114.81898810000001,114.81898810000001,114.81898810000001,115.60242930000004,l,0.7747674000000302,None,MET,001,2025-11-05_15h05.10.714,delay discounting,,2025.1.1,60.05382023369,2025-11-05 15h05.19.188536 +0530,
6,81,38,53,53,0,l,1.3153247999999849,None,0,53,53,23,115.61833210000003,,115.60913320000003,115.61833210000003,116.61806840000003,116.61806840000003,116.61806840000003,117.93503950000002,l,1.3153247999999849,None,MET,001,2025-11-05_15h05.10.714,delay discounting,,2025.1.1,60.05382023369,2025-11-05 15h05.19.188536 +0530,
25,96,47,54,54,0,t,1.091908999999987,None,0,54,54,27,117.95046030000003,,117.94377839999999,117.95046030000003,118.94948490000002,118.94948490000002,118.94948490000002,120.04811740000002,t,1.091908999999987,None,MET,001,2025-11-05_15h05.10.714,delay discounting,,2025.1.1,60.05382023369,2025-11-05 15h05.19.188536 +0530,
33,71,76,55,55,0,l,0.6018771999999899,None,0,55,55,48,120.0642307,,120.05245560000003,120.0642307,121.04713040000001,121.04713040000001,121.06459360000002,121.66397590000003,l,0.6018771999999899,None,MET,001,2025-11-05_15h05.10.714,delay discounting,,2025.1.1,60.05382023369,2025-11-05 15h05.19.188536 +0530,
8,83,91,56,56,0,l,0.4625778000000196,None,0,56,56,30,121.68016850000004,,121.66896630000002,121.68016850000004,122.67944560000001,122.67944560000001,122.69673879999999,123.1468324,l,0.4625778000000196,None,MET,001,2025-11-05_15h05.10.714,delay discounting,,2025.1.1,60.05382023369,2025-11-05 15h05.19.188536 +0530,
31,68,56,57,57,0,l,0.07350959999996576,None,0,57,57,41,123.1628288,,123.15690340000003,123.1628288,124.16157250000003,124.16157250000003,124.16157250000003,124.24626699999999,l,0.07350959999996576,None,MET,001,2025-11-05_15h05.10.714,delay discounting,,2025.1.1,60.05382023369,2025-11-05 15h05.19.188536 +0530,
38,76,108,58,58,0,l,0.07549170000004324,None,0,58,58,28,124.26178090000002,,124.25290419999999,124.26178090000002,125.26041320000002,125.26041320000002,125.27690100000001,125.34344529999998,l,0.07549170000004324,None,MET,001,2025-11-05_15h05.10.714,delay discounting,,2025.1.1,60.05382023369,2025-11-05 15h05.19.188536 +0530,
39,93,39,59,59,0,l,0.432926899999984,None,0,59,59,80,125.3598308,,125.34730960000002,125.3598308,126.34335850000002,126.34335850000002,126.35943660000004,126.7769518,l,0.432926899999984,None,MET,001,2025-11-05_15h05.10.714,delay discounting,,2025.1.1,60.05382023369,2025-11-05 15h05.19.188536 +0530,
45,73,69,60,60,0,t,0.4684996999999953,None,0,60,60,38,126.7933372,,126.78228089999999,126.7933372,127.7918477,127.7918477,127.80904830000003,128.27630950000002,t,0.4684996999999953,None,MET,001,2025-11-05_15h05.10.714,delay discounting,,2025.1.1,60.05382023369,2025-11-05 15h05.19.188536 +0530,
43,75,128,61,61,0,t,0.5084779000000026,None,0,61,61,93,128.2908976,,128.28237660000002,128.2908976,129.2902955,129.2902955,129.2902955,129.80728830000004,t,0.5084779000000026,None,MET,001,2025-11-05_15h05.10.714,delay discounting,,2025.1.1,60.05382023369,2025-11-05 15h05.19.188536 +0530,
25,81,126,62,62,0,l,0.6246466000000055,None,0,62,62,79,129.82340780000004,,129.81224000000003,129.82340780000004,130.82236790000002,130.82236790000002,130.82236790000002,131.4564067,l,0.6246466000000055,None,MET,001,2025-11-05_15h05.10.714,delay discounting,,2025.1.1,60.05382023369,2025-11-05 15h05.19.188536 +0530,
44,75,56,63,63,0,t,0.419356300000004,None,0,63,63,37,131.4711524,,131.4616663,131.4711524,132.47105340000002,132.47105340000002,132.47105340000002,132.9057216,t,0.419356300000004,None,MET,001,2025-11-05_15h05.10.714,delay discounting,,2025.1.1,60.05382023369,2025-11-05 15h05.19.188536 +0530,
8,63,60,64,64,0,l,0.6657960999999659,None,0,64,64,29,132.9208984,,132.91341979999999,132.9208984,133.91991410000003,133.91991410000003,133.91991410000003,134.5871065,l,0.6657960999999659,None,MET,001,2025-11-05_15h05.10.714,delay discounting,,2025.1.1,60.05382023369,2025-11-05 15h05.19.188536 +0530,
18,88,147,65,65,0,t,0.28606600000000526,None,0,65,65,43,134.60310100000004,,134.59087700000003,134.60310100000004,135.6032687,135.6032687,135.6032687,135.9029726,t,0.28606600000000526,None,MET,001,2025-11-05_15h05.10.714,delay discounting,,2025.1.1,60.05382023369,2025-11-05 15h05.19.188536 +0530,
36,57,118,66,66,0,t,0.5693296000000032,None,0,66,66,89,135.9183107,,135.90778420000004,135.9183107,136.9179537,136.9179537,136.9179537,137.50154280000004,t,0.5693296000000032,None,MET,001,2025-11-05_15h05.10.714,delay discounting,,2025.1.1,60.05382023369,2025-11-05 15h05.19.188536 +0530,
5,74,145,67,67,0,l,2.2121201000000497,None,0,67,67,73,137.5170766,,137.50628440000003,137.5170766,138.5572851,138.5572851,138.5572851,140.78264790000003,l,2.2121201000000497,None,MET,001,2025-11-05_15h05.10.714,delay discounting,,2025.1.1,60.05382023369,2025-11-05 15h05.19.188536 +0530,
41,77,61,68,68,0,l,1.2201531000000045,None,0,68,68,85,140.7981711,,140.7878877,140.7981711,141.79711830000002,141.79711830000002,141.79711830000002,143.031004,l,1.2201531000000045,None,MET,001,2025-11-05_15h05.10.714,delay discounting,,2025.1.1,60.05382023369,2025-11-05 15h05.19.188536 +0530,
37,93,131,69,69,0,t,1.1627660000000333,None,0,69,69,99,143.0462154,,143.03549830000003,143.0462154,144.04515700000002,144.04515700000002,144.04515700000002,145.2122091,t,1.1627660000000333,None,MET,001,2025-11-05_15h05.10.714,delay discounting,,2025.1.1,60.05382023369,2025-11-05 15h05.19.188536 +0530,
21,82,35,70,70,0,t,1.225161700000001,None,0,70,70,72,145.22798540000002,,145.21881280000002,145.22798540000002,146.22789699999998,146.22789699999998,146.22789699999998,147.4598653,t,1.225161700000001,None,MET,001,2025-11-05_15h05.10.714,delay discounting,,2025.1.1,60.05382023369,2025-11-05 15h05.19.188536 +0530,
32,66,85,71,71,0,l,0.34966409999998405,None,0,71,71,31,147.47636650000004,,147.46432550000003,147.47636650000004,148.47549270000002,148.47549270000002,148.4914068,148.84195010000002,l,0.34966409999998405,None,MET,001,2025-11-05_15h05.10.714,delay discounting,,2025.1.1,60.05382023369,2025-11-05 15h05.19.188536 +0530,
13,88,32,72,72,0,l,0.9002882999999997,None,0,72,72,82,148.8578582,,148.8476976,148.8578582,149.8571094,149.8571094,149.8571094,150.7739295,l,0.9002882999999997,None,MET,001,2025-11-05_15h05.10.714,delay discounting,,2025.1.1,60.05382023369,2025-11-05 15h05.19.188536 +0530,
26,79,79,73,73,0,t,0.28244310000002315,None,0,73,73,44,150.79034660000002,,150.7794662,150.79034660000002,151.7886937,151.7886937,151.80619289999999,152.07267230000002,t,0.28244310000002315,None,MET,001,2025-11-05_15h05.10.714,delay discounting,,2025.1.1,60.05382023369,2025-11-05 15h05.19.188536 +0530,
19,79,43,74,74,0,l,1.0451082999999812,None,0,74,74,24,152.0878265,,152.07721960000003,152.0878265,153.0879498,153.0879498,153.0879498,154.1377078,l,1.0451082999999812,None,MET,001,2025-11-05_15h05.10.714,delay discounting,,2025.1.1,60.05382023369,2025-11-05 15h05.19.188536 +0530,
10,83,93,75,75,0,l,0.7074375999999916,None,0,75,75,10,154.1539904,,154.14306190000002,154.1539904,155.1530768,155.1530768,155.17016089999998,155.87023729999999,l,0.7074375999999916,None,MET,001,2025-11-05_15h05.10.714,delay discounting,,2025.1.1,60.05382023369,2025-11-05 15h05.19.188536 +0530,
6,54,46,76,76,0,t,0.2961351999999806,None,0,76,76,6,155.8858621,,155.8793587,155.8858621,156.88495190000003,156.88495190000003,156.88495190000003,157.18661930000002,t,0.2961351999999806,None,MET,001,2025-11-05_15h05.10.714,delay discounting,,2025.1.1,60.05382023369,2025-11-05 15h05.19.188536 +0530,
45,78,81,77,77,0,l,0.2959280000000035,None,0,77,77,1,157.2012267,,157.19262170000002,157.2012267,158.20076690000002,158.20076690000002,158.20076690000002,158.5016041,l,0.2959280000000035,None,MET,001,2025-11-05_15h05.10.714,delay discounting,,2025.1.1,60.05382023369,2025-11-05 15h05.19.188536 +0530,
11,58,89,78,78,0,l,0.7231830000000059,None,0,78,78,0,158.5163857,,158.5080701,158.5163857,159.5157734,159.5157734,159.5157734,160.24879960000004,l,0.7231830000000059,None,MET,001,2025-11-05_15h05.10.714,delay discounting,,2025.1.1,60.05382023369,2025-11-05 15h05.19.188536 +0530,
50,59,147,79,79,0,t,0.25994350000001987,None,0,79,79,7,160.2674497,,160.25432410000002,160.2674497,161.2477672,161.2477672,161.2809838,161.5157077,t,0.25994350000001987,None,MET,001,2025-11-05_15h05.10.714,delay discounting,,2025.1.1,60.05382023369,2025-11-05 15h05.19.188536 +0530,
38,96,90,80,80,0,l,0.30808330000002115,None,0,80,80,8,161.5324764,,161.5255353,161.5324764,162.5301477,162.5301477,162.5476365,162.84717799999999,l,0.30808330000002115,None,MET,001,2025-11-05_15h05.10.714,delay discounting,,2025.1.1,60.05382023369,2025-11-05 15h05.19.188536 +0530,
20,94,116,81,81,0,t,0.2649938000000134,None,0,81,81,66,162.86269240000001,,162.8522142,162.86269240000001,163.8463281,163.8463281,163.8626175,164.11255900000003,t,0.2649938000000134,None,MET,001,2025-11-05_15h05.10.714,delay discounting,,2025.1.1,60.05382023369,2025-11-05 15h05.19.188536 +0530,
45,89,48,82,82,0,l,0.2992978999999991,None,0,82,82,22,164.1285466,,164.11693230000003,164.1285466,165.1281257,165.1281257,165.1281257,165.4289855,l,0.2992978999999991,None,MET,001,2025-11-05_15h05.10.714,delay discounting,,2025.1.1,60.05382023369,2025-11-05 15h05.19.188536 +0530,
5,52,94,83,83,0,t,0.2597370999999953,None,0,83,83,81,165.44439979999999,,165.43391310000004,165.44439979999999,166.44446350000004,166.44446350000004,166.44446350000004,166.7105047,t,0.2597370999999953,None,MET,001,2025-11-05_15h05.10.714,delay discounting,,2025.1.1,60.05382023369,2025-11-05 15h05.19.188536 +0530,
8,85,60,84,84,0,l,0.9936013999999886,None,0,84,84,54,166.72670770000002,,166.7149422,166.72670770000002,167.72583910000003,167.72583910000003,167.742259,168.72530360000002,l,0.9936013999999886,None,MET,001,2025-11-05_15h05.10.714,delay discounting,,2025.1.1,60.05382023369,2025-11-05 15h05.19.188536 +0530,
3,80,63,85,85,0,l,0.5517540999999824,None,0,85,85,84,168.7414847,,168.73073620000002,168.7414847,169.7408074,169.7408074,169.7408074,170.30831740000002,l,0.5517540999999824,None,MET,001,2025-11-05_15h05.10.714,delay discounting,,2025.1.1,60.05382023369,2025-11-05 15h05.19.188536 +0530,
35,69,92,86,86,0,t,0.28977249999996957,None,0,86,86,53,170.323642,,170.3125862,170.323642,171.32290920000003,171.32290920000003,171.33950750000002,171.62276380000003,t,0.28977249999996957,None,MET,001,2025-11-05_15h05.10.714,delay discounting,,2025.1.1,60.05382023369,2025-11-05 15h05.19.188536 +0530,
43,77,60,87,87,0,t,0.294069200000024,None,0,87,87,91,171.63917700000002,,171.62600810000004,171.63917700000002,172.62182360000003,172.62182360000003,172.6386385,172.92181060000001,t,0.294069200000024,None,MET,001,2025-11-05_15h05.10.714,delay discounting,,2025.1.1,60.05382023369,2025-11-05 15h05.19.188536 +0530,
50,79,129,88,88,0,t,0.32606989999999314,None,0,88,88,86,172.9380496,,172.9251782,172.9380496,173.9209348,173.9209348,173.93708880000003,174.2550445,t,0.32606989999999314,None,MET,001,2025-11-05_15h05.10.714,delay discounting,,2025.1.1,60.05382023369,2025-11-05 15h05.19.188536 +0530,
3,85,74,89,89,0,t,0.36930399999999963,None,0,89,89,20,174.27141470000004,,174.26483280000002,174.27141470000004,175.26952340000003,175.26952340000003,175.2868502,175.6535692,t,0.36930399999999963,None,MET,001,2025-11-05_15h05.10.714,delay discounting,,2025.1.1,60.05382023369,2025-11-05 15h05.19.188536 +0530,
39,83,87,90,90,0,l,0.262811499999998,None,0,90,90,64,175.66966760000003,,175.6563362,175.66966760000003,176.6683527,176.6683527,176.68526100000003,176.93548200000004,l,0.262811499999998,None,MET,001,2025-11-05_15h05.10.714,delay discounting,,2025.1.1,60.05382023369,2025-11-05 15h05.19.188536 +0530,
34,91,37,91,91,0,l,0.5937456999999995,None,0,91,91,87,176.95158150000003,,176.9391908,176.95158150000003,177.9513033,177.9513033,177.9513033,178.55080750000002,l,0.5937456999999995,None,MET,001,2025-11-05_15h05.10.714,delay discounting,,2025.1.1,60.05382023369,2025-11-05 15h05.19.188536 +0530,
5,85,125,92,92,0,t,0.41520219999995334,None,0,92,92,61,178.56646920000003,,178.55526610000004,178.56646920000003,179.55002380000002,179.55002380000002,179.5669757,179.96719440000004,t,0.41520219999995334,None,MET,001,2025-11-05_15h05.10.714,delay discounting,,2025.1.1,60.05382023369,2025-11-05 15h05.19.188536 +0530,
3,92,57,93,93,0,l,0.6854507999999555,None,0,93,93,74,179.98259260000003,,179.9740139,179.98259260000003,180.98208820000002,180.98208820000002,180.98208820000002,181.6817772,l,0.6854507999999555,None,MET,001,2025-11-05_15h05.10.714,delay discounting,,2025.1.1,60.05382023369,2025-11-05 15h05.19.188536 +0530,
19,58,61,94,94,0,l,1.667505800000015,None,0,94,94,40,181.69751690000004,,181.68912699999998,181.69751690000004,182.69799940000001,182.69799940000001,182.69799940000001,184.37991870000002,l,1.667505800000015,None,MET,001,2025-11-05_15h05.10.714,delay discounting,,2025.1.1,60.05382023369,2025-11-05 15h05.19.188536 +0530,
20,82,93,95,95,0,l,1.1413565999999946,None,0,95,95,9,184.39582180000002,,184.38611939999998,184.39582180000002,185.3948535,185.3948535,185.411154,186.54486380000003,l,1.1413565999999946,None,MET,001,2025-11-05_15h05.10.714,delay discounting,,2025.1.1,60.05382023369,2025-11-05 15h05.19.188536 +0530,
38,56,108,96,96,0,t,2.153826600000002,None,0,96,96,51,186.55967860000004,,186.54990370000002,186.55967860000004,187.55941860000001,187.55941860000001,187.55941860000001,189.7244988,t,2.153826600000002,None,MET,001,2025-11-05_15h05.10.714,delay discounting,,2025.1.1,60.05382023369,2025-11-05 15h05.19.188536 +0530,
36,73,89,97,97,0,l,0.842097200000012,None,0,97,97,19,189.740841,,189.73077419999998,189.740841,190.72650720000001,190.72650720000001,190.7417064,191.5739732,l,0.842097200000012,None,MET,001,2025-11-05_15h05.10.714,delay discounting,,2025.1.1,60.05382023369,2025-11-05 15h05.19.188536 +0530,
41,93,115,98,98,0,l,1.9250494000000344,None,0,98,98,49,191.58919230000004,,191.5790564,191.58919230000004,192.58839390000003,192.58839390000003,192.58839390000003,194.52129840000003,l,1.9250494000000344,None,MET,001,2025-11-05_15h05.10.714,delay discounting,,2025.1.1,60.05382023369,2025-11-05 15h05.19.188536 +0530,
43,85,91,99,99,0,l,0.9374932000000058,None,0,99,99,88,194.53809060000003,,194.52619100000004,194.53809060000003,195.5361507,195.5361507,195.5531654,196.4862958,l,0.9374932000000058,None,MET,001,2025-11-05_15h05.10.714,delay discounting,,2025.1.1,60.05382023369,2025-11-05 15h05.19.188536 +0530,
