delay,freq,condition,thisN,thisTrialN,thisRepN,key_resp.keys,key_resp.rt,key_resp.duration,textbox.text,button.numClicks,button.timesOn,button.timesOff,trials.thisRepN,trials.thisTrialN,trials.thisN,trials.thisIndex,thisRow.t,notes,trial.started,fixation.started,polygon.started,key_resp.started,fixation.stopped,trial.stopped,trials.key_resp.keys,trials.key_resp.rt,trials.key_resp.duration,beep.started,sound_1.started,sound_1.stopped,beep.stopped,response.started,text.started,textbox.started,button.started,response.stopped,trials.textbox.text,trials.button.numClicks,trials.button.timesOn,trials.button.timesOff,participant,session,date,expName,expVersion,psychopyVersion,frameRate,expStart,
0.1,400,unexp,0,0,0,space,15.37445960000332,None,1,1,[12.537684399998398],[12.53770539999823],0,0,0,0,0.020755899997311644,,0.01785760000348091,0.020755899997311644,1.0037689000018872,1.0037689000018872,1.0205256000044756,16.42084170000453,space,15.37445960000332,None,16.421732200004044,16.52446546666421,16.84778589999769,16.82335520000197,16.824655799995526,16.84778589999769,16.84778589999769,16.84778589999769,29.386069200001657,1,1,[12.537684399998398],[12.53770539999823],MMM,001,2025-11-13_20h43.13.729,intentional binding,,2025.1.1,60.062152313005356,2025-11-13 20h43.27.408791 +0530,
0.4,400,unexp,1,1,0,space,0.513251800002763,None,0.50,1,[16.973342999990564],[16.973360199990566],0,1,1,1,29.397015399998054,,29.386464800001704,29.397015399998054,30.396225999997114,30.396225999997114,30.412733000004664,30.913219299996854,space,0.513251800002763,None,30.914491899995483,31.31237316666035,31.62804640000104,31.6121337999939,31.612884899994242,31.62804640000104,31.62804640000104,31.62804640000104,48.60191399999894,0.50,1,[16.973342999990564],[16.973360199990566],MMM,001,2025-11-13_20h43.13.729,intentional binding,,2025.1.1,60.062152313005356,2025-11-13 20h43.27.408791 +0530,
0.7,400,unexp,2,2,0,space,1.5781654999882448,None,7,1,[8.601540699994075],[8.601550799998222],0,2,2,2,48.614644899993436,,48.60228910000296,48.614644899993436,49.6138837000035,49.6138837000035,49.6138837000035,51.196254399998,space,1.5781654999882448,None,51.197309099996346,51.91160276666439,52.221338000003016,52.209812700006296,52.210324700005,52.221338000003016,52.221338000003016,52.221338000003016,60.82333529999596,7,1,[8.601540699994075],[8.601550799998222],MMM,001,2025-11-13_20h43.13.729,intentional binding,,2025.1.1,60.062152313005356,2025-11-13 20h43.27.408791 +0530,
0.1,1000,exp,3,3,0,space,1.4950609000079567,None,1,1,[11.851223100005882],[11.851236599992262],0,3,3,3,60.837753100000555,,60.82358510000631,60.837753100000555,61.83698279999953,61.83698279999953,61.83698279999953,63.33652019999863,space,1.4950609000079567,None,63.337228399992455,63.452049566669544,63.758314099992276,63.7490087000042,63.74953729999834,63.758314099992276,63.758314099992276,63.758314099992276,75.60983349999879,1,1,[11.851223100005882],[11.851236599992262],MMM,001,2025-11-13_20h43.13.729,intentional binding,,2025.1.1,60.062152313005356,2025-11-13 20h43.27.408791 +0530,
0.4,1000,exp,4,4,0,space,1.3826404999999795,None,2,1,[3.986428700009128],[3.9864403000101447],0,4,4,4,75.62566419999348,,75.61009529999865,75.62566419999348,76.62495379999746,76.62495379999746,76.62495379999746,78.02445529999386,space,1.3826404999999795,None,78.02555900000152,78.42364386665965,78.7341035999998,78.72128569999768,78.72307179999189,78.7341035999998,78.7341035999998,78.7341035999998,82.72089009999763,2,1,[3.986428700009128],[3.9864403000101447],MMM,001,2025-11-13_20h43.13.729,intentional binding,,2025.1.1,60.062152313005356,2025-11-13 20h43.27.408791 +0530,
0.7,1000,exp,5,5,0,space,0.6186619999934919,None,4,1,[1.524763499997789],[1.5247834000037983],0,5,5,5,82.73645599999873,,82.72123729999294,82.73645599999873,83.73549629999616,83.73549629999616,83.73549629999616,84.36893749999581,space,0.6186619999934919,None,84.36950640000578,85.08419756665923,85.39479530000244,85.37965020000411,85.38025170000037,85.39479530000244,85.39479530000244,85.39479530000244,86.92020639999828,4,1,[1.524763499997789],[1.5247834000037983],MMM,001,2025-11-13_20h43.13.729,intentional binding,,2025.1.1,60.062152313005356,2025-11-13 20h43.27.408791 +0530,
0.1,1000,exp,6,6,0,space,0.9059445999882882,None,2,1,[1.9722880000044825],[1.9723002999962773],0,6,6,6,86.9329277999932,,86.92069400000037,86.9329277999932,87.93208569999842,87.93208569999842,87.93208569999842,88.8491309999954,space,0.9059445999882882,None,88.85021140000026,88.96488206666642,89.27594189999218,89.26201449999644,89.26366979999875,89.27594189999218,89.27594189999218,89.27594189999218,91.24866050000128,2,1,[1.9722880000044825],[1.9723002999962773],MMM,001,2025-11-13_20h43.13.729,intentional binding,,2025.1.1,60.062152313005356,2025-11-13 20h43.27.408791 +0530,
0.4,1000,exp,7,7,0,space,0.6299777000094764,None,5,1,[4.147677600005409],[4.147688600001857],0,7,7,7,91.26273639999272,,91.24897410000267,91.26273639999272,92.26178830000572,92.26178830000572,92.2782828000054,92.89486820000457,space,0.6299777000094764,None,92.89547940000193,93.29458836667278,93.59511959999509,93.58828349999385,93.58861679999973,93.59511959999509,93.59511959999509,93.59511959999509,97.7431002999947,5,1,[4.147677600005409],[4.147688600001857],MMM,001,2025-11-13_20h43.13.729,intentional binding,,2025.1.1,60.062152313005356,2025-11-13 20h43.27.408791 +0530,
0.7,1000,exp,8,8,0,space,0.7739066999929491,None,3,1,[3.7877175999892643],[3.787739999999758],0,8,8,8,97.7569996999955,,97.74334329999692,97.7569996999955,98.75655219999317,98.75655219999317,98.75655219999317,99.53971349999483,space,0.7739066999929491,None,99.54050659999484,100.23887086665879,100.5503888999956,100.54115400000592,100.54158419999294,100.5503888999956,100.5503888999956,100.5503888999956,104.33870189999288,3,1,[3.7877175999892643],[3.787739999999758],MMM,001,2025-11-13_20h43.13.729,intentional binding,,2025.1.1,60.062152313005356,2025-11-13 20h43.27.408791 +0530,
0.1,1000,exp,9,9,0,space,0.786322800006019,None,4,1,[1.5740036000061082],[1.5740294999995967],0,9,9,9,104.3521774999972,,104.33926690000226,104.3521774999972,105.35129510000115,105.35129510000115,105.35129510000115,106.15103069999896,space,0.786322800006019,None,106.15196810000634,106.2504168666676,106.55946170000243,106.55121900000086,106.55222179999691,106.55946170000243,106.55946170000243,106.55946170000243,108.13395560000208,4,1,[1.5740036000061082],[1.5740294999995967],MMM,001,2025-11-13_20h43.13.729,intentional binding,,2025.1.1,60.062152313005356,2025-11-13 20h43.27.408791 +0530,
0.4,1000,exp,10,10,0,space,0.9359181999898283,None,,1,[0.39068939999560826],[0.390710499996203],0,10,10,10,108.14882679999573,,108.13446820000536,108.14882679999573,109.14808319999429,109.14808319999429,109.14808319999429,110.09805309999501,space,0.9359181999898283,None,110.09917040000437,110.51364836666131,110.8233223999996,110.81150110000453,110.81216790000326,110.8233223999996,110.8233223999996,110.8233223999996,111.21461009999621,,1,[0.39068939999560826],[0.390710499996203],MMM,001,2025-11-13_20h43.13.729,intentional binding,,2025.1.1,60.062152313005356,2025-11-13 20h43.27.408791 +0530,
0.7,1000,exp,11,11,0,space,2.623065799998585,None,4,1,[3.100594000003184],[3.1006148000014946],0,11,11,11,111.2297494999948,,111.21513820000109,111.2297494999948,112.22867519999272,112.22867519999272,112.24515810000594,114.86021060000348,space,2.623065799998585,None,114.86082499999611,115.55951386667245,115.87435719999485,115.85850109999592,115.86085949999688,115.87435719999485,115.87435719999485,115.87435719999485,118.97539130000223,4,1,[3.100594000003184],[3.1006148000014946],MMM,001,2025-11-13_20h43.13.729,intentional binding,,2025.1.1,60.062152313005356,2025-11-13 20h43.27.408791 +0530,
0.1,400,unexp,12,0,1,space,0.564408000005642,None,3,1,[2.554026199999498],[2.554036500005168],1,0,12,0,118.98979989999498,,118.97564429999329,118.98979989999498,119.98880950000603,119.98880950000603,119.98880950000603,120.5557620000036,space,0.564408000005642,None,120.55675390000397,120.65518656665905,120.96703780000098,120.95222690000082,120.95280800000182,120.96703780000098,120.96703780000098,120.96703780000098,123.52142879999883,3,1,[2.554026199999498],[2.554036500005168],MMM,001,2025-11-13_20h43.13.729,intentional binding,,2025.1.1,60.062152313005356,2025-11-13 20h43.27.408791 +0530,
0.4,400,unexp,13,1,1,space,0.6590025999903446,None,7,1,[6.181200999999419],[6.181211899995105],1,1,13,1,123.53592569999455,,123.52166060000309,123.53592569999455,124.53535409999313,124.53535409999313,124.53535409999313,125.20201589999488,space,0.6590025999903446,None,125.20346900000004,125.60119996667005,125.91528899999685,125.8997565000027,125.90201970000635,125.91528899999685,125.91528899999685,125.91528899999685,132.09677889999875,7,1,[6.181200999999419],[6.181211899995105],MMM,001,2025-11-13_20h43.13.729,intentional binding,,2025.1.1,60.062152313005356,2025-11-13 20h43.27.408791 +0530,
0.7,400,unexp,14,2,1,space,0.5775448999920627,None,5,1,[2.60423830000218],[2.604250400007004],1,2,14,2,132.112432599999,,132.09703469999658,132.112432599999,133.11174170000595,133.11174170000595,133.11174170000595,133.69490240000596,space,0.5775448999920627,None,133.69555499999842,134.39404206666612,134.7081365000049,134.68901669999468,134.69267380000383,134.7081365000049,134.7081365000049,134.7081365000049,137.31280600000173,5,1,[2.60423830000218],[2.604250400007004],MMM,001,2025-11-13_20h43.13.729,intentional binding,,2025.1.1,60.062152313005356,2025-11-13 20h43.27.408791 +0530,
0.1,1000,exp,15,3,1,space,0.26334599999245256,None,2,1,[2.557444799997029],[2.5574655999953393],1,3,15,3,137.32497829999193,,137.31309670000337,137.32497829999193,138.32412409999233,138.32412409999233,138.32412409999233,138.5913631000003,space,0.26334599999245256,None,138.5924282000051,138.70687126666988,139.01457289999234,139.00243720000435,139.003040399999,139.01457289999234,139.01457289999234,139.01457289999234,141.57241989999602,2,1,[2.557444799997029],[2.5574655999953393],MMM,001,2025-11-13_20h43.13.729,intentional binding,,2025.1.1,60.062152313005356,2025-11-13 20h43.27.408791 +0530,
0.4,1000,exp,16,4,1,space,0.3171760999975959,None,2,1,[1.0443880999955582],[1.0443998999980977],1,4,16,4,141.58796299999813,,141.57287289999658,141.58796299999813,142.58732409999357,142.58732409999357,142.58732409999357,142.920882099992,space,0.3171760999975959,None,142.92157340000267,143.3366705666597,143.64300709999225,143.62969570000132,143.63092090000282,143.64300709999225,143.64300709999225,143.64300709999225,144.68777099999716,2,1,[1.0443880999955582],[1.0443998999980977],MMM,001,2025-11-13_20h43.13.729,intentional binding,,2025.1.1,60.062152313005356,2025-11-13 20h43.27.408791 +0530,
0.7,1000,exp,17,5,1,space,0.2031122000043979,None,3,1,[0.9429494999931194],[0.9429620000009891],1,5,17,5,144.70200789999217,,144.68811049999204,144.70200789999217,145.70141730000614,145.70141730000614,145.70141730000614,145.9187024999992,space,0.2031122000043979,None,145.91986510000424,146.6335596666652,146.9418585999956,146.93005179999454,146.93067420000443,146.9418585999956,146.9418585999956,146.9418585999956,147.88519960000122,3,1,[0.9429494999931194],[0.9429620000009891],MMM,001,2025-11-13_20h43.13.729,intentional binding,,2025.1.1,60.062152313005356,2025-11-13 20h43.27.408791 +0530,
0.1,1000,exp,18,6,1,space,0.2284901999955764,None,3,1,[1.590243600003305],[1.5902517000067746],1,6,18,6,147.89921639999375,,147.88551059999736,147.89921639999375,148.89845799999603,148.89845799999603,148.89845799999603,149.13243460000376,space,0.2284901999955764,None,149.13389309999184,149.23171916667005,149.5403970000043,149.52913510000508,149.529666500006,149.5403970000043,149.5403970000043,149.5403970000043,151.13092670000333,3,1,[1.590243600003305],[1.5902517000067746],MMM,001,2025-11-13_20h43.13.729,intentional binding,,2025.1.1,60.062152313005356,2025-11-13 20h43.27.408791 +0530,
0.4,1000,exp,19,7,1,space,0.281104099994991,None,3,1,[0.8348975999979302],[0.834910999998101],1,7,19,7,151.14676360000158,,151.13114519999363,151.14676360000158,152.14596559999336,152.14596559999336,152.14596559999336,152.4292157000018,space,0.281104099994991,None,152.42982510000002,152.8285094666683,153.14328259999456,153.128747499999,153.12936890000128,153.14328259999456,153.14328259999456,153.14328259999456,153.97856059999322,3,1,[0.8348975999979302],[0.834910999998101],MMM,001,2025-11-13_20h43.13.729,intentional binding,,2025.1.1,60.062152313005356,2025-11-13 20h43.27.408791 +0530,
0.7,1000,exp,20,8,1,space,0.44307159999152645,None,5,1,[1.2455325000046287],[1.2455626000009943],1,8,20,8,153.99451780000527,,153.9788508000056,153.99451780000527,154.99355410000135,154.99355410000135,155.0100231999968,155.44411260000197,space,0.44307159999152645,None,155.44518989999779,156.15945466666406,156.4661793999985,156.4578046999959,156.458618699995,156.4661793999985,156.4661793999985,156.4661793999985,157.71239689999493,5,1,[1.2455325000046287],[1.2455626000009943],MMM,001,2025-11-13_20h43.13.729,intentional binding,,2025.1.1,60.062152313005356,2025-11-13 20h43.27.408791 +0530,
0.1,1000,exp,21,9,1,space,0.2822205000120448,None,2,1,[2.1124176000012085],[2.1124357000080636],1,9,21,9,157.72459670000535,,157.7129666999972,157.72459670000535,158.7240094000008,158.7240094000008,158.7240094000008,159.00839380000252,space,0.2822205000120448,None,159.00956849999784,159.12383796666498,159.4285888000013,159.42073939999682,159.4220120999962,159.4285888000013,159.4285888000013,159.4285888000013,161.54145649999555,2,1,[2.1124176000012085],[2.1124357000080636],MMM,001,2025-11-13_20h43.13.729,intentional binding,,2025.1.1,60.062152313005356,2025-11-13 20h43.27.408791 +0530,
0.4,1000,exp,22,10,1,space,0.5251011999935145,None,3,1,[2.185260999991442],[2.1852767999953358],1,10,22,10,161.5547058999946,,161.54182050000236,161.5547058999946,162.55389280000236,162.55389280000236,162.55389280000236,163.08802769999602,space,0.5251011999935145,None,163.08907849999378,163.5032055666709,163.81897009999375,163.80139140000392,163.8021405000036,163.81897009999375,163.81897009999375,163.81897009999375,166.00463229999878,3,1,[2.185260999991442],[2.1852767999953358],MMM,001,2025-11-13_20h43.13.729,intentional binding,,2025.1.1,60.062152313005356,2025-11-13 20h43.27.408791 +0530,
0.7,1000,exp,23,11,1,space,0.1801910000067437,None,6,1,[2.4112407000066014],[2.411255099999835],1,11,23,11,166.01784129999578,,166.00494539999636,166.01784129999578,167.01729020000494,167.01729020000494,167.01729020000494,167.20115229999647,space,0.1801910000067437,None,167.2021834000043,167.91624246666132,168.22382030000153,168.2116895999934,168.2127815999993,168.22382030000153,168.22382030000153,168.22382030000153,170.6354943000042,6,1,[2.4112407000066014],[2.411255099999835],MMM,001,2025-11-13_20h43.13.729,intentional binding,,2025.1.1,60.062152313005356,2025-11-13 20h43.27.408791 +0530,
0.1,400,unexp,24,0,2,space,0.23552550000022165,None,1,1,[1.3432385000051],[1.343255700005102],2,0,24,0,170.6474285000004,,170.63580730000103,170.6474285000004,171.64678290000302,171.64678290000302,171.64678290000302,171.89730719999352,space,0.23552550000022165,None,171.89832360000582,172.01280406666436,172.32058909999614,172.31187350000255,172.31257290000212,172.32058909999614,172.32058909999614,172.32058909999614,173.6643361000024,1,1,[1.3432385000051],[1.343255700005102],MMM,001,2025-11-13_20h43.13.729,intentional binding,,2025.1.1,60.062152313005356,2025-11-13 20h43.27.408791 +0530,
0.4,400,unexp,25,1,2,space,0.23735179999493994,None,2,1,[0.8110154999885708],[0.8110285000002477],2,1,25,1,173.6782463999989,,173.66469799999322,173.6782463999989,174.6772071000014,174.6772071000014,174.69369770000048,174.92785150000418,space,0.23735179999493994,None,174.92875599999388,175.34323916666133,175.6498159000039,175.64178479999828,175.64228489999368,175.6498159000039,175.6498159000039,175.6498159000039,176.46134890000394,2,1,[0.8110154999885708],[0.8110285000002477],MMM,001,2025-11-13_20h43.13.729,intentional binding,,2025.1.1,60.062152313005356,2025-11-13 20h43.27.408791 +0530,
0.7,400,unexp,26,2,2,space,0.39399369999591727,None,,1,[0.671186999999918],[0.6712007000023732],2,2,26,2,176.47582389999297,,176.46171360000153,176.47582389999297,177.4752515,177.4752515,177.4752515,177.87525329999335,space,0.39399369999591727,None,177.8760717999976,178.59068786666128,178.90537019999465,178.88979649999237,178.89330159999372,178.90537019999465,178.90537019999465,178.90537019999465,179.57695210000384,,1,[0.671186999999918],[0.6712007000023732],MMM,001,2025-11-13_20h43.13.729,intentional binding,,2025.1.1,60.062152313005356,2025-11-13 20h43.27.408791 +0530,
0.1,1000,exp,27,3,2,space,1.2953817999950843,None,3,1,[1.448884800003725],[1.4488924000033876],2,3,27,3,179.58972849999554,,179.57726309999998,179.58972849999554,180.58882950000407,180.58882950000407,180.58882950000407,181.88949119999597,space,1.2953817999950843,None,181.8906025000033,182.00472376666247,182.30985720000172,182.29982210000162,182.30117389999214,182.30985720000172,182.30985720000172,182.30985720000172,183.75900170000386,3,1,[1.448884800003725],[1.4488924000033876],MMM,001,2025-11-13_20h43.13.729,intentional binding,,2025.1.1,60.062152313005356,2025-11-13 20h43.27.408791 +0530,
0.4,1000,exp,28,4,2,space,0.21075520000886172,None,4,1,[1.366388199996436],[1.3664467000053264],2,4,28,4,183.7695992999943,,183.75925849999476,183.7695992999943,184.76894140000513,184.76894140000513,184.76894140000513,184.9861275000003,space,0.21075520000886172,None,184.9872183999978,185.38520686666405,185.6886053000053,185.6809748999949,185.6813942000008,185.6886053000053,185.6886053000053,185.6886053000053,187.05560809999588,4,1,[1.366388199996436],[1.3664467000053264],MMM,001,2025-11-13_20h43.13.729,intentional binding,,2025.1.1,60.062152313005356,2025-11-13 20h43.27.408791 +0530,
0.7,1000,exp,29,5,2,space,0.1767552999954205,None,2,1,[1.4960766999865882],[1.4960865999892121],2,5,29,5,187.0670664000063,,187.05610230000457,187.0670664000063,188.06637179999962,188.06637179999962,188.06637179999962,188.24977249999938,space,0.1767552999954205,None,188.25063330000557,188.94906096667208,189.25530770000478,189.24755030000233,189.2480729999952,189.25530770000478,189.25530770000478,189.25530770000478,190.7516586999991,2,1,[1.4960766999865882],[1.4960865999892121],MMM,001,2025-11-13_20h43.13.729,intentional binding,,2025.1.1,60.062152313005356,2025-11-13 20h43.27.408791 +0530,
0.1,1000,exp,30,6,2,space,0.24671789999410976,None,1,1,[2.115545499997097],[2.115554100004374],2,6,30,6,190.76401009999972,,190.75192830000015,190.76401009999972,191.76323880000564,191.76323880000564,191.76323880000564,192.0135306000011,space,0.24671789999410976,None,192.0139724000037,192.11344546666467,192.42912729999807,192.41295990000071,192.4132832000032,192.42912729999807,192.42912729999807,192.42912729999807,194.54491250000137,1,1,[2.115545499997097],[2.115554100004374],MMM,001,2025-11-13_20h43.13.729,intentional binding,,2025.1.1,60.062152313005356,2025-11-13 20h43.27.408791 +0530,
0.4,1000,exp,31,7,2,space,0.22220979999110568,None,2,1,[1.1964510000107111],[1.1964625000109663],2,7,31,7,194.56104709999636,,194.54510770000343,194.56104709999636,195.56032859999686,195.56032859999686,195.56032859999686,195.79405319999205,space,0.22220979999110568,None,195.79539650000515,196.19348126666253,196.49802689999342,196.48728180000035,196.4885215999966,196.49802689999342,196.49802689999342,196.49802689999342,197.69487209999352,2,1,[1.1964510000107111],[1.1964625000109663],MMM,001,2025-11-13_20h43.13.729,intentional binding,,2025.1.1,60.062152313005356,2025-11-13 20h43.27.408791 +0530,
0.7,1000,exp,32,8,2,space,0.21343920000072103,None,4,1,[1.1644039999955567],[1.1644134999951348],2,8,32,8,197.7084509999986,,197.69515949999914,197.7084509999986,198.70787679999194,198.70787679999194,198.7242855999939,198.92447840000386,space,0.21343920000072103,None,198.9255298000062,199.64005336666403,199.9580541000032,199.94314669999585,199.9437426999939,199.9580541000032,199.9580541000032,199.9580541000032,201.12276339999516,4,1,[1.1644039999955567],[1.1644134999951348],MMM,001,2025-11-13_20h43.13.729,intentional binding,,2025.1.1,60.062152313005356,2025-11-13 20h43.27.408791 +0530,
0.1,1000,exp,33,9,2,space,0.47161599999526516,None,2,1,[1.4668352000007872],[1.4668432000034954],2,9,33,9,201.13864449999528,,201.12298909999663,201.13864449999528,202.13812309999776,202.13812309999776,202.13812309999776,202.62146870000288,space,0.47161599999526516,None,202.62246749999758,202.72080996666435,203.03613079999923,203.02131440000085,203.02197400000296,203.03613079999923,203.03613079999923,203.03613079999923,204.5034228000004,2,1,[1.4668352000007872],[1.4668432000034954],MMM,001,2025-11-13_20h43.13.729,intentional binding,,2025.1.1,60.062152313005356,2025-11-13 20h43.27.408791 +0530,
0.4,1000,exp,34,10,2,space,0.6568291000003228,None,2,1,[1.488648300000932],[1.488659099995857],2,10,34,10,204.5195478999958,,204.50363740000466,204.5195478999958,205.5187705999997,205.5187705999997,205.5187705999997,206.18516799999634,space,0.6568291000003228,None,206.18580799999472,206.600841666663,206.91215889999876,206.90231819999462,206.9027611000056,206.91215889999876,206.91215889999876,206.91215889999876,208.4011188000004,2,1,[1.488648300000932],[1.488659099995857],MMM,001,2025-11-13_20h43.13.729,intentional binding,,2025.1.1,60.062152313005356,2025-11-13 20h43.27.408791 +0530,
0.7,1000,exp,35,11,2,space,0.28719649999402463,None,2,1,[1.3096641000011005],[1.3096800000057556],2,11,35,11,208.41602190000413,,208.40141229999426,208.41602190000413,209.4156401999935,209.4156401999935,209.4156401999935,209.71562000000267,space,0.28719649999402463,None,209.7167422999919,210.43121316667046,210.74035940000613,210.72855109999364,210.72916370000166,210.74035940000613,210.74035940000613,210.74035940000613,212.05043580000347,2,1,[1.3096641000011005],[1.3096800000057556],MMM,001,2025-11-13_20h43.13.729,intentional binding,,2025.1.1,60.062152313005356,2025-11-13 20h43.27.408791 +0530,
0.1,400,unexp,36,0,3,space,0.347274900006596,None,2,1,[1.394018999999389],[1.3940319000103045],3,0,36,0,212.06321740000567,,212.0507726999931,212.06321740000567,213.06233020000218,213.06233020000218,213.06233020000218,213.41233799999463,space,0.347274900006596,None,213.41302229999565,213.511648866672,213.81969370000297,213.81085290000192,213.81155689999287,213.81969370000297,213.81969370000297,213.81969370000297,215.2141405000002,2,1,[1.394018999999389],[1.3940319000103045],MMM,001,2025-11-13_20h43.13.729,intentional binding,,2025.1.1,60.062152313005356,2025-11-13 20h43.27.408791 +0530,
0.4,400,unexp,37,1,3,space,0.2877082000049995,None,5,1,[1.2919315000035567],[1.2919412000046577],3,1,37,1,215.226866099998,,215.2144518999994,215.226866099998,216.22659269999713,216.22659269999713,216.22659269999713,216.526998500005,space,0.2877082000049995,None,216.5275832000043,216.94269526667293,217.24972579999303,217.23729239999375,217.238062599994,217.24972579999303,217.24972579999303,217.24972579999303,218.5421997999947,5,1,[1.2919315000035567],[1.2919412000046577],MMM,001,2025-11-13_20h43.13.729,intentional binding,,2025.1.1,60.062152313005356,2025-11-13 20h43.27.408791 +0530,
0.7,400,unexp,38,2,3,space,0.25122510000073817,None,4,1,[0.9560702000017045],[0.9560837000026368],3,2,38,2,218.55819009999686,,218.5425028000027,218.55819009999686,219.5569933999941,219.5569933999941,219.573521600003,219.82431429999997,space,0.25122510000073817,None,219.82511639999575,220.53975826666672,220.84928530000616,220.84208149999904,220.84240419999696,220.84928530000616,220.84928530000616,220.84928530000616,221.8057015999948,4,1,[0.9560702000017045],[0.9560837000026368],MMM,001,2025-11-13_20h43.13.729,intentional binding,,2025.1.1,60.062152313005356,2025-11-13 20h43.27.408791 +0530,
0.1,1000,exp,39,3,3,space,0.27969039999879897,None,6,1,[1.872481099999277],[1.872499399993103],3,3,39,3,221.82178640000348,,221.80594150000252,221.82178640000348,222.82128580000426,222.82128580000426,222.82128580000426,223.105261100005,space,0.27969039999879897,None,223.10638529999414,223.22085346666088,223.5312791000033,223.51740509999217,223.518018200004,223.5312791000033,223.5312791000033,223.5312791000033,225.40438419999555,6,1,[1.872481099999277],[1.872499399993103],MMM,001,2025-11-13_20h43.13.729,intentional binding,,2025.1.1,60.062152313005356,2025-11-13 20h43.27.408791 +0530,
0.4,1000,exp,40,4,3,space,0.2641658000065945,None,2,1,[1.0908334999985527],[1.0908520999946631],3,4,40,4,225.41878520000319,,225.40490999999747,225.41878520000319,226.41789349999453,226.41789349999453,226.41789349999453,226.68494540000393,space,0.2641658000065945,None,226.68563579999318,227.08418206667218,227.39273530000355,227.38056979999237,227.3810877999931,227.39273530000355,227.39273530000355,227.39273530000355,228.483911599993,2,1,[1.0908334999985527],[1.0908520999946631],MMM,001,2025-11-13_20h43.13.729,intentional binding,,2025.1.1,60.062152313005356,2025-11-13 20h43.27.408791 +0530,
0.7,1000,exp,41,5,3,space,0.5606068000051891,None,7,1,[2.6885089999996126],[2.6885207999876],3,5,41,5,228.49975420000555,,228.4841607999988,228.49975420000555,229.49881770000502,229.49881770000502,229.49881770000502,230.06595269999525,space,0.5606068000051891,None,230.06734649999999,230.7810009666612,231.09034460000112,231.07672589999856,231.07729539999855,231.09034460000112,231.09034460000112,231.09034460000112,233.7791916999995,7,1,[2.6885089999996126],[2.6885207999876],MMM,001,2025-11-13_20h43.13.729,intentional binding,,2025.1.1,60.062152313005356,2025-11-13 20h43.27.408791 +0530,
0.1,1000,exp,42,6,3,space,0.4969589999964228,None,2,1,[1.6270332999993116],[1.6270427999988897],3,6,42,6,233.79496309999377,,233.77948179999657,233.79496309999377,234.79462509999576,234.79462509999576,234.79462509999576,235.2946532999922,space,0.4969589999964228,None,235.29560280000442,235.39380646666203,235.7011918000062,235.69131199999538,235.6918783000001,235.7011918000062,235.7011918000062,235.7011918000062,237.32866040000226,2,1,[1.6270332999993116],[1.6270427999988897],MMM,001,2025-11-13_20h43.13.729,intentional binding,,2025.1.1,60.062152313005356,2025-11-13 20h43.27.408791 +0530,
0.4,1000,exp,43,7,3,space,0.2686909000040032,None,4,1,[1.6778116999921622],[1.6778254999953788],3,7,43,7,237.34246669999266,,237.32893909999984,237.34246669999266,238.34146729999338,238.34146729999338,238.35840139999345,238.62581879999198,space,0.2686909000040032,None,238.6272417,239.04106996667204,239.34646250000515,239.33719059999567,239.33760499999335,239.34646250000515,239.34646250000515,239.34646250000515,241.0246388999949,4,1,[1.6778116999921622],[1.6778254999953788],MMM,001,2025-11-13_20h43.13.729,intentional binding,,2025.1.1,60.062152313005356,2025-11-13 20h43.27.408791 +0530,
0.7,1000,exp,44,8,3,space,0.816080000004149,None,8,1,[1.599163699997007],[1.5991765999933705],3,8,44,8,241.03908099999535,,241.0249419000029,241.03908099999535,242.0384830999974,242.0384830999974,242.0384830999974,242.8721319000033,space,0.816080000004149,None,242.8731609999959,243.58718256667296,243.88834150000184,243.88083680000273,243.88117280000006,243.88834150000184,243.88834150000184,243.88834150000184,245.48787480000465,8,1,[1.599163699997007],[1.5991765999933705],MMM,001,2025-11-13_20h43.13.729,intentional binding,,2025.1.1,60.062152313005356,2025-11-13 20h43.27.408791 +0530,
0.1,1000,exp,45,9,3,space,0.36795559999882244,None,3,1,[1.4645244999992428],[1.464542600006098],3,9,45,9,245.5023050000018,,245.4880775999918,245.5023050000018,246.50152140000137,246.50152140000137,246.50152140000137,246.8854943000042,space,0.36795559999882244,None,246.88696020000498,247.00089966666226,247.30547279999882,247.29824910000025,247.29854410000553,247.30547279999882,247.30547279999882,247.30547279999882,248.77037139999447,3,1,[1.4645244999992428],[1.464542600006098],MMM,001,2025-11-13_20h43.13.729,intentional binding,,2025.1.1,60.062152313005356,2025-11-13 20h43.27.408791 +0530,
0.4,1000,exp,46,10,3,space,0.2883935999998357,None,2,1,[1.8437762000103248],[1.8437988000077894],3,10,46,10,248.78310030000284,,248.77067749999696,248.78310030000284,249.78252039999643,249.78252039999643,249.79886439999973,250.08271190000232,space,0.2883935999998357,None,250.08373929999652,250.48184096666617,250.78820159999304,250.78105320000031,250.78152570000384,250.78820159999304,250.78820159999304,250.78820159999304,252.63244220000342,2,1,[1.8437762000103248],[1.8437988000077894],MMM,001,2025-11-13_20h43.13.729,intentional binding,,2025.1.1,60.062152313005356,2025-11-13 20h43.27.408791 +0530,
0.7,1000,exp,47,11,3,space,0.7527637000021059,None,4,1,[1.4746497000014642],[1.4746664999984205],3,11,47,11,252.64657100000477,,252.6327672000043,252.64657100000477,253.64564719999908,253.64564719999908,253.64564719999908,254.41252800000075,space,0.7527637000021059,None,254.41391619999195,255.12789066665962,255.43773380000493,255.42726630000107,255.4278040000063,255.43773380000493,255.43773380000493,255.43773380000493,256.91278470000543,4,1,[1.4746497000014642],[1.4746664999984205],MMM,001,2025-11-13_20h43.13.729,intentional binding,,2025.1.1,60.062152313005356,2025-11-13 20h43.27.408791 +0530,
0.1,400,unexp,48,0,4,space,0.37624589999904856,None,3,1,[1.2388577999954578],[1.238888499996392],4,0,48,0,256.92682399999467,,256.91318400000455,256.92682399999467,257.92567870000494,257.92567870000494,257.94225160000497,258.30914969999867,space,0.37624589999904856,None,258.30982680000307,258.4083487666687,258.7224683999957,258.70858520000183,258.70915409999725,258.7224683999957,258.7224683999957,258.7224683999957,259.9618910999998,3,1,[1.2388577999954578],[1.238888499996392],MMM,001,2025-11-13_20h43.13.729,intentional binding,,2025.1.1,60.062152313005356,2025-11-13 20h43.27.408791 +0530,
0.4,400,unexp,49,1,4,space,0.28014399998937733,None,2,1,[1.2051714999979595],[1.205180000004475],4,1,49,1,259.9739307999989,,259.96245560000534,259.9739307999989,260.9728863000055,260.9728863000055,260.9894226000033,261.2567459999991,space,0.28014399998937733,None,261.2576807000005,261.655838766663,261.96679120000044,261.9509529999923,261.951558700006,261.96679120000044,261.96679120000044,261.96679120000044,263.172210299992,2,1,[1.2051714999979595],[1.205180000004475],MMM,001,2025-11-13_20h43.13.729,intentional binding,,2025.1.1,60.062152313005356,2025-11-13 20h43.27.408791 +0530,
0.7,400,unexp,50,2,4,space,0.5923586999997497,None,5,1,[1.7380861999990884],[1.7380994999984978],4,2,50,2,263.1880106000026,,263.17242129999795,263.1880106000026,264.1867534000048,264.1867534000048,264.2036023999972,264.7874282999983,space,0.5923586999997497,None,264.78851959999884,265.50226216666147,265.8137407000031,265.7997388999938,265.8003764000023,265.8137407000031,265.8137407000031,265.8137407000031,267.552179899998,5,1,[1.7380861999990884],[1.7380994999984978],MMM,001,2025-11-13_20h43.13.729,intentional binding,,2025.1.1,60.062152313005356,2025-11-13 20h43.27.408791 +0530,
0.1,1000,exp,51,3,4,space,0.3662499999918509,None,2,1,[1.3068576000077883],[1.306872500004829],4,3,51,3,267.5678518999921,,267.5525941999949,267.5678518999921,268.56704609999724,268.56704609999724,268.56704609999724,268.95087200000125,space,0.3662499999918509,None,268.95189050000045,269.0661201666701,269.37875489999715,269.3692791999929,269.3699579999957,269.37875489999715,269.37875489999715,269.37875489999715,270.68603719999373,2,1,[1.3068576000077883],[1.306872500004829],MMM,001,2025-11-13_20h43.13.729,intentional binding,,2025.1.1,60.062152313005356,2025-11-13 20h43.27.408791 +0530,
0.4,1000,exp,52,4,4,space,0.6897266000014497,None,8,1,[0.9186077999911504],[0.9186245999881066],4,4,52,4,270.69798759999685,,270.68648530000064,270.69798759999685,271.69755389999773,271.69755389999773,271.69755389999773,272.39754130000074,space,0.6897266000014497,None,272.3983283999987,272.796761166672,273.11221570000635,273.0980428000039,273.09862079999584,273.11221570000635,273.11221570000635,273.11221570000635,274.03122609999264,8,1,[0.9186077999911504],[0.9186245999881066],MMM,001,2025-11-13_20h43.13.729,intentional binding,,2025.1.1,60.062152313005356,2025-11-13 20h43.27.408791 +0530,
0.7,1000,exp,53,5,4,space,0.4609119999950053,None,8,1,[1.187574700001278],[1.1875878999999259],4,5,53,5,274.0454386000056,,274.03159260000393,274.0454386000056,275.0447300999949,275.0447300999949,275.0447300999949,275.51140869999654,space,0.4609119999950053,None,275.51242620000266,276.21057276666784,276.5241328999982,276.5121887999994,276.51289529999485,276.5241328999982,276.5241328999982,276.5241328999982,277.71210289999726,8,1,[1.187574700001278],[1.1875878999999259],MMM,001,2025-11-13_20h43.13.729,intentional binding,,2025.1.1,60.062152313005356,2025-11-13 20h43.27.408791 +0530,
0.1,1000,exp,54,6,4,space,0.28278350000618957,None,4,1,[1.3987439000047743],[1.3987548000004608],4,6,54,6,277.72570909999195,,277.71240150000085,277.72570909999195,278.7252787000034,278.7252787000034,278.7252787000034,279.02571180000086,space,0.28278350000618957,None,279.02639230000204,279.1249184666706,279.4419868999976,279.42813909999677,279.42859759999556,279.4419868999976,279.4419868999976,279.4419868999976,280.8410750000039,4,1,[1.3987439000047743],[1.3987548000004608],MMM,001,2025-11-13_20h43.13.729,intentional binding,,2025.1.1,60.062152313005356,2025-11-13 20h43.27.408791 +0530,
0.4,1000,exp,55,7,4,space,0.44709240000520367,None,2,1,[0.9627349000074901],[0.9627493000007235],4,7,55,7,280.85647299999255,,280.84130109999387,280.85647299999255,281.85604139999487,281.85604139999487,281.85604139999487,282.3062027999986,space,0.44709240000520367,None,282.3071146000002,282.72145736666084,283.0261065999948,283.017599800005,283.01795569999376,283.0261065999948,283.0261065999948,283.0261065999948,283.9892598000006,2,1,[0.9627349000074901],[0.9627493000007235],MMM,001,2025-11-13_20h43.13.729,intentional binding,,2025.1.1,60.062152313005356,2025-11-13 20h43.27.408791 +0530,
0.7,1000,exp,56,8,4,space,0.5297034999966854,None,,1,[0.3416406000033021],[0.34164919999602716],4,8,56,8,284.00375849999546,,283.98961710000003,284.00375849999546,285.00321159999294,285.00321159999294,285.00321159999294,285.53647599999385,space,0.5297034999966854,None,285.5374993000005,286.25197856667023,286.56111039999814,286.54943299999286,286.55133339999884,286.56111039999814,286.56111039999814,286.56111039999814,286.9031046000018,,1,[0.3416406000033021],[0.34164919999602716],MMM,001,2025-11-13_20h43.13.729,intentional binding,,2025.1.1,60.062152313005356,2025-11-13 20h43.27.408791 +0530,
0.1,1000,exp,57,9,4,space,2.485320599997067,None,3,1,[1.617538099992089],[1.6175459999940358],4,9,57,9,286.91781040000205,,286.9033199999976,286.91781040000205,287.9175736000034,287.9175736000034,287.9175736000034,290.41636740000104,space,2.485320599997067,None,290.41752740000084,290.51546756666016,290.8309193000023,290.81767400000535,290.8216004999995,290.8309193000023,290.8309193000023,290.8309193000023,292.44874150000396,3,1,[1.617538099992089],[1.6175459999940358],MMM,001,2025-11-13_20h43.13.729,intentional binding,,2025.1.1,60.062152313005356,2025-11-13 20h43.27.408791 +0530,
0.4,1000,exp,58,10,4,space,0.6763732000108575,None,2,1,[5.590171600008034],[5.590194400007022],4,10,58,10,292.4635230999993,,292.4489908999967,292.4635230999993,293.4630401000031,293.4630401000031,293.4630401000031,294.1465596000053,space,0.6763732000108575,None,294.14768090000143,294.5622758666616,294.87566229999356,294.8615179000044,294.8621223999944,294.87566229999356,294.87566229999356,294.87566229999356,300.4664800000028,2,1,[5.590171600008034],[5.590194400007022],MMM,001,2025-11-13_20h43.13.729,intentional binding,,2025.1.1,60.062152313005356,2025-11-13 20h43.27.408791 +0530,
0.7,1000,exp,59,11,4,space,0.4737939000042388,None,3,1,[0.989831899991259],[0.9898524000018369],4,11,59,11,300.4736516999983,,300.4669905000046,300.4736516999983,301.4728882000054,301.4728882000054,301.4728882000054,301.9568360999983,space,0.4737939000042388,None,301.9579197999992,302.6717609666705,302.98149390000617,302.9692563999997,302.9698600999982,302.98149390000617,302.98149390000617,302.98149390000617,303.9716936000041,3,1,[0.989831899991259],[0.9898524000018369],MMM,001,2025-11-13_20h43.13.729,intentional binding,,2025.1.1,60.062152313005356,2025-11-13 20h43.27.408791 +0530,
0.1,400,unexp,60,0,5,space,0.2966720999975223,None,2,1,[1.2227927000058116],[1.2228142999956617],5,0,60,0,303.98758659999294,,303.9720265999931,303.98758659999294,304.9868049999932,304.9868049999932,304.9868049999932,305.28719329999876,space,0.2966720999975223,None,305.2878294999973,305.4027731666613,305.71505840000464,305.6989004999923,305.69950610000524,305.71505840000464,305.71505840000464,305.71505840000464,306.9384197000036,2,1,[1.2227927000058116],[1.2228142999956617],MMM,001,2025-11-13_20h43.13.729,intentional binding,,2025.1.1,60.062152313005356,2025-11-13 20h43.27.408791 +0530,
0.4,400,unexp,61,1,5,space,0.43138019999605604,None,5 ,1,[1.428780000002007],[1.4287986999988789],5,1,61,1,306.95174459999544,,306.93888430000516,306.95174459999544,307.9510772999929,307.9510772999929,307.9510772999929,308.38426819999586,space,0.43138019999605604,None,308.3851855999965,308.7836519666637,309.0904481000034,309.07790590000513,309.07851479999954,309.0904481000034,309.0904481000034,309.0904481000034,310.5196656000044,5 ,1,[1.428780000002007],[1.4287986999988789],MMM,001,2025-11-13_20h43.13.729,intentional binding,,2025.1.1,60.062152313005356,2025-11-13 20h43.27.408791 +0530,
0.7,400,unexp,62,2,5,space,0.9476611999998568,None,2,1,[1.4844353999942541],[1.4844503000058467],5,2,62,2,310.5319216999924,,310.52007660000527,310.5319216999924,311.53136670000094,311.53136670000094,311.53136670000094,312.4810421000002,space,0.9476611999998568,None,312.4816429999919,313.19648046666794,313.5136382000055,313.49713099999644,313.5008513999928,313.5136382000055,313.5136382000055,313.5136382000055,314.9984678000037,2,1,[1.4844353999942541],[1.4844503000058467],MMM,001,2025-11-13_20h43.13.729,intentional binding,,2025.1.1,60.062152313005356,2025-11-13 20h43.27.408791 +0530,
0.1,1000,exp,63,3,5,space,0.37365649999992456,None,1,1,[1.5285862000018824],[1.528596900010598],5,3,63,3,315.01173660000495,,314.9988045999926,315.01173660000495,316.0111424999923,316.0111424999923,316.0111424999923,316.3948604000034,space,0.37365649999992456,None,316.3960400999931,316.4942285666659,316.7978691000026,316.7900462999969,316.79067479999503,316.7978691000026,316.7978691000026,316.7978691000026,318.3267555999919,1,1,[1.5285862000018824],[1.528596900010598],MMM,001,2025-11-13_20h43.13.729,intentional binding,,2025.1.1,60.062152313005356,2025-11-13 20h43.27.408791 +0530,
0.4,1000,exp,64,4,5,space,1.38098249999166,None,5,1,[0.9430684000108158],[0.9430794000072638],5,4,64,4,318.34209580000606,,318.32703269999183,318.34209580000606,319.3414996999927,319.3414996999927,319.3414996999927,320.7242244999943,space,1.38098249999166,None,320.72468889999436,321.1235897666668,321.43235149999964,321.41895289999957,321.41958950000117,321.43235149999964,321.43235149999964,321.43235149999964,322.375749800005,5,1,[0.9430684000108158],[0.9430794000072638],MMM,001,2025-11-13_20h43.13.729,intentional binding,,2025.1.1,60.062152313005356,2025-11-13 20h43.27.408791 +0530,
0.7,1000,exp,65,5,5,space,0.3799975000001723,None,7,1,[0.437483899993822],[0.43749369999568444],5,5,65,5,322.38904219999677,,322.3760117000056,322.38904219999677,323.3884090999927,323.3884090999927,323.3884090999927,323.7715931999992,space,0.3799975000001723,None,323.77239779999945,324.47104826665986,324.78505310000037,324.7694712999946,324.7700802000036,324.78505310000037,324.78505310000037,324.78505310000037,325.2228447999951,7,1,[0.437483899993822],[0.43749369999568444],MMM,001,2025-11-13_20h43.13.729,intentional binding,,2025.1.1,60.062152313005356,2025-11-13 20h43.27.408791 +0530,
0.1,1000,exp,66,6,5,space,0.3570454000000609,None,4,1,[0.8372394000034546],[0.8372493999922881],5,6,66,6,325.2368703999964,,325.22306709999975,325.2368703999964,326.2364008000004,326.2364008000004,326.2364008000004,326.6024306000036,space,0.3570454000000609,None,326.6031385999959,326.70218826666337,327.015041000006,327.00087540000095,327.00178769999184,327.015041000006,327.015041000006,327.015041000006,327.852610300004,4,1,[0.8372394000034546],[0.8372493999922881],MMM,001,2025-11-13_20h43.13.729,intentional binding,,2025.1.1,60.062152313005356,2025-11-13 20h43.27.408791 +0530,
0.4,1000,exp,67,7,5,space,0.2887815000140108,None,8,1,[0.5092366000026232],[0.5092525000072783],5,7,67,7,327.86755500000436,,327.85288469999796,327.86755500000436,328.86729369999375,328.86729369999375,328.86729369999375,329.16757590000634,space,0.2887815000140108,None,329.16852029999427,329.58321336665927,329.89298429999326,329.88016719999723,329.8830917000014,329.89298429999326,329.89298429999326,329.89298429999326,330.4026104999939,8,1,[0.5092366000026232],[0.5092525000072783],MMM,001,2025-11-13_20h43.13.729,intentional binding,,2025.1.1,60.062152313005356,2025-11-13 20h43.27.408791 +0530,
0.7,1000,exp,68,8,5,space,0.30578609999793116,None,3,1,[0.6863693000050262],[0.6863784000015585],5,8,68,8,330.41575820000435,,330.4029239999945,330.41575820000435,331.41506889999437,331.41506889999437,331.41506889999437,331.73221000000194,space,0.30578609999793116,None,331.73323759999766,332.44746526667245,332.7607721999957,332.7475737000059,332.7482370999933,332.7607721999957,332.7607721999957,332.7607721999957,333.4474207000021,3,1,[0.6863693000050262],[0.6863784000015585],MMM,001,2025-11-13_20h43.13.729,intentional binding,,2025.1.1,60.062152313005356,2025-11-13 20h43.27.408791 +0530,
0.1,1000,exp,69,9,5,space,0.2836059999972349,None,2,1,[1.6984733999997843],[1.6984949999896344],5,9,69,9,333.46333250000316,,333.44765099999495,333.46333250000316,334.4626189999981,334.4626189999981,334.4626189999981,334.76306349999504,space,0.2836059999972349,None,334.76429789999384,334.86238646666266,335.16458379999676,335.15718259999994,335.15766260000237,335.16458379999676,335.16458379999676,335.16458379999676,336.8635929000011,2,1,[1.6984733999997843],[1.6984949999896344],MMM,001,2025-11-13_20h43.13.729,intentional binding,,2025.1.1,60.062152313005356,2025-11-13 20h43.27.408791 +0530,
0.4,1000,exp,70,10,5,space,0.24206879999837838,None,4,1,[1.1234222999919439],[1.1234300999931293],5,10,70,10,336.8769944999949,,336.8640546999959,336.8769944999949,337.87653310000314,337.87653310000314,337.87653310000314,338.12645909999264,space,0.24206879999837838,None,338.1271485000034,338.52584756666715,338.8350006999972,338.82158730000083,338.8221893000009,338.8350006999972,338.8350006999972,338.8350006999972,339.9588600999996,4,1,[1.1234222999919439],[1.1234300999931293],MMM,001,2025-11-13_20h43.13.729,intentional binding,,2025.1.1,60.062152313005356,2025-11-13 20h43.27.408791 +0530,
0.7,1000,exp,71,11,5,space,0.307365699991351,None,8,1,[1.0720086000073934],[1.0720221999945352],5,11,71,11,339.97443309999653,,339.9591287999938,339.97443309999653,340.97389079999994,340.97389079999994,340.97389079999994,341.29081209999276,space,0.307365699991351,None,341.2918409999984,342.0059751666597,342.31789219999337,342.3008425000007,342.3014170999959,342.31789219999337,342.31789219999337,342.31789219999337,343.3903147999954,8,1,[1.0720086000073934],[1.0720221999945352],MMM,001,2025-11-13_20h43.13.729,intentional binding,,2025.1.1,60.062152313005356,2025-11-13 20h43.27.408791 +0530,
0.1,400,unexp,72,0,6,space,0.5899795000004815,None,2,1,[1.3756396999960998],[1.3756515999994008],6,0,72,0,343.40484049999213,,343.3906583000062,343.40484049999213,344.4044078000006,344.4044078000006,344.4044078000006,345.004975799995,space,0.5899795000004815,None,345.00609929999337,345.1205842666716,345.4284625,345.42061839999224,345.42179029999534,345.4284625,345.4284625,345.4284625,346.8044533999928,2,1,[1.3756396999960998],[1.3756515999994008],MMM,001,2025-11-13_20h43.13.729,intentional binding,,2025.1.1,60.062152313005356,2025-11-13 20h43.27.408791 +0530,
0.4,400,unexp,73,1,6,space,0.4878817999997409,None,2,1,[1.0617350000102306],[1.0617500000080327],6,1,73,1,346.81870340000023,,346.80475149999256,346.81870340000023,347.8181581999961,347.8181581999961,347.8181581999961,348.31787549999717,space,0.4878817999997409,None,348.3183791000047,348.7173557666722,349.02527030000056,349.01104840000335,349.01166580000427,349.02527030000056,349.02527030000056,349.02527030000056,350.0874793999974,2,1,[1.0617350000102306],[1.0617500000080327],MMM,001,2025-11-13_20h43.13.729,intentional binding,,2025.1.1,60.062152313005356,2025-11-13 20h43.27.408791 +0530,
0.7,400,unexp,74,2,6,space,1.142725400000927,None,9,1,[1.1191130000079283],[1.1191236000013305],6,2,74,2,350.0994243000023,,350.0877904999943,350.0994243000023,351.0986058999988,351.0986058999988,351.0986058999988,352.2480026999983,space,1.142725400000927,None,352.2486329999956,352.94726416666913,353.26321689999895,353.24495659999957,353.24591959999816,353.26321689999895,353.26321689999895,353.26321689999895,354.38265830000455,9,1,[1.1191130000079283],[1.1191236000013305],MMM,001,2025-11-13_20h43.13.729,intentional binding,,2025.1.1,60.062152313005356,2025-11-13 20h43.27.408791 +0530,
0.1,1000,exp,75,3,6,space,0.3656243000004906,None,2,1,[3.841346799992607],[3.8413580999913393],6,3,75,3,354.3957958999963,,354.382964000004,354.3957958999963,355.39500509999925,355.39500509999925,355.39500509999925,355.76165949999995,space,0.3656243000004906,None,355.7621836000035,355.8610578666596,356.1671420000057,356.16086829999404,356.16122599999653,356.1671420000057,356.1671420000057,356.1671420000057,360.0088128000061,2,1,[3.841346799992607],[3.8413580999913393],MMM,001,2025-11-13_20h43.13.729,intentional binding,,2025.1.1,60.062152313005356,2025-11-13 20h43.27.408791 +0530,
0.4,1000,exp,76,4,6,space,1.0706149999896297,None,2,1,[1.5567185999971116],[1.5567325999872992],6,4,76,4,360.0247845999984,,360.00909999999567,360.0247845999984,361.0239811999927,361.0239811999927,361.0239811999927,362.10727710000356,space,1.0706149999896297,None,362.10837770000217,362.52279476666104,362.83262000000104,362.8188117999962,362.8194783999934,362.83262000000104,362.83262000000104,362.83262000000104,364.389769100002,2,1,[1.5567185999971116],[1.5567325999872992],MMM,001,2025-11-13_20h43.13.729,intentional binding,,2025.1.1,60.062152313005356,2025-11-13 20h43.27.408791 +0530,
0.7,1000,exp,77,5,6,space,0.294219699993846,None,7,1,[1.09183760000451],[1.0918468000018038],6,5,77,5,364.4045327000058,,364.39008569999714,364.4045327000058,365.40348079999967,365.40348079999967,365.42005279999285,365.70433979999507,space,0.294219699993846,None,365.7054305000056,366.4196560666644,366.7267770000035,366.7166619000054,366.7171466,366.7267770000035,366.7267770000035,366.7267770000035,367.818861199994,7,1,[1.09183760000451],[1.0918468000018038],MMM,001,2025-11-13_20h43.13.729,intentional binding,,2025.1.1,60.062152313005356,2025-11-13 20h43.27.408791 +0530,
0.1,1000,exp,78,6,6,space,0.32722069999726955,None,3,1,[1.5431054000073345],[1.5431249999965075],6,6,78,6,367.83483209999395,,367.8190551000007,367.83483209999395,368.8344885999977,368.8344885999977,368.8344885999977,369.16774930000247,space,0.32722069999726955,None,369.1684993999952,369.26713866666637,369.57641959999455,369.56046340000466,369.561077499995,369.57641959999455,369.57641959999455,369.57641959999455,371.12004189999425,3,1,[1.5431054000073345],[1.5431249999965075],MMM,001,2025-11-13_20h43.13.729,intentional binding,,2025.1.1,60.062152313005356,2025-11-13 20h43.27.408791 +0530,
0.4,1000,exp,79,7,6,space,0.6232716999948025,None,2,1,[1.1068278000020655],[1.1068413000029977],6,7,79,7,371.13236030000553,,371.12044149999565,371.13236030000553,372.13157379999757,372.13157379999757,372.13157379999757,372.76447870000266,space,0.6232716999948025,None,372.76541229999566,373.16372076666835,373.4744075000053,373.4629577000014,373.4635214000009,373.4744075000053,373.4744075000053,373.4744075000053,374.5817793000024,2,1,[1.1068278000020655],[1.1068413000029977],MMM,001,2025-11-13_20h43.13.729,intentional binding,,2025.1.1,60.062152313005356,2025-11-13 20h43.27.408791 +0530,
0.7,1000,exp,80,8,6,space,0.49519359999976587,None,8,1,[3.436600400003954],[3.4366120000049705],6,8,80,8,374.5958236000006,,374.5821314000059,374.5958236000006,375.5950274000061,375.5950274000061,375.5950274000061,376.0955948000046,space,0.49519359999976587,None,376.0966993000038,376.81081576666134,377.1215082999988,377.10858869999356,377.109214600001,377.1215082999988,377.1215082999988,377.1215082999988,380.55842620000476,8,1,[3.436600400003954],[3.4366120000049705],MMM,001,2025-11-13_20h43.13.729,intentional binding,,2025.1.1,60.062152313005356,2025-11-13 20h43.27.408791 +0530,
0.1,1000,exp,81,9,6,space,0.4267768999998225,None,,1,[0.36278380001022015],[0.3627985000057379],6,9,81,9,380.57449919999635,,380.5589659999969,380.57449919999635,381.57396520000475,381.57396520000475,381.57396520000475,382.0076678000041,space,0.4267768999998225,None,382.0088206999935,382.1234231666642,382.42865089999395,382.41817309999897,382.4188334999926,382.42865089999395,382.42865089999395,382.42865089999395,382.79191260000516,,1,[0.36278380001022015],[0.3627985000057379],MMM,001,2025-11-13_20h43.13.729,intentional binding,,2025.1.1,60.062152313005356,2025-11-13 20h43.27.408791 +0530,
0.4,1000,exp,82,10,6,space,0.6587216000043554,None,4,1,[1.9770969999954104],[1.9771042999927886],6,10,82,10,382.80589319999854,,382.79234119999455,382.80589319999854,383.80506559999776,383.80506559999776,383.80506559999776,384.47235979999823,space,0.6587216000043554,None,384.473464900002,384.8877949666678,385.19244790000084,385.179951099999,385.18156149999413,385.19244790000084,385.19244790000084,385.19244790000084,387.1698323000019,4,1,[1.9770969999954104],[1.9771042999927886],MMM,001,2025-11-13_20h43.13.729,intentional binding,,2025.1.1,60.062152313005356,2025-11-13 20h43.27.408791 +0530,
0.7,1000,exp,83,11,6,space,0.24141669999517035,None,2,1,[1.2428349999972852],[1.2428436000045622],6,11,83,11,387.1862239000038,,387.1700034999958,387.1862239000038,388.18485249999503,388.18485249999503,388.20137579999573,388.4350650999986,space,0.24141669999517035,None,388.43609950000246,389.1504735666715,389.45694340000045,389.44953579999856,389.4509973999957,389.45694340000045,389.45694340000045,389.45694340000045,390.70005699999456,2,1,[1.2428349999972852],[1.2428436000045622],MMM,001,2025-11-13_20h43.13.729,intentional binding,,2025.1.1,60.062152313005356,2025-11-13 20h43.27.408791 +0530,
0.1,400,unexp,84,0,7,space,0.6187574999930803,None,3,1,[2.6530798000021605],[2.6530913000024157],7,0,84,0,390.71638100000564,,390.70026480000524,390.71638100000564,391.71533289999934,391.71533289999934,391.7323225,392.34894989999884,space,0.6187574999930803,None,392.3496656000061,392.46448456666644,392.7776931999979,392.7605060999922,392.76106920000166,392.7776931999979,392.7776931999979,392.7776931999979,395.43114519999654,3,1,[2.6530798000021605],[2.6530913000024157],MMM,001,2025-11-13_20h43.13.729,intentional binding,,2025.1.1,60.062152313005356,2025-11-13 20h43.27.408791 +0530,
0.4,400,unexp,85,1,7,space,0.39227319999190513,None,2,1,[3.5331622999947285],[3.5331719999958295],7,1,85,1,395.44527939999534,,395.4314058000018,395.44527939999534,396.445052199997,396.445052199997,396.445052199997,396.844938299997,space,0.39227319999190513,None,396.846000000005,397.2446443666597,397.56018450000556,397.546620299996,397.5473054000031,397.56018450000556,397.56018450000556,397.56018450000556,401.0936911000026,2,1,[3.5331622999947285],[3.5331719999958295],MMM,001,2025-11-13_20h43.13.729,intentional binding,,2025.1.1,60.062152313005356,2025-11-13 20h43.27.408791 +0530,
0.7,400,unexp,86,2,7,space,0.5252755999972578,None,4,1,[0.7425677999999607],[0.7426009000046179],7,2,86,2,401.1074069000024,,401.09399850000045,401.1074069000024,402.10703840000497,402.10703840000497,402.10703840000497,402.6402243000048,space,0.5252755999972578,None,402.6412551999965,403.3556582666681,403.66518429999996,403.65827010000066,403.65858339999977,403.66518429999996,403.66518429999996,403.66518429999996,404.40834340000583,4,1,[0.7425677999999607],[0.7426009000046179],MMM,001,2025-11-13_20h43.13.729,intentional binding,,2025.1.1,60.062152313005356,2025-11-13 20h43.27.408791 +0530,
0.1,1000,exp,87,3,7,space,0.33270480000646785,None,3,1,[1.9180089000001317],[1.9180335999990348],7,3,87,3,404.421331000005,,404.4086415000056,404.421331000005,405.42044570000144,405.42044570000144,405.42044570000144,405.75445759999275,space,0.33270480000646785,None,405.7554831000016,405.8540370666635,406.1686375999998,406.1569182999956,406.15769209999416,406.1686375999998,406.1686375999998,406.1686375999998,408.0871366999927,3,1,[1.9180089000001317],[1.9180335999990348],MMM,001,2025-11-13_20h43.13.729,intentional binding,,2025.1.1,60.062152313005356,2025-11-13 20h43.27.408791 +0530,
0.4,1000,exp,88,4,7,space,0.5447505999909481,None,3,1,[1.4055479999951785],[1.4056005999882473],7,4,88,4,408.1018883999932,,408.0876397999964,408.1018883999932,409.1008421000006,409.1008421000006,409.1173340999958,409.6508271000057,space,0.5447505999909481,None,409.6513069999928,410.05029996666804,410.36056060000556,410.35050509999564,410.3508851999941,410.36056060000556,410.36056060000556,410.36056060000556,411.7665882000001,3,1,[1.4055479999951785],[1.4056005999882473],MMM,001,2025-11-13_20h43.13.729,intentional binding,,2025.1.1,60.062152313005356,2025-11-13 20h43.27.408791 +0530,
0.7,1000,exp,89,5,7,space,0.3717439000029117,None,6,1,[1.2250154999928782],[1.2250323999905959],7,5,89,5,411.78227149999293,,411.76699180000287,411.78227149999293,412.781505299994,412.781505299994,412.781505299994,413.1651644999947,space,0.3717439000029117,None,413.16603439999744,413.8802599666708,414.1898794000008,414.17787529999623,414.17854019999504,414.1898794000008,414.1898794000008,414.1898794000008,415.415327900002,6,1,[1.2250154999928782],[1.2250323999905959],MMM,001,2025-11-13_20h43.13.729,intentional binding,,2025.1.1,60.062152313005356,2025-11-13 20h43.27.408791 +0530,
0.1,1000,exp,90,6,7,space,0.6343963999970583,None,2,1,[1.7549225999973714],[1.7549404000019422],7,6,90,6,415.42890479999187,,415.415699899997,415.42890479999187,416.42844940000214,416.42844940000214,416.42844940000214,417.07839510000485,space,0.6343963999970583,None,417.07924849999836,417.1776861666624,417.4911687999993,417.47410059999675,417.4784748999955,417.4911687999993,417.4911687999993,417.4911687999993,419.24653590000526,2,1,[1.7549225999973714],[1.7549404000019422],MMM,001,2025-11-13_20h43.13.729,intentional binding,,2025.1.1,60.062152313005356,2025-11-13 20h43.27.408791 +0530,
0.4,1000,exp,91,7,7,space,0.3576203999982681,None,4,1,[1.6395317999995314],[1.6395441000058781],7,7,91,7,419.2595552999992,,419.2468197999988,419.2595552999992,420.25841399999626,420.25841399999626,420.27492539999366,420.6252042999986,space,0.3576203999982681,None,420.62616960000014,421.0411469666617,421.3526649999985,421.3366892000049,421.33746090000204,421.3526649999985,421.3526649999985,421.3526649999985,422.9925423999957,4,1,[1.6395317999995314],[1.6395441000058781],MMM,001,2025-11-13_20h43.13.729,intentional binding,,2025.1.1,60.062152313005356,2025-11-13 20h43.27.408791 +0530,
0.7,1000,exp,92,8,7,space,0.27745530000538565,None,5,1,[1.0787146000075154],[1.0787768000009237],7,8,92,8,423.00628519999736,,422.99283230000583,423.00628519999736,424.0052285999991,424.0052285999991,424.0052285999991,424.28927680000197,space,0.27745530000538565,None,424.2903348999971,425.0044706666706,425.31136289999995,425.3005755000049,425.3010456000047,425.31136289999995,425.31136289999995,425.31136289999995,426.3907074000017,5,1,[1.0787146000075154],[1.0787768000009237],MMM,001,2025-11-13_20h43.13.729,intentional binding,,2025.1.1,60.062152313005356,2025-11-13 20h43.27.408791 +0530,
0.1,1000,exp,93,9,7,space,0.44959899999958,None,4,1,[3.069254499991075],[3.0692684999958146],7,9,93,9,426.4034384999977,,426.3912842999998,426.4034384999977,427.4029825000034,427.4029825000034,427.4029825000034,427.86968059999344,space,0.44959899999958,None,427.8706710999977,427.96882646666586,428.28066400000534,428.2692420999956,428.27101830000174,428.28066400000534,428.28066400000534,428.28066400000534,431.35031320000417,4,1,[3.069254499991075],[3.0692684999958146],MMM,001,2025-11-13_20h43.13.729,intentional binding,,2025.1.1,60.062152313005356,2025-11-13 20h43.27.408791 +0530,
0.4,1000,exp,94,10,7,space,0.39532510000572074,None,3,1,[2.1996948000014527],[2.1997039999987464],7,10,94,10,431.3658085000061,,431.35067600000184,431.3658085000061,432.3651245999936,432.3651245999936,432.3651245999936,432.7662657000037,space,0.39532510000572074,None,432.76740929999505,433.1811302666649,433.4964289000054,433.48065759999736,433.4813088999945,433.4964289000054,433.4964289000054,433.4964289000054,435.69639800000004,3,1,[2.1996948000014527],[2.1997039999987464],MMM,001,2025-11-13_20h43.13.729,intentional binding,,2025.1.1,60.062152313005356,2025-11-13 20h43.27.408791 +0530,
0.7,1000,exp,95,11,7,space,0.38399079999362584,None,5,1,[1.0384963000105927],[1.0385111000068719],7,11,95,11,435.7125126000028,,435.6966156999988,435.7125126000028,436.7115257999976,436.7115257999976,436.7115257999976,437.1120646000054,space,0.38399079999362584,None,437.1130814000062,437.8276924666609,438.1420949000021,438.12759210000513,438.1281783000013,438.1420949000021,438.1420949000021,438.1420949000021,439.18090289999964,5,1,[1.0384963000105927],[1.0385111000068719],MMM,001,2025-11-13_20h43.13.729,intentional binding,,2025.1.1,60.062152313005356,2025-11-13 20h43.27.408791 +0530,
0.1,400,unexp,96,0,8,space,0.6955335999955423,None,2,1,[1.9326466000056826],[1.9326578000036534],8,0,96,0,439.19298849999905,,439.18115239999315,439.19298849999905,440.1921883000032,440.1921883000032,440.1921883000032,440.89226350000536,space,0.6955335999955423,None,440.89295150000544,441.0080675666725,441.3239983999956,441.3076288000011,441.309955100005,441.3239983999956,441.3239983999956,441.3239983999956,443.25698950000515,2,1,[1.9326466000056826],[1.9326578000036534],MMM,001,2025-11-13_20h43.13.729,intentional binding,,2025.1.1,60.062152313005356,2025-11-13 20h43.27.408791 +0530,
0.4,400,unexp,97,1,8,space,0.41378780000377446,None,6,1,[1.6186059000028763],[1.6186252000043169],8,1,97,1,443.2729240000044,,443.2573160000029,443.2729240000044,444.2723729999998,444.2723729999998,444.2723729999998,444.68900640000356,space,0.41378780000377446,None,444.6900181999954,445.1046622666656,445.4050079000008,445.39911869999196,445.3994289999973,445.4050079000008,445.4050079000008,445.4050079000008,447.0241195999988,6,1,[1.6186059000028763],[1.6186252000043169],MMM,001,2025-11-13_20h43.13.729,intentional binding,,2025.1.1,60.062152313005356,2025-11-13 20h43.27.408791 +0530,
0.7,400,unexp,98,2,8,space,0.21384329999273177,None,4,1,[0.8245854999986477],[0.8245963999943342],8,2,98,2,447.036277399995,,447.0246114000038,447.036277399995,448.03568369999994,448.03568369999994,448.03568369999994,448.2524349000014,space,0.21384329999273177,None,448.2530972999957,448.9515099666644,449.26038680000056,449.2479655000061,449.2485732000059,449.26038680000056,449.26038680000056,449.26038680000056,450.0854241000052,4,1,[0.8245854999986477],[0.8245963999943342],MMM,001,2025-11-13_20h43.13.729,intentional binding,,2025.1.1,60.062152313005356,2025-11-13 20h43.27.408791 +0530,
0.1,1000,exp,99,3,8,space,0.5304551999870455,None,6,1,[0.8559757999901194],[0.855988499999512],8,3,99,3,450.10020420000365,,450.08569750000606,450.10020420000365,451.09972019999987,451.09972019999987,451.09972019999987,451.63341510000464,space,0.5304551999870455,None,451.6345149999979,451.7325104666709,452.0452529000031,452.0308382999938,452.03313860000344,452.0452529000031,452.0452529000031,452.0452529000031,452.90154799999436,6,1,[0.8559757999901194],[0.855988499999512],MMM,001,2025-11-13_20h43.13.729,intentional binding,,2025.1.1,60.062152313005356,2025-11-13 20h43.27.408791 +0530,
0.4,1000,exp,100,4,8,space,0.49711139999271836,None,44,1,[0.8615940999879967],[0.8616153999901144],8,4,100,4,452.9149749999924,,452.9018250999943,452.9149749999924,453.91394270000455,453.91394270000455,453.9307989999943,454.4142204999953,space,0.49711139999271836,None,454.414712400001,454.8135562666614,455.1197566000046,455.10790400000405,455.10849689999304,455.1197566000046,455.1197566000046,455.1197566000046,455.9820000000036,44,1,[0.8615940999879967],[0.8616153999901144],MMM,001,2025-11-13_20h43.13.729,intentional binding,,2025.1.1,60.062152313005356,2025-11-13 20h43.27.408791 +0530,
0.7,1000,exp,101,5,8,space,1.110273899990716,None,5,1,[1.1154100999992806],[1.1154204000049504],8,5,101,5,455.9953373000026,,455.9824076999939,455.9953373000026,456.99496339999314,456.99496339999314,456.99496339999314,458.1109929999948,space,1.110273899990716,None,458.111627899998,458.8265191666617,459.14388459999464,459.12333590000344,459.12573139999586,459.14388459999464,459.14388459999464,459.14388459999464,460.2596048999985,5,1,[1.1154100999992806],[1.1154204000049504],MMM,001,2025-11-13_20h43.13.729,intentional binding,,2025.1.1,60.062152313005356,2025-11-13 20h43.27.408791 +0530,
0.1,1000,exp,102,6,8,space,0.5716805999982171,None,6,1,[0.8827310999913607],[0.8827430999954231],8,6,102,6,460.27549319999525,,460.25981400000455,460.27549319999525,461.27470399999584,461.27470399999584,461.2914179999934,461.8585655999923,space,0.5716805999982171,None,461.8598054000031,461.9743137666703,462.27555560000474,462.2678719999967,462.26833940000506,462.27555560000474,462.27555560000474,462.27555560000474,463.15880849999667,6,1,[0.8827310999913607],[0.8827430999954231],MMM,001,2025-11-13_20h43.13.729,intentional binding,,2025.1.1,60.062152313005356,2025-11-13 20h43.27.408791 +0530,
0.4,1000,exp,103,7,8,space,1.9096769000025233,None,8,1,[2.3426949999993667],[2.3427066000003833],8,7,103,7,463.17317880000337,,463.15903919999255,463.17317880000337,464.1725546999951,464.1725546999951,464.1725546999951,466.0882905000035,space,1.9096769000025233,None,466.0893020999938,466.5040905666722,466.80946039999253,466.8015985999955,466.8030665999977,466.80946039999253,466.80946039999253,466.80946039999253,469.15263860000414,8,1,[2.3426949999993667],[2.3427066000003833],MMM,001,2025-11-13_20h43.13.729,intentional binding,,2025.1.1,60.062152313005356,2025-11-13 20h43.27.408791 +0530,
0.7,1000,exp,104,8,8,space,0.3532466999895405,None,2,1,[0.9321240999997826],[0.9321326999925077],8,8,104,8,469.168279000005,,469.1529157000041,469.168279000005,470.1673324000003,470.1673324000003,470.18403629999375,470.53438240000105,space,0.3532466999895405,None,470.5353241999983,471.2494827666708,471.5683469999931,471.5503507999965,471.5509982999938,471.5683469999931,471.5683469999931,471.5683469999931,472.50083079999604,2,1,[0.9321240999997826],[0.9321326999925077],MMM,001,2025-11-13_20h43.13.729,intentional binding,,2025.1.1,60.062152313005356,2025-11-13 20h43.27.408791 +0530,
0.1,1000,exp,105,9,8,space,1.2049993999971775,None,2,1,[1.1207332000049064],[1.1207584999938263],8,9,105,9,472.51530460000504,,472.50105910000275,472.51530460000504,473.51476679999905,473.51476679999905,473.51476679999905,474.73120100000233,space,1.2049993999971775,None,474.7322437999974,474.83062006665955,475.145357699992,475.1306010999979,475.1321190000017,475.145357699992,475.145357699992,475.145357699992,476.26663860000554,2,1,[1.1207332000049064],[1.1207584999938263],MMM,001,2025-11-13_20h43.13.729,intentional binding,,2025.1.1,60.062152313005356,2025-11-13 20h43.27.408791 +0530,
0.4,1000,exp,106,10,8,space,0.2650028999923961,None,3,1,[0.7953156000003219],[0.7953319999942323],8,10,106,10,476.2790813000029,,476.2669323000009,476.2790813000029,477.27816220000386,477.27816220000386,477.27816220000386,477.5454191000026,space,0.2650028999923961,None,477.54681820000405,477.9446383666693,478.2497746000008,478.2415895000013,478.2434712999966,478.2497746000008,478.2497746000008,478.2497746000008,479.0457938000036,3,1,[0.7953156000003219],[0.7953319999942323],MMM,001,2025-11-13_20h43.13.729,intentional binding,,2025.1.1,60.062152313005356,2025-11-13 20h43.27.408791 +0530,
0.7,1000,exp,107,11,8,space,1.0738542000035523,None,5,1,[0.5993577000044752],[0.5993705000000773],8,11,107,11,479.0597781999968,,479.0462985000049,479.0597781999968,480.0592622999975,480.0592622999975,480.0592622999975,481.14203099999577,space,1.0738542000035523,None,481.14271420000296,481.8413015666631,482.1594399000023,482.1386488999997,482.1393859999953,482.1594399000023,482.1594399000023,482.1594399000023,482.7591446000006,5,1,[0.5993577000044752],[0.5993705000000773],MMM,001,2025-11-13_20h43.13.729,intentional binding,,2025.1.1,60.062152313005356,2025-11-13 20h43.27.408791 +0530,
0.1,400,unexp,108,0,9,space,0.5831636999937473,None,2,1,[1.097227500009467],[1.0972424000065075],9,0,108,0,482.7734410999983,,482.75943999999436,482.7734410999983,483.772466800001,483.772466800001,483.772466800001,484.3561667000031,space,0.5831636999937473,None,484.35671629999706,484.455655966671,484.7584358000022,484.7500588999974,484.75045829999726,484.7584358000022,484.7584358000022,484.7584358000022,485.85613349999767,2,1,[1.097227500009467],[1.0972424000065075],MMM,001,2025-11-13_20h43.13.729,intentional binding,,2025.1.1,60.062152313005356,2025-11-13 20h43.27.408791 +0530,
0.4,400,unexp,109,1,9,space,0.29240459999709856,None,3,1,[1.0420251000032295],[1.0420349999913014],9,1,109,1,485.8709572999942,,485.8564714999957,485.8709572999942,486.8702262000006,486.8702262000006,486.8702262000006,487.17038409999805,space,0.29240459999709856,None,487.17133959999774,487.56985276667206,487.8772883999918,487.8682063000015,487.8687491000019,487.8772883999918,487.8772883999918,487.8772883999918,488.9195832999976,3,1,[1.0420251000032295],[1.0420349999913014],MMM,001,2025-11-13_20h43.13.729,intentional binding,,2025.1.1,60.062152313005356,2025-11-13 20h43.27.408791 +0530,
0.7,400,unexp,110,2,9,space,0.49031559999275487,None,3,1,[0.9722222999989754],[0.9722318999993149],9,2,110,2,488.93526679999195,,488.91982909999206,488.93526679999195,489.9340968000033,489.9340968000033,489.95080130000133,490.43526589999965,space,0.49031559999275487,None,490.43660230000387,491.1503518666616,491.4619672999979,491.4473405000026,491.4479367000022,491.4619672999979,491.4619672999979,491.4619672999979,492.43456239999796,3,1,[0.9722222999989754],[0.9722318999993149],MMM,001,2025-11-13_20h43.13.729,intentional binding,,2025.1.1,60.062152313005356,2025-11-13 20h43.27.408791 +0530,
0.1,1000,exp,111,3,9,space,0.5058646999968914,None,5,1,[1.441176299995277],[1.4411929000052623],9,3,111,3,492.4489007999946,,492.4348969999992,492.4489007999946,493.4481431000022,493.4481431000022,493.4481431000022,493.9648173000023,space,0.5058646999968914,None,493.9656685999944,494.0642294666652,494.37486880000506,494.3596072999935,494.3601920999936,494.37486880000506,494.37486880000506,494.37486880000506,495.8166283000028,5,1,[1.441176299995277],[1.4411929000052623],MMM,001,2025-11-13_20h43.13.729,intentional binding,,2025.1.1,60.062152313005356,2025-11-13 20h43.27.408791 +0530,
0.4,1000,exp,112,4,9,space,0.9650077999976929,None,2,1,[1.2109758000005968],[1.210988599996199],9,4,112,4,495.82936170000175,,495.81701559999783,495.82936170000175,496.82863329999964,496.82863329999964,496.82863329999964,497.7949513000058,space,0.9650077999976929,None,497.7957116000034,498.19422846666225,498.49915180000244,498.49177219999547,498.49220310000237,498.49915180000244,498.49915180000244,498.49915180000244,499.71046970000316,2,1,[1.2109758000005968],[1.210988599996199],MMM,001,2025-11-13_20h43.13.729,intentional binding,,2025.1.1,60.062152313005356,2025-11-13 20h43.27.408791 +0530,
0.7,1000,exp,113,5,9,space,0.699745999998413,None,1,1,[1.3414755999983754],[1.3414856000017608],9,5,113,5,499.7262183999992,,499.71076420000463,499.7262183999992,500.72552550000546,500.72552550000546,500.72552550000546,501.44209650000266,space,0.699745999998413,None,501.4428878000035,502.1412949666594,502.44868159999896,502.44127789999766,502.44177799999306,502.44868159999896,502.44868159999896,502.44868159999896,503.79044490000524,1,1,[1.3414755999983754],[1.3414856000017608],MMM,001,2025-11-13_20h43.13.729,intentional binding,,2025.1.1,60.062152313005356,2025-11-13 20h43.27.408791 +0530,
0.1,1000,exp,114,6,9,space,0.3909453000087524,None,3,1,[1.5408498000033433],[1.540864499998861],9,6,114,6,503.80626899999334,,503.79073439999775,503.80626899999334,504.8055228000012,504.8055228000012,504.8055228000012,505.2057522999967,space,0.3909453000087524,None,505.20651519999956,505.3051411666713,505.6140688000014,505.59755869999935,505.5991718000005,505.6140688000014,505.6140688000014,505.6140688000014,507.15536760000396,3,1,[1.5408498000033433],[1.540864499998861],MMM,001,2025-11-13_20h43.13.729,intentional binding,,2025.1.1,60.062152313005356,2025-11-13 20h43.27.408791 +0530,
0.4,1000,exp,115,7,9,space,0.7394856000028085,None,6 ,1,[2.4226023999945028],[2.422622499987483],9,7,115,7,507.1704274999938,,507.155666000006,507.1704274999938,508.1693978999974,508.1693978999974,508.1693978999974,508.91905110000516,space,0.7394856000028085,None,508.9196054000058,509.3181987666651,509.6301575999969,509.6182817999943,509.6198712000041,509.6301575999969,509.6301575999969,509.6301575999969,512.053473299995,6 ,1,[2.4226023999945028],[2.422622499987483],MMM,001,2025-11-13_20h43.13.729,intentional binding,,2025.1.1,60.062152313005356,2025-11-13 20h43.27.408791 +0530,
0.7,1000,exp,116,8,9,space,0.7508023999980651,None,3  ,1,[3.771587700000964],[3.771600899999612],9,8,116,8,512.0664948000049,,512.0542252000014,512.0664948000049,513.0660325000063,513.0660325000063,513.0821578000032,513.8317650999961,space,0.7508023999980651,None,513.8324588999967,514.5308194666616,514.8416873999959,514.8312299999961,514.8328538999922,514.8416873999959,514.8416873999959,514.8416873999959,518.6138204000017,3  ,1,[3.771587700000964],[3.771600899999612],MMM,001,2025-11-13_20h43.13.729,intentional binding,,2025.1.1,60.062152313005356,2025-11-13 20h43.27.408791 +0530,
0.1,1000,exp,117,9,9,space,0.4376976000057766,None,3,1,[1.195027800000389],[1.1950480999948923],9,9,117,9,518.6277073999954,,518.614170899993,518.6277073999954,519.6267130000051,519.6267130000051,519.6432084999979,520.0768080999987,space,0.4376976000057766,None,520.0778128999955,520.176100566667,520.4836266000057,520.4731032999989,520.4768609000021,520.4836266000057,520.4836266000057,520.4836266000057,521.6791823999956,3,1,[1.195027800000389],[1.1950480999948923],MMM,001,2025-11-13_20h43.13.729,intentional binding,,2025.1.1,60.062152313005356,2025-11-13 20h43.27.408791 +0530,
0.4,1000,exp,118,10,9,space,0.43385860000853427,None,4,1,[1.6605248999985633],[1.6605451999930665],9,10,118,10,521.6915108999965,,521.6795943000034,521.6915108999965,522.6909921000042,522.6909921000042,522.6909921000042,523.1413918000035,space,0.43385860000853427,None,523.1425001000025,523.5567982666728,523.8636139000009,523.853486699998,523.8539750000054,523.8636139000009,523.8636139000009,523.8636139000009,525.5246568000002,4,1,[1.6605248999985633],[1.6605451999930665],MMM,001,2025-11-13_20h43.13.729,intentional binding,,2025.1.1,60.062152313005356,2025-11-13 20h43.27.408791 +0530,
0.7,1000,exp,119,11,9,space,0.636718199995812,None,67,1,[1.2755949000129476],[1.2756127000029664],9,11,119,11,525.538297799998,,525.5250882999972,525.538297799998,526.5378644000011,526.5378644000011,526.5378644000011,527.187883999999,space,0.636718199995812,None,527.1888811999961,527.9033607666681,528.211518199998,528.2005016000039,528.201744799997,528.211518199998,528.211518199998,528.211518199998,529.4875444000063,67,1,[1.2755949000129476],[1.2756127000029664],MMM,001,2025-11-13_20h43.13.729,intentional binding,,2025.1.1,60.062152313005356,2025-11-13 20h43.27.408791 +0530,
0.1,400,unexp,120,0,10,space,1.3468847000040114,None,5,1,[1.3746683000063058],[1.374677800005884],10,0,120,0,529.5017342999927,,529.4878160999942,529.5017342999927,530.5010154000047,530.5010154000047,530.5010154000047,531.8502636000048,space,1.3468847000040114,None,531.8512384999922,531.9497053666603,532.2582006000011,532.2472912999947,532.2492990000028,532.2582006000011,532.2582006000011,532.2582006000011,533.6333780999994,5,1,[1.3746683000063058],[1.374677800005884],MMM,001,2025-11-13_20h43.13.729,intentional binding,,2025.1.1,60.062152313005356,2025-11-13 20h43.27.408791 +0530,
0.4,400,unexp,121,1,10,space,0.42510379999293946,None,8 ,1,[1.2253647000034107],[1.2253825000079814],10,1,121,1,533.6483802000002,,533.6336538000032,533.6483802000002,534.6479441999982,534.6479441999982,534.6479441999982,535.0809679999948,space,0.42510379999293946,None,535.0814835000056,535.4965401666598,535.8058518000034,535.7908217999939,535.7914244999993,535.8058518000034,535.8058518000034,535.8058518000034,537.0317093000049,8 ,1,[1.2253647000034107],[1.2253825000079814],MMM,001,2025-11-13_20h43.13.729,intentional binding,,2025.1.1,60.062152313005356,2025-11-13 20h43.27.408791 +0530,
0.7,400,unexp,122,2,10,space,0.2627353999996558,None,8,1,[0.7686085000023013],[0.7686192999972263],10,2,122,2,537.0456092999957,,537.0321766999987,537.0456092999957,538.0448187000002,538.0448187000002,538.0448187000002,538.3117816000013,space,0.2627353999996558,None,538.3127161000011,539.0110246666629,539.3251951999991,539.3079605999956,539.3100806000002,539.3251951999991,539.3251951999991,539.3251951999991,540.0941376999981,8,1,[0.7686085000023013],[0.7686192999972263],MMM,001,2025-11-13_20h43.13.729,intentional binding,,2025.1.1,60.062152313005356,2025-11-13 20h43.27.408791 +0530,
0.1,1000,exp,123,3,10,space,0.2851217999996152,None,6 ,1,[1.5710038000106579],[1.5710153999971226],10,3,123,3,540.1098690999934,,540.094431599995,540.1098690999934,541.1089592000062,541.1089592000062,541.1254442000063,541.4085048999987,space,0.2851217999996152,None,541.4088865999947,541.5081541666625,541.8197550000041,541.8087503999996,541.8093659000006,541.8197550000041,541.8197550000041,541.8197550000041,543.3911813000013,6 ,1,[1.5710038000106579],[1.5710153999971226],MMM,001,2025-11-13_20h43.13.729,intentional binding,,2025.1.1,60.062152313005356,2025-11-13 20h43.27.408791 +0530,
0.4,1000,exp,124,4,10,space,0.2464170000021113,None,5,1,[1.0145348999940325],[1.01455839999835],10,4,124,4,543.4074247999961,,543.3914866999985,543.4074247999961,544.4065034999949,544.4065034999949,544.4229609000031,544.6571354000043,space,0.2464170000021113,None,544.6581996000023,545.0721281666667,545.3776037999924,545.3684931000025,545.3688263999938,545.3776037999924,545.3776037999924,545.3776037999924,546.3926810999983,5,1,[1.0145348999940325],[1.01455839999835],MMM,001,2025-11-13_20h43.13.729,intentional binding,,2025.1.1,60.062152313005356,2025-11-13 20h43.27.408791 +0530,
0.7,1000,exp,125,5,10,space,0.42351169999164995,None,4,1,[1.032176900000195],[1.0321901999996044],10,5,125,5,546.4044914999977,,546.3930116999982,546.4044914999977,547.4036825999938,547.4036825999938,547.4036825999938,547.8370664999966,space,0.42351169999164995,None,547.8377973000024,548.5363475666711,548.8537157999963,548.8391087000055,548.8397379999951,548.8537157999963,548.8537157999963,548.8537157999963,549.8863715000043,4,1,[1.032176900000195],[1.0321901999996044],MMM,001,2025-11-13_20h43.13.729,intentional binding,,2025.1.1,60.062152313005356,2025-11-13 20h43.27.408791 +0530,
0.1,1000,exp,126,6,10,space,0.5325166000111494,None,3,1,[1.5707034999941243],[1.5707238000031793],10,6,126,6,549.9018682000024,,549.8867062999925,549.9018682000024,550.9011681999982,550.9011681999982,550.9011681999982,551.451286800002,space,0.5325166000111494,None,551.4523112000024,551.5504837666706,551.8630754000042,551.8491942999972,551.8498118999996,551.8630754000042,551.8630754000042,551.8630754000042,553.4343272999977,3,1,[1.5707034999941243],[1.5707238000031793],MMM,001,2025-11-13_20h43.13.729,intentional binding,,2025.1.1,60.062152313005356,2025-11-13 20h43.27.408791 +0530,
0.4,1000,exp,127,7,10,space,0.30620219999400433,None,2,1,[1.227398600007291],[1.227406300007715],10,7,127,7,553.4486778999999,,553.4347536999994,553.4486778999999,554.4478792000009,554.4478792000009,554.4478792000009,554.7646299000044,space,0.30620219999400433,None,554.7653182999929,555.1639619666714,555.4704746999923,555.4578277999972,555.4584058000037,555.4704746999923,555.4704746999923,555.4704746999923,556.6981513999926,2,1,[1.227398600007291],[1.227406300007715],MMM,001,2025-11-13_20h43.13.729,intentional binding,,2025.1.1,60.062152313005356,2025-11-13 20h43.27.408791 +0530,
0.7,1000,exp,128,8,10,space,6.967539100005524,None,5,1,[5.065642600005958],[5.065659300002153],10,8,128,8,556.7130353999964,,556.698349600003,556.7130353999964,557.7120463000028,557.7120463000028,557.7120463000028,564.6903125999961,space,6.967539100005524,None,564.6912244999985,565.4055621666669,565.719549100002,565.7002089000016,565.7022010999935,565.719549100002,565.719549100002,565.719549100002,570.7856059000042,5,1,[5.065642600005958],[5.065659300002153],MMM,001,2025-11-13_20h43.13.729,intentional binding,,2025.1.1,60.062152313005356,2025-11-13 20h43.27.408791 +0530,
0.1,1000,exp,129,9,10,space,0.5001115000050049,None,6,1,[1.329384900003788],[1.329397900000913],10,9,129,9,570.8009624999977,,570.7859515000018,570.8009624999977,571.8000088999979,571.8000088999979,571.8165969999973,572.3168804000015,space,0.5001115000050049,None,572.3177451999945,572.4162971666703,572.7392110999936,572.7183058999944,572.7211914999934,572.7392110999936,572.7392110999936,572.7392110999936,574.068935599993,6,1,[1.329384900003788],[1.329397900000913],MMM,001,2025-11-13_20h43.13.729,intentional binding,,2025.1.1,60.062152313005356,2025-11-13 20h43.27.408791 +0530,
0.4,1000,exp,130,10,10,space,1.3955866000032984,None,6,1,[0.9519410999928368],[0.9519533999991836],10,10,130,10,574.0819632999919,,574.0692401999986,574.0819632999919,575.0809521000047,575.0809521000047,575.097557000001,576.4800185000058,space,1.3955866000032984,None,576.4806853000046,576.879586366664,577.1936525000056,577.1795741999958,577.1826486999926,577.1936525000056,577.1936525000056,577.1936525000056,578.1459251000051,6,1,[0.9519410999928368],[0.9519533999991836],MMM,001,2025-11-13_20h43.13.729,intentional binding,,2025.1.1,60.062152313005356,2025-11-13 20h43.27.408791 +0530,
0.7,1000,exp,131,11,10,space,2.1263878000027034,None,5  ,1,[3.714701699995203],[3.714717099996051],10,11,131,11,578.1615378999995,,578.1463294999994,578.1615378999995,579.1609743000008,579.1609743000008,579.1609743000008,581.2929198000056,space,2.1263878000027034,None,581.2938408000045,582.0084633666595,582.3260567999969,582.3085879999999,582.3104488999961,582.3260567999969,582.3260567999969,582.3260567999969,586.0412662000017,5  ,1,[3.714701699995203],[3.714717099996051],MMM,001,2025-11-13_20h43.13.729,intentional binding,,2025.1.1,60.062152313005356,2025-11-13 20h43.27.408791 +0530,
