gaze_image,posx,posy,validity,target_image,thisN,thisTrialN,thisRepN,mouse.x,mouse.y,mouse.leftButton,mouse.midButton,mouse.rightButton,mouse.time,mouse.clicked_name,trials.thisRepN,trials.thisTrialN,trials.thisN,trials.thisIndex,thisRow.t,notes,instructions.started,instructions.stopped,trial.started,neut.started,trial.stopped,resp.started,G.started,targ.started,mouse.started,G.stopped,resp.stopped,trials.mouse.x,trials.mouse.y,trials.mouse.leftButton,trials.mouse.midButton,trials.mouse.rightButton,trials.mouse.time,trials.mouse.clicked_name,neut.stopped,participant,session,date,expName,expVersion,psychopyVersion,frameRate,expStart,
,,,,,,,,,,,,,,,,,,,,,0.002509300014935434,1.5870691000018269,,,,,,,,,,,,,,,,,,RI,,2025-11-23_12h48.42.760,solo-project,,2025.1.1,60.037992044092626,2025-11-23 12h48.52.362078 +0530,
C:\Users\RIYA MANIYAR\OneDrive\Desktop\Lab in Psycholgy\Solo-project Gaze Cue\stimuli\gaze_image\rightgaze.png,0.5,0,valid,C:\Users\RIYA MANIYAR\OneDrive\Desktop\Lab in Psycholgy\Solo-project Gaze Cue\stimuli\target\men neutral face.JPG,0,0,0,[np.float64(0.3212962962962963)],[np.float64(-0.009259259259259259)],[1],[0],[0],[0.633222000033129],['targ'],0,0,0,2,1.606826200033538,,,,1.6014280000235885,1.606826200033538,2.0013228000025265,2.023246900003869,2.0331154000014067,3.0008752000285313,1.0139197999378666,3.033850000007078,3.6370941000059247,[np.float64(0.3212962962962963)],[np.float64(-0.009259259259259259)],[1],[0],[0],[0.633222000033129],['targ'],,RI,,2025-11-23_12h48.42.760,solo-project,,2025.1.1,60.037992044092626,2025-11-23 12h48.52.362078 +0530,
C:\Users\RIYA MANIYAR\OneDrive\Desktop\Lab in Psycholgy\Solo-project Gaze Cue\stimuli\gaze_image\leftgaze.png,0.5,0,invalid,C:\Users\RIYA MANIYAR\OneDrive\Desktop\Lab in Psycholgy\Solo-project Gaze Cue\stimuli\target\men neutral face.JPG,1,1,0,[np.float64(0.35648148148148145)],[np.float64(-0.03333333333333333)],[1],[0],[0],[0.9146117999916896],['targ'],0,1,1,0,3.6498419000417925,,,,3.637343700043857,3.6498419000417925,4.03325900004711,4.044911600009073,4.052559300034773,5.049105500045698,1.012014799984172,5.065454400028102,5.967513300012797,[np.float64(0.35648148148148145)],[np.float64(-0.03333333333333333)],[1],[0],[0],[0.9146117999916896],['targ'],4.052559300034773,RI,,2025-11-23_12h48.42.760,solo-project,,2025.1.1,60.037992044092626,2025-11-23 12h48.52.362078 +0530,
C:\Users\RIYA MANIYAR\OneDrive\Desktop\Lab in Psycholgy\Solo-project Gaze Cue\stimuli\gaze_image\leftgaze.png,-0.5,0,valid,C:\Users\RIYA MANIYAR\OneDrive\Desktop\Lab in Psycholgy\Solo-project Gaze Cue\stimuli\target\men neutral face.JPG,2,2,0,[np.float64(-0.35)],[np.float64(0.03518518518518519)],[1],[0],[0],[0.882692200015299],['targ'],0,2,2,1,5.9812172000529245,,,,5.967747100046836,5.9812172000529245,6.36448080005357,6.3735417000134476,6.380817299999762,7.380027700040955,1.012517699971795,7.380027700040955,8.26294050004799,[np.float64(-0.35)],[np.float64(0.03518518518518519)],[1],[0],[0],[0.882692200015299],['targ'],6.380817299999762,RI,,2025-11-23_12h48.42.760,solo-project,,2025.1.1,60.037992044092626,2025-11-23 12h48.52.362078 +0530,
C:\Users\RIYA MANIYAR\OneDrive\Desktop\Lab in Psycholgy\Solo-project Gaze Cue\stimuli\gaze_image\leftgaze.png,0.5,0,invalid,C:\Users\RIYA MANIYAR\OneDrive\Desktop\Lab in Psycholgy\Solo-project Gaze Cue\stimuli\target\women neutral face.JPG,3,3,0,[np.float64(0.37962962962962965)],[np.float64(-0.10277777777777777)],[1],[0],[0],[0.8477794000064023],['targ'],0,3,3,4,8.279317300010007,,,,8.263171200000215,8.279317300010007,8.662293400033377,8.674366200051736,8.67944240005454,9.679313700005878,1.0164941999828443,9.695075099996757,10.530993100022897,[np.float64(0.37962962962962965)],[np.float64(-0.10277777777777777)],[1],[0],[0],[0.8477794000064023],['targ'],8.67944240005454,RI,,2025-11-23_12h48.42.760,solo-project,,2025.1.1,60.037992044092626,2025-11-23 12h48.52.362078 +0530,
C:\Users\RIYA MANIYAR\OneDrive\Desktop\Lab in Psycholgy\Solo-project Gaze Cue\stimuli\gaze_image\leftgaze.png,-0.5,0,valid,C:\Users\RIYA MANIYAR\OneDrive\Desktop\Lab in Psycholgy\Solo-project Gaze Cue\stimuli\target\women neutral face.JPG,4,4,0,[np.float64(-0.4648148148148148)],[np.float64(-0.030555555555555555)],[1],[0],[0],[0.4190962999709882],['targ'],0,4,4,5,10.544001300004311,,,,10.53154400002677,10.544001300004311,10.927543000027072,10.93953870004043,10.943801800021902,11.943497900036164,1.0125129999942146,11.943497900036164,12.363107200013474,[np.float64(-0.4648148148148148)],[np.float64(-0.030555555555555555)],[1],[0],[0],[0.4190962999709882],['targ'],10.943801800021902,RI,,2025-11-23_12h48.42.760,solo-project,,2025.1.1,60.037992044092626,2025-11-23 12h48.52.362078 +0530,
C:\Users\RIYA MANIYAR\OneDrive\Desktop\Lab in Psycholgy\Solo-project Gaze Cue\stimuli\gaze_image\rightgaze.png,0.5,0,valid,C:\Users\RIYA MANIYAR\OneDrive\Desktop\Lab in Psycholgy\Solo-project Gaze Cue\stimuli\target\women neutral face.JPG,5,5,0,[np.float64(0.45925925925925926)],[np.float64(-0.08703703703703704)],[1],[0],[0],[0.5023851000005379],['targ'],0,5,5,6,12.375774600019213,,,,12.363424400042277,12.375774600019213,12.759503300010692,12.77050710003823,12.775829300051555,13.775540400005411,1.0123961999779567,13.791620700038038,14.280380200012587,[np.float64(0.45925925925925926)],[np.float64(-0.08703703703703704)],[1],[0],[0],[0.5023851000005379],['targ'],12.775829300051555,RI,,2025-11-23_12h48.42.760,solo-project,,2025.1.1,60.037992044092626,2025-11-23 12h48.52.362078 +0530,
C:\Users\RIYA MANIYAR\OneDrive\Desktop\Lab in Psycholgy\Solo-project Gaze Cue\stimuli\gaze_image\rightgaze.png,-0.5,0,invalid,C:\Users\RIYA MANIYAR\OneDrive\Desktop\Lab in Psycholgy\Solo-project Gaze Cue\stimuli\target\women neutral face.JPG,6,6,0,[np.float64(-0.4064814814814815)],[np.float64(0.007407407407407408)],[1],[0],[0],[0.5701585999922827],['targ'],0,6,6,7,14.291083700023592,,,,14.280866100045387,14.291083700023592,14.673968600051012,14.68426550005097,14.690812800021376,15.69001770002069,1.0095911999815144,15.69001770002069,16.260615700040944,[np.float64(-0.4064814814814815)],[np.float64(0.007407407407407408)],[1],[0],[0],[0.5701585999922827],['targ'],14.690812800021376,RI,,2025-11-23_12h48.42.760,solo-project,,2025.1.1,60.037992044092626,2025-11-23 12h48.52.362078 +0530,
C:\Users\RIYA MANIYAR\OneDrive\Desktop\Lab in Psycholgy\Solo-project Gaze Cue\stimuli\gaze_image\rightgaze.png,-0.5,0,invalid,C:\Users\RIYA MANIYAR\OneDrive\Desktop\Lab in Psycholgy\Solo-project Gaze Cue\stimuli\target\men neutral face.JPG,7,7,0,[np.float64(-0.31851851851851853)],[np.float64(-0.010185185185185186)],[1],[0],[0],[0.8139201999874786],['targ'],0,7,7,3,16.272597400005907,,,,16.261239900020882,16.272597400005907,16.65620690002106,16.668840700003784,16.67318179999711,17.67246700002579,1.0117743999580853,17.688508100050967,18.490197800041642,[np.float64(-0.31851851851851853)],[np.float64(-0.010185185185185186)],[1],[0],[0],[0.8139201999874786],['targ'],16.67318179999711,RI,,2025-11-23_12h48.42.760,solo-project,,2025.1.1,60.037992044092626,2025-11-23 12h48.52.362078 +0530,
C:\Users\RIYA MANIYAR\OneDrive\Desktop\Lab in Psycholgy\Solo-project Gaze Cue\stimuli\gaze_image\rightgaze.png,-0.5,0,invalid,C:\Users\RIYA MANIYAR\OneDrive\Desktop\Lab in Psycholgy\Solo-project Gaze Cue\stimuli\target\men neutral face.JPG,8,0,1,[np.float64(-0.47962962962962963)],[np.float64(0.06481481481481481)],[1],[0],[0],[0.6540302999783307],['targ'],1,0,8,3,18.504096700053196,,,,18.490415500011295,18.504096700053196,18.88801560003776,18.89657250000164,18.90412440005457,19.903114600048866,1.0129863999900408,19.903114600048866,20.557548800017685,[np.float64(-0.47962962962962963)],[np.float64(0.06481481481481481)],[1],[0],[0],[0.6540302999783307],['targ'],18.90412440005457,RI,,2025-11-23_12h48.42.760,solo-project,,2025.1.1,60.037992044092626,2025-11-23 12h48.52.362078 +0530,
C:\Users\RIYA MANIYAR\OneDrive\Desktop\Lab in Psycholgy\Solo-project Gaze Cue\stimuli\gaze_image\rightgaze.png,-0.5,0,invalid,C:\Users\RIYA MANIYAR\OneDrive\Desktop\Lab in Psycholgy\Solo-project Gaze Cue\stimuli\target\women neutral face.JPG,9,1,1,[np.float64(-0.33240740740740743)],[np.float64(-0.03611111111111111)],[1],[0],[0],[0.5812246999703348],['targ'],1,1,9,7,20.569319500005804,,,,20.558142100053374,20.569319500005804,20.952606900013052,20.964876700018067,20.970580900029745,21.96870080003282,1.0110899999854155,21.984588999999687,22.553516200045124,[np.float64(-0.33240740740740743)],[np.float64(-0.03611111111111111)],[1],[0],[0],[0.5812246999703348],['targ'],20.970580900029745,RI,,2025-11-23_12h48.42.760,solo-project,,2025.1.1,60.037992044092626,2025-11-23 12h48.52.362078 +0530,
C:\Users\RIYA MANIYAR\OneDrive\Desktop\Lab in Psycholgy\Solo-project Gaze Cue\stimuli\gaze_image\leftgaze.png,0.5,0,invalid,C:\Users\RIYA MANIYAR\OneDrive\Desktop\Lab in Psycholgy\Solo-project Gaze Cue\stimuli\target\women neutral face.JPG,10,2,1,[np.float64(0.5481481481481482)],[np.float64(-0.11944444444444445)],[1],[0],[0],[0.5832648999639787],['targ'],1,2,10,4,22.56763610005146,,,,22.553811000019778,22.56763610005146,22.950863900012337,22.964215700048953,22.96881700004451,23.96698050003033,1.0134627999505028,23.983376900025178,24.553229600016493,[np.float64(0.5481481481481482)],[np.float64(-0.11944444444444445)],[1],[0],[0],[0.5832648999639787],['targ'],22.96881700004451,RI,,2025-11-23_12h48.42.760,solo-project,,2025.1.1,60.037992044092626,2025-11-23 12h48.52.362078 +0530,
C:\Users\RIYA MANIYAR\OneDrive\Desktop\Lab in Psycholgy\Solo-project Gaze Cue\stimuli\gaze_image\leftgaze.png,0.5,0,invalid,C:\Users\RIYA MANIYAR\OneDrive\Desktop\Lab in Psycholgy\Solo-project Gaze Cue\stimuli\target\men neutral face.JPG,11,3,1,[np.float64(0.3537037037037037)],[np.float64(-0.020370370370370372)],[1],[0],[0],[0.5649979999870993],['targ'],1,3,11,0,24.56578550004633,,,,24.553772500017658,24.56578550004633,24.94952760002343,24.95756910002092,24.965970400022343,25.966063900035806,1.012817199982237,25.981871800031513,26.534616100019775,[np.float64(0.3537037037037037)],[np.float64(-0.020370370370370372)],[1],[0],[0],[0.5649979999870993],['targ'],24.965970400022343,RI,,2025-11-23_12h48.42.760,solo-project,,2025.1.1,60.037992044092626,2025-11-23 12h48.52.362078 +0530,
C:\Users\RIYA MANIYAR\OneDrive\Desktop\Lab in Psycholgy\Solo-project Gaze Cue\stimuli\gaze_image\rightgaze.png,0.5,0,valid,C:\Users\RIYA MANIYAR\OneDrive\Desktop\Lab in Psycholgy\Solo-project Gaze Cue\stimuli\target\women neutral face.JPG,12,4,1,[np.float64(0.4898148148148148)],[np.float64(-0.11481481481481481)],[1],[0],[0],[0.4857371000107378],['targ'],1,4,12,6,26.547707100049593,,,,26.535106500028633,26.547707100049593,26.93076410004869,26.94105300004594,26.947465900040697,27.946571300039068,1.0119467999902554,27.946571300039068,28.43271080002887,[np.float64(0.4898148148148148)],[np.float64(-0.11481481481481481)],[1],[0],[0],[0.4857371000107378],['targ'],26.947465900040697,RI,,2025-11-23_12h48.42.760,solo-project,,2025.1.1,60.037992044092626,2025-11-23 12h48.52.362078 +0530,
C:\Users\RIYA MANIYAR\OneDrive\Desktop\Lab in Psycholgy\Solo-project Gaze Cue\stimuli\gaze_image\rightgaze.png,0.5,0,valid,C:\Users\RIYA MANIYAR\OneDrive\Desktop\Lab in Psycholgy\Solo-project Gaze Cue\stimuli\target\men neutral face.JPG,13,5,1,[np.float64(0.41203703703703703)],[np.float64(-0.06574074074074074)],[1],[0],[0],[0.49736570002278313],['targ'],1,5,13,2,28.446015100053046,,,,28.433052300009876,28.446015100053046,28.829712200036738,28.841794300009497,28.84738930000458,29.84619150002254,1.0136045999825,29.861918700044043,30.34640430001309,[np.float64(0.41203703703703703)],[np.float64(-0.06574074074074074)],[1],[0],[0],[0.49736570002278313],['targ'],28.84738930000458,RI,,2025-11-23_12h48.42.760,solo-project,,2025.1.1,60.037992044092626,2025-11-23 12h48.52.362078 +0530,
C:\Users\RIYA MANIYAR\OneDrive\Desktop\Lab in Psycholgy\Solo-project Gaze Cue\stimuli\gaze_image\leftgaze.png,-0.5,0,valid,C:\Users\RIYA MANIYAR\OneDrive\Desktop\Lab in Psycholgy\Solo-project Gaze Cue\stimuli\target\men neutral face.JPG,14,6,1,[np.float64(-0.4203703703703704)],[np.float64(0.08333333333333333)],[1],[0],[0],[0.43575419997796416],['targ'],1,6,14,1,30.36115500004962,,,,30.346619500021916,30.36115500004962,30.744180800043978,30.753408900054637,30.761001600010786,31.760246300022118,1.0139861999778077,31.760246300022118,32.19647880003322,[np.float64(-0.4203703703703704)],[np.float64(0.08333333333333333)],[1],[0],[0],[0.43575419997796416],['targ'],30.761001600010786,RI,,2025-11-23_12h48.42.760,solo-project,,2025.1.1,60.037992044092626,2025-11-23 12h48.52.362078 +0530,
C:\Users\RIYA MANIYAR\OneDrive\Desktop\Lab in Psycholgy\Solo-project Gaze Cue\stimuli\gaze_image\leftgaze.png,-0.5,0,valid,C:\Users\RIYA MANIYAR\OneDrive\Desktop\Lab in Psycholgy\Solo-project Gaze Cue\stimuli\target\women neutral face.JPG,15,7,1,[np.float64(-0.36666666666666664)],[np.float64(0.04722222222222222)],[1],[0],[0],[0.43121899996185675],['targ'],1,7,15,5,32.2094563000137,,,,32.196972500009,32.2094563000137,32.593041600019205,32.60340940003516,32.60968750005122,33.60915900004329,1.0126575999893248,33.625255200022366,34.045074000023305,[np.float64(-0.36666666666666664)],[np.float64(0.04722222222222222)],[1],[0],[0],[0.43121899996185675],['targ'],32.60968750005122,RI,,2025-11-23_12h48.42.760,solo-project,,2025.1.1,60.037992044092626,2025-11-23 12h48.52.362078 +0530,
C:\Users\RIYA MANIYAR\OneDrive\Desktop\Lab in Psycholgy\Solo-project Gaze Cue\stimuli\gaze_image\leftgaze.png,-0.5,0,valid,C:\Users\RIYA MANIYAR\OneDrive\Desktop\Lab in Psycholgy\Solo-project Gaze Cue\stimuli\target\men neutral face.JPG,16,0,2,[np.float64(-0.36666666666666664)],[np.float64(0.04722222222222222)],[1],[0],[0],[0.4469453999772668],['targ'],2,0,16,1,34.05795010004658,,,,34.0455617000116,34.05795010004658,34.441451300051995,34.452663300035056,34.458183700044174,35.458160800044425,1.013063599995803,35.474024199997075,35.90929760003928,[np.float64(-0.36666666666666664)],[np.float64(0.04722222222222222)],[1],[0],[0],[0.4469453999772668],['targ'],34.458183700044174,RI,,2025-11-23_12h48.42.760,solo-project,,2025.1.1,60.037992044092626,2025-11-23 12h48.52.362078 +0530,
C:\Users\RIYA MANIYAR\OneDrive\Desktop\Lab in Psycholgy\Solo-project Gaze Cue\stimuli\gaze_image\leftgaze.png,-0.5,0,valid,C:\Users\RIYA MANIYAR\OneDrive\Desktop\Lab in Psycholgy\Solo-project Gaze Cue\stimuli\target\women neutral face.JPG,17,1,2,[np.float64(-0.36666666666666664)],[np.float64(0.04722222222222222)],[1],[0],[0],[0.4314639999647625],['targ'],2,1,17,5,35.9230993000092,,,,35.909805200004485,35.9230993000092,36.306869100022595,36.31931050005369,36.32354320003651,37.32325650000712,1.0139522000099532,37.33902630000375,37.75818010000512,[np.float64(-0.36666666666666664)],[np.float64(0.04722222222222222)],[1],[0],[0],[0.4314639999647625],['targ'],36.32354320003651,RI,,2025-11-23_12h48.42.760,solo-project,,2025.1.1,60.037992044092626,2025-11-23 12h48.52.362078 +0530,
C:\Users\RIYA MANIYAR\OneDrive\Desktop\Lab in Psycholgy\Solo-project Gaze Cue\stimuli\gaze_image\leftgaze.png,0.5,0,invalid,C:\Users\RIYA MANIYAR\OneDrive\Desktop\Lab in Psycholgy\Solo-project Gaze Cue\stimuli\target\women neutral face.JPG,18,2,2,[np.float64(0.4203703703703704)],[np.float64(-0.046296296296296294)],[1],[0],[0],[0.8018778000259772],['targ'],2,2,18,4,37.771557300002314,,,,37.758698100049514,37.771557300002314,38.155193000042345,38.16748760000337,38.17159790004371,39.17096220003441,1.0127585999434814,39.17096220003441,39.97327330004191,[np.float64(0.4203703703703704)],[np.float64(-0.046296296296296294)],[1],[0],[0],[0.8018778000259772],['targ'],38.17159790004371,RI,,2025-11-23_12h48.42.760,solo-project,,2025.1.1,60.037992044092626,2025-11-23 12h48.52.362078 +0530,
C:\Users\RIYA MANIYAR\OneDrive\Desktop\Lab in Psycholgy\Solo-project Gaze Cue\stimuli\gaze_image\rightgaze.png,-0.5,0,invalid,C:\Users\RIYA MANIYAR\OneDrive\Desktop\Lab in Psycholgy\Solo-project Gaze Cue\stimuli\target\women neutral face.JPG,19,3,2,[np.float64(-0.4305555555555556)],[np.float64(0.037037037037037035)],[1],[0],[0],[0.581838299985975],['targ'],2,3,19,7,39.98637430003146,,,,39.973509500036016,39.98637430003146,40.37009979999857,40.38205260003451,40.38653460005298,41.38588280003751,1.012638199958019,41.40221610001754,41.971759300038684,[np.float64(-0.4305555555555556)],[np.float64(0.037037037037037035)],[1],[0],[0],[0.581838299985975],['targ'],40.38653460005298,RI,,2025-11-23_12h48.42.760,solo-project,,2025.1.1,60.037992044092626,2025-11-23 12h48.52.362078 +0530,
C:\Users\RIYA MANIYAR\OneDrive\Desktop\Lab in Psycholgy\Solo-project Gaze Cue\stimuli\gaze_image\leftgaze.png,0.5,0,invalid,C:\Users\RIYA MANIYAR\OneDrive\Desktop\Lab in Psycholgy\Solo-project Gaze Cue\stimuli\target\men neutral face.JPG,20,4,2,[np.float64(0.3509259259259259)],[np.float64(-0.062037037037037036)],[1],[0],[0],[0.5816602000268176],['targ'],2,4,20,0,41.98478340002475,,,,41.97199480002746,41.98478340002475,42.36853500001598,42.3790663999971,42.385086700029206,43.384470500051975,1.0128719999920577,43.40093010000419,43.968615200021304,[np.float64(0.3509259259259259)],[np.float64(-0.062037037037037036)],[1],[0],[0],[0.5816602000268176],['targ'],42.385086700029206,RI,,2025-11-23_12h48.42.760,solo-project,,2025.1.1,60.037992044092626,2025-11-23 12h48.52.362078 +0530,
C:\Users\RIYA MANIYAR\OneDrive\Desktop\Lab in Psycholgy\Solo-project Gaze Cue\stimuli\gaze_image\rightgaze.png,0.5,0,valid,C:\Users\RIYA MANIYAR\OneDrive\Desktop\Lab in Psycholgy\Solo-project Gaze Cue\stimuli\target\men neutral face.JPG,21,5,2,[np.float64(0.3814814814814815)],[np.float64(-0.013888888888888888)],[1],[0],[0],[0.3193458000314422],['targ'],2,5,21,2,43.983139500021935,,,,43.968829500023276,43.983139500021935,44.3668654000503,44.37801630003378,44.383119700010866,45.38227740000002,1.0137739999918267,45.38227740000002,45.70206490001874,[np.float64(0.3814814814814815)],[np.float64(-0.013888888888888888)],[1],[0],[0],[0.3193458000314422],['targ'],44.383119700010866,RI,,2025-11-23_12h48.42.760,solo-project,,2025.1.1,60.037992044092626,2025-11-23 12h48.52.362078 +0530,
C:\Users\RIYA MANIYAR\OneDrive\Desktop\Lab in Psycholgy\Solo-project Gaze Cue\stimuli\gaze_image\rightgaze.png,-0.5,0,invalid,C:\Users\RIYA MANIYAR\OneDrive\Desktop\Lab in Psycholgy\Solo-project Gaze Cue\stimuli\target\men neutral face.JPG,22,6,2,[np.float64(-0.325)],[np.float64(-0.000925925925925926)],[1],[0],[0],[0.5339130000211298],['targ'],2,6,22,3,45.71531470003538,,,,45.70254330005264,45.71531470003538,46.098375500005204,46.1076162000536,46.115115000051446,47.11450650001643,1.012487499974668,47.11450650001643,47.64891610003542,[np.float64(-0.325)],[np.float64(-0.000925925925925926)],[1],[0],[0],[0.5339130000211298],['targ'],46.115115000051446,RI,,2025-11-23_12h48.42.760,solo-project,,2025.1.1,60.037992044092626,2025-11-23 12h48.52.362078 +0530,
C:\Users\RIYA MANIYAR\OneDrive\Desktop\Lab in Psycholgy\Solo-project Gaze Cue\stimuli\gaze_image\rightgaze.png,0.5,0,valid,C:\Users\RIYA MANIYAR\OneDrive\Desktop\Lab in Psycholgy\Solo-project Gaze Cue\stimuli\target\women neutral face.JPG,23,7,2,[np.float64(0.6907407407407408)],[np.float64(-0.14074074074074075)],[1],[0],[0],[0.5159141000476666],['targ'],2,7,23,6,47.66359320003539,,,,47.64927829999942,47.66359320003539,48.047425400000066,48.05997150001349,48.06525540002622,49.063072200049646,1.0141587000107393,49.07927980000386,49.58254170004511,[np.float64(0.6907407407407408)],[np.float64(-0.14074074074074075)],[1],[0],[0],[0.5159141000476666],['targ'],48.06525540002622,RI,,2025-11-23_12h48.42.760,solo-project,,2025.1.1,60.037992044092626,2025-11-23 12h48.52.362078 +0530,
C:\Users\RIYA MANIYAR\OneDrive\Desktop\Lab in Psycholgy\Solo-project Gaze Cue\stimuli\gaze_image\rightgaze.png,-0.5,0,invalid,C:\Users\RIYA MANIYAR\OneDrive\Desktop\Lab in Psycholgy\Solo-project Gaze Cue\stimuli\target\men neutral face.JPG,24,0,3,[np.float64(-0.4861111111111111)],[np.float64(0.06296296296296296)],[1],[0],[0],[0.6181480999803171],['targ'],3,0,24,3,49.595426900021266,,,,49.58301610004855,49.595426900021266,49.978745400032494,49.986435700033326,49.9952159000095,50.994590800022706,1.0120487999520265,50.994590800022706,51.61316240002634,[np.float64(-0.4861111111111111)],[np.float64(0.06296296296296296)],[1],[0],[0],[0.6181480999803171],['targ'],49.9952159000095,RI,,2025-11-23_12h48.42.760,solo-project,,2025.1.1,60.037992044092626,2025-11-23 12h48.52.362078 +0530,
C:\Users\RIYA MANIYAR\OneDrive\Desktop\Lab in Psycholgy\Solo-project Gaze Cue\stimuli\gaze_image\leftgaze.png,0.5,0,invalid,C:\Users\RIYA MANIYAR\OneDrive\Desktop\Lab in Psycholgy\Solo-project Gaze Cue\stimuli\target\women neutral face.JPG,25,1,3,[np.float64(0.4638888888888889)],[np.float64(-0.030555555555555555)],[1],[0],[0],[0.53285150002921],['targ'],3,1,25,4,51.626899800030515,,,,51.61349080002401,51.626899800030515,52.01021420001052,52.01958190003643,52.02715060004266,53.026617700001225,1.013481399975717,53.042525199998636,53.56164780003019,[np.float64(0.4638888888888889)],[np.float64(-0.030555555555555555)],[1],[0],[0],[0.53285150002921],['targ'],52.02715060004266,RI,,2025-11-23_12h48.42.760,solo-project,,2025.1.1,60.037992044092626,2025-11-23 12h48.52.362078 +0530,
C:\Users\RIYA MANIYAR\OneDrive\Desktop\Lab in Psycholgy\Solo-project Gaze Cue\stimuli\gaze_image\leftgaze.png,-0.5,0,valid,C:\Users\RIYA MANIYAR\OneDrive\Desktop\Lab in Psycholgy\Solo-project Gaze Cue\stimuli\target\women neutral face.JPG,26,2,3,[np.float64(-0.5074074074074074)],[np.float64(0.058333333333333334)],[1],[0],[0],[0.35029000003123656],['targ'],3,2,26,5,53.575382000009995,,,,53.56196200003615,53.575382000009995,53.958782300003804,53.970555100007914,53.97557730000699,54.9748280000058,1.0131946999463253,54.99125970003661,55.327614600013476,[np.float64(-0.5074074074074074)],[np.float64(0.058333333333333334)],[1],[0],[0],[0.35029000003123656],['targ'],53.97557730000699,RI,,2025-11-23_12h48.42.760,solo-project,,2025.1.1,60.037992044092626,2025-11-23 12h48.52.362078 +0530,
C:\Users\RIYA MANIYAR\OneDrive\Desktop\Lab in Psycholgy\Solo-project Gaze Cue\stimuli\gaze_image\rightgaze.png,0.5,0,valid,C:\Users\RIYA MANIYAR\OneDrive\Desktop\Lab in Psycholgy\Solo-project Gaze Cue\stimuli\target\men neutral face.JPG,27,3,3,[np.float64(0.3212962962962963)],[np.float64(-0.020370370370370372)],[1],[0],[0],[0.38325329998042434],['targ'],3,3,27,2,55.34061290003592,,,,55.32812640001066,55.34061290003592,55.7241266000201,55.73462750000181,55.74079670000356,56.74007850000635,1.012436999939382,56.756233700027224,57.12599690002389,[np.float64(0.3212962962962963)],[np.float64(-0.020370370370370372)],[1],[0],[0],[0.38325329998042434],['targ'],55.74079670000356,RI,,2025-11-23_12h48.42.760,solo-project,,2025.1.1,60.037992044092626,2025-11-23 12h48.52.362078 +0530,
C:\Users\RIYA MANIYAR\OneDrive\Desktop\Lab in Psycholgy\Solo-project Gaze Cue\stimuli\gaze_image\leftgaze.png,-0.5,0,valid,C:\Users\RIYA MANIYAR\OneDrive\Desktop\Lab in Psycholgy\Solo-project Gaze Cue\stimuli\target\men neutral face.JPG,28,4,3,[np.float64(-0.30833333333333335)],[np.float64(-0.032407407407407406)],[1],[0],[0],[0.40176550002070144],['targ'],3,4,28,1,57.13895290001528,,,,57.12650100002065,57.13895290001528,57.52267950004898,57.532479500048794,57.53908900002716,58.538258900051005,1.0122243999503553,58.538258900051005,58.94040210003732,[np.float64(-0.30833333333333335)],[np.float64(-0.032407407407407406)],[1],[0],[0],[0.40176550002070144],['targ'],57.53908900002716,RI,,2025-11-23_12h48.42.760,solo-project,,2025.1.1,60.037992044092626,2025-11-23 12h48.52.362078 +0530,
C:\Users\RIYA MANIYAR\OneDrive\Desktop\Lab in Psycholgy\Solo-project Gaze Cue\stimuli\gaze_image\rightgaze.png,0.5,0,valid,C:\Users\RIYA MANIYAR\OneDrive\Desktop\Lab in Psycholgy\Solo-project Gaze Cue\stimuli\target\women neutral face.JPG,29,5,3,[np.float64(0.5814814814814815)],[np.float64(-0.062037037037037036)],[1],[0],[0],[0.4178593999822624],['targ'],3,5,29,6,58.95428520004498,,,,58.9407271000091,58.95428520004498,59.33748139999807,59.345337600039784,59.35417440003948,60.35333440004615,1.0130221999716014,60.35333440004615,60.771589200012386,[np.float64(0.5814814814814815)],[np.float64(-0.062037037037037036)],[1],[0],[0],[0.4178593999822624],['targ'],59.35417440003948,RI,,2025-11-23_12h48.42.760,solo-project,,2025.1.1,60.037992044092626,2025-11-23 12h48.52.362078 +0530,
C:\Users\RIYA MANIYAR\OneDrive\Desktop\Lab in Psycholgy\Solo-project Gaze Cue\stimuli\gaze_image\rightgaze.png,-0.5,0,invalid,C:\Users\RIYA MANIYAR\OneDrive\Desktop\Lab in Psycholgy\Solo-project Gaze Cue\stimuli\target\women neutral face.JPG,30,6,3,[np.float64(-0.2)],[np.float64(-0.022222222222222223)],[1],[0],[0],[0.6524062000098638],[None],3,6,30,7,60.78612550004618,,,,60.771796000015456,60.78612550004618,61.16947650001384,61.17885450000176,61.186063100001775,62.18509929999709,1.0136004000087269,62.18509929999709,62.83785660000285,[np.float64(-0.2)],[np.float64(-0.022222222222222223)],[1],[0],[0],[0.6524062000098638],[None],61.186063100001775,RI,,2025-11-23_12h48.42.760,solo-project,,2025.1.1,60.037992044092626,2025-11-23 12h48.52.362078 +0530,
C:\Users\RIYA MANIYAR\OneDrive\Desktop\Lab in Psycholgy\Solo-project Gaze Cue\stimuli\gaze_image\leftgaze.png,0.5,0,invalid,C:\Users\RIYA MANIYAR\OneDrive\Desktop\Lab in Psycholgy\Solo-project Gaze Cue\stimuli\target\men neutral face.JPG,31,7,3,[np.float64(0.29259259259259257)],[np.float64(-0.020370370370370372)],[1],[0],[0],[0.9193215999985114],['targ'],3,7,31,0,62.85137470002519,,,,62.83808549999958,62.85137470002519,63.234126100025605,63.24237770005129,63.25106100004632,64.25032460002694,1.0125975999981165,64.25032460002694,65.17011560004903,[np.float64(0.29259259259259257)],[np.float64(-0.020370370370370372)],[1],[0],[0],[0.9193215999985114],['targ'],63.25106100004632,RI,,2025-11-23_12h48.42.760,solo-project,,2025.1.1,60.037992044092626,2025-11-23 12h48.52.362078 +0530,
C:\Users\RIYA MANIYAR\OneDrive\Desktop\Lab in Psycholgy\Solo-project Gaze Cue\stimuli\gaze_image\leftgaze.png,0.5,0,invalid,C:\Users\RIYA MANIYAR\OneDrive\Desktop\Lab in Psycholgy\Solo-project Gaze Cue\stimuli\target\men neutral face.JPG,32,0,4,[np.float64(0.2851851851851852)],[np.float64(-0.03333333333333333)],[1],[0],[0],[0.6511802999884821],['targ'],4,0,32,0,65.18249550001929,,,,65.17062099999748,65.18249550001929,65.56590540002799,65.57257620000746,65.58230350003578,66.58169100002851,1.0115527999587357,66.58169100002851,67.2332705000299,[np.float64(0.2851851851851852)],[np.float64(-0.03333333333333333)],[1],[0],[0],[0.6511802999884821],['targ'],65.58230350003578,RI,,2025-11-23_12h48.42.760,solo-project,,2025.1.1,60.037992044092626,2025-11-23 12h48.52.362078 +0530,
C:\Users\RIYA MANIYAR\OneDrive\Desktop\Lab in Psycholgy\Solo-project Gaze Cue\stimuli\gaze_image\leftgaze.png,-0.5,0,valid,C:\Users\RIYA MANIYAR\OneDrive\Desktop\Lab in Psycholgy\Solo-project Gaze Cue\stimuli\target\men neutral face.JPG,33,1,4,[np.float64(-0.39444444444444443)],[np.float64(-0.037037037037037035)],[1],[0],[0],[0.5811991000082344],['targ'],4,1,33,1,67.24759720003931,,,,67.23356320004677,67.24759720003931,67.63111290003872,67.64227190002566,67.64798710000468,68.64710390003165,1.0138633999740705,68.66301980003482,69.23144450003747,[np.float64(-0.39444444444444443)],[np.float64(-0.037037037037037035)],[1],[0],[0],[0.5811991000082344],['targ'],67.64798710000468,RI,,2025-11-23_12h48.42.760,solo-project,,2025.1.1,60.037992044092626,2025-11-23 12h48.52.362078 +0530,
C:\Users\RIYA MANIYAR\OneDrive\Desktop\Lab in Psycholgy\Solo-project Gaze Cue\stimuli\gaze_image\rightgaze.png,0.5,0,valid,C:\Users\RIYA MANIYAR\OneDrive\Desktop\Lab in Psycholgy\Solo-project Gaze Cue\stimuli\target\women neutral face.JPG,34,2,4,[np.float64(0.3037037037037037)],[np.float64(-0.05555555555555555)],[1],[0],[0],[1.0165388000314124],['targ'],4,2,34,6,69.24605950003024,,,,69.231676000054,69.24605950003024,69.62939720001305,69.6382023000042,69.64647660002811,70.64534690004075,1.0139186999876983,70.66147900000215,71.6641391000012,[np.float64(0.3037037037037037)],[np.float64(-0.05555555555555555)],[1],[0],[0],[1.0165388000314124],['targ'],69.64647660002811,RI,,2025-11-23_12h48.42.760,solo-project,,2025.1.1,60.037992044092626,2025-11-23 12h48.52.362078 +0530,
C:\Users\RIYA MANIYAR\OneDrive\Desktop\Lab in Psycholgy\Solo-project Gaze Cue\stimuli\gaze_image\leftgaze.png,0.5,0,invalid,C:\Users\RIYA MANIYAR\OneDrive\Desktop\Lab in Psycholgy\Solo-project Gaze Cue\stimuli\target\women neutral face.JPG,35,3,4,[np.float64(0.3814814814814815)],[np.float64(-0.07314814814814814)],[1],[0],[0],[0.5358587999944575],['targ'],4,3,35,4,71.67721550003625,,,,71.664643600001,71.67721550003625,72.06037430005381,72.06888500001514,72.07708529999945,73.0764055000036,1.0122409999603406,73.0764055000036,73.61270930001047,[np.float64(0.3814814814814815)],[np.float64(-0.07314814814814814)],[1],[0],[0],[0.5358587999944575],['targ'],72.07708529999945,RI,,2025-11-23_12h48.42.760,solo-project,,2025.1.1,60.037992044092626,2025-11-23 12h48.52.362078 +0530,
C:\Users\RIYA MANIYAR\OneDrive\Desktop\Lab in Psycholgy\Solo-project Gaze Cue\stimuli\gaze_image\rightgaze.png,0.5,0,valid,C:\Users\RIYA MANIYAR\OneDrive\Desktop\Lab in Psycholgy\Solo-project Gaze Cue\stimuli\target\men neutral face.JPG,36,4,4,[np.float64(0.4203703703703704)],[np.float64(-0.06851851851851852)],[1],[0],[0],[0.5845433999784291],['targ'],4,4,36,2,73.62561820005067,,,,73.61298040003749,73.62561820005067,74.00902120000683,74.01811540004564,74.02570390002802,75.02456910000183,1.0120117999613285,75.02456910000183,75.60961760004284,[np.float64(0.4203703703703704)],[np.float64(-0.06851851851851852)],[1],[0],[0],[0.5845433999784291],['targ'],74.02570390002802,RI,,2025-11-23_12h48.42.760,solo-project,,2025.1.1,60.037992044092626,2025-11-23 12h48.52.362078 +0530,
C:\Users\RIYA MANIYAR\OneDrive\Desktop\Lab in Psycholgy\Solo-project Gaze Cue\stimuli\gaze_image\leftgaze.png,-0.5,0,valid,C:\Users\RIYA MANIYAR\OneDrive\Desktop\Lab in Psycholgy\Solo-project Gaze Cue\stimuli\target\women neutral face.JPG,37,5,4,[np.float64(-0.4824074074074074)],[np.float64(-0.05740740740740741)],[1],[0],[0],[0.3311314999591559],['targ'],4,5,37,5,75.62405770004261,,,,75.61005980003392,75.62405770004261,76.00728070002515,76.01570099999662,76.0240921000368,77.02357730001677,1.0139641999849118,77.03962610004237,77.35889150004368,[np.float64(-0.4824074074074074)],[np.float64(-0.05740740740740741)],[1],[0],[0],[0.3311314999591559],['targ'],76.0240921000368,RI,,2025-11-23_12h48.42.760,solo-project,,2025.1.1,60.037992044092626,2025-11-23 12h48.52.362078 +0530,
C:\Users\RIYA MANIYAR\OneDrive\Desktop\Lab in Psycholgy\Solo-project Gaze Cue\stimuli\gaze_image\rightgaze.png,-0.5,0,invalid,C:\Users\RIYA MANIYAR\OneDrive\Desktop\Lab in Psycholgy\Solo-project Gaze Cue\stimuli\target\men neutral face.JPG,38,6,4,[np.float64(-0.31851851851851853)],[np.float64(-0.03611111111111111)],[1],[0],[0],[0.7356509999954142],['targ'],4,6,38,3,77.37240400002338,,,,77.35938980005449,77.37240400002338,77.75584650004748,77.76741560001392,77.7724264000426,78.77158830000553,1.0127308000228368,78.77158830000553,79.50775119999889,[np.float64(-0.31851851851851853)],[np.float64(-0.03611111111111111)],[1],[0],[0],[0.7356509999954142],['targ'],77.7724264000426,RI,,2025-11-23_12h48.42.760,solo-project,,2025.1.1,60.037992044092626,2025-11-23 12h48.52.362078 +0530,
C:\Users\RIYA MANIYAR\OneDrive\Desktop\Lab in Psycholgy\Solo-project Gaze Cue\stimuli\gaze_image\rightgaze.png,-0.5,0,invalid,C:\Users\RIYA MANIYAR\OneDrive\Desktop\Lab in Psycholgy\Solo-project Gaze Cue\stimuli\target\women neutral face.JPG,39,7,4,[np.float64(-0.35462962962962963)],[np.float64(-0.06944444444444445)],[1],[0],[0],[0.6310905999853276],['targ'],4,7,39,7,79.52074100001482,,,,79.5082583000185,79.52074100001482,79.90432780003175,79.91690880001988,79.9222085000365,80.92005170002813,1.0122379999957047,80.93630800000392,81.55508510000072,[np.float64(-0.35462962962962963)],[np.float64(-0.06944444444444445)],[1],[0],[0],[0.6310905999853276],['targ'],79.9222085000365,RI,,2025-11-23_12h48.42.760,solo-project,,2025.1.1,60.037992044092626,2025-11-23 12h48.52.362078 +0530,
C:\Users\RIYA MANIYAR\OneDrive\Desktop\Lab in Psycholgy\Solo-project Gaze Cue\stimuli\gaze_image\rightgaze.png,-0.5,0,invalid,C:\Users\RIYA MANIYAR\OneDrive\Desktop\Lab in Psycholgy\Solo-project Gaze Cue\stimuli\target\women neutral face.JPG,40,0,5,[np.float64(-0.4935185185185185)],[np.float64(-0.062037037037037036)],[1],[0],[0],[0.5185535000055097],['targ'],5,0,40,7,81.56898370001,,,,81.55530540004838,81.56898370001,81.95205850002822,81.95999360003043,81.96913440001663,82.96851570002036,1.0134843999985605,82.98464680003235,83.48930570000084,[np.float64(-0.4935185185185185)],[np.float64(-0.062037037037037036)],[1],[0],[0],[0.5185535000055097],['targ'],81.96913440001663,RI,,2025-11-23_12h48.42.760,solo-project,,2025.1.1,60.037992044092626,2025-11-23 12h48.52.362078 +0530,
C:\Users\RIYA MANIYAR\OneDrive\Desktop\Lab in Psycholgy\Solo-project Gaze Cue\stimuli\gaze_image\rightgaze.png,0.5,0,valid,C:\Users\RIYA MANIYAR\OneDrive\Desktop\Lab in Psycholgy\Solo-project Gaze Cue\stimuli\target\women neutral face.JPG,41,1,5,[np.float64(0.612037037037037)],[np.float64(-0.11388888888888889)],[1],[0],[0],[0.48551869997754693],['targ'],5,1,41,6,83.50058450002689,,,,83.48980430001393,83.50058450002689,83.88413820002461,83.89458090002881,83.90050889999839,84.8996763000032,1.0102962999371812,84.8996763000032,85.38553970004432,[np.float64(0.612037037037037)],[np.float64(-0.11388888888888889)],[1],[0],[0],[0.48551869997754693],['targ'],83.90050889999839,RI,,2025-11-23_12h48.42.760,solo-project,,2025.1.1,60.037992044092626,2025-11-23 12h48.52.362078 +0530,
C:\Users\RIYA MANIYAR\OneDrive\Desktop\Lab in Psycholgy\Solo-project Gaze Cue\stimuli\gaze_image\rightgaze.png,-0.5,0,invalid,C:\Users\RIYA MANIYAR\OneDrive\Desktop\Lab in Psycholgy\Solo-project Gaze Cue\stimuli\target\men neutral face.JPG,42,2,5,[np.float64(-0.5787037037037037)],[np.float64(-0.062037037037037036)],[1],[0],[0],[0.6502034000004642],['targ'],5,2,42,3,85.39921250002226,,,,85.38589020003565,85.39921250002226,85.78275090001989,85.79097220004769,85.79926380002871,86.79902340000262,1.013526400027331,86.81501970003592,87.45167670003138,[np.float64(-0.5787037037037037)],[np.float64(-0.062037037037037036)],[1],[0],[0],[0.6502034000004642],['targ'],85.79926380002871,RI,,2025-11-23_12h48.42.760,solo-project,,2025.1.1,60.037992044092626,2025-11-23 12h48.52.362078 +0530,
C:\Users\RIYA MANIYAR\OneDrive\Desktop\Lab in Psycholgy\Solo-project Gaze Cue\stimuli\gaze_image\leftgaze.png,0.5,0,invalid,C:\Users\RIYA MANIYAR\OneDrive\Desktop\Lab in Psycholgy\Solo-project Gaze Cue\stimuli\target\men neutral face.JPG,43,3,5,[np.float64(0.2916666666666667)],[np.float64(-0.09166666666666666)],[1],[0],[0],[0.6033035999862477],['targ'],5,3,43,0,87.46422970003914,,,,87.45219880004879,87.46422970003914,87.84757260000333,87.8569691000157,87.86429220001446,88.86364670004696,1.0120200999663211,88.86364670004696,89.46748280001339,[np.float64(0.2916666666666667)],[np.float64(-0.09166666666666666)],[1],[0],[0],[0.6033035999862477],['targ'],87.86429220001446,RI,,2025-11-23_12h48.42.760,solo-project,,2025.1.1,60.037992044092626,2025-11-23 12h48.52.362078 +0530,
C:\Users\RIYA MANIYAR\OneDrive\Desktop\Lab in Psycholgy\Solo-project Gaze Cue\stimuli\gaze_image\leftgaze.png,-0.5,0,valid,C:\Users\RIYA MANIYAR\OneDrive\Desktop\Lab in Psycholgy\Solo-project Gaze Cue\stimuli\target\women neutral face.JPG,44,4,5,[np.float64(-0.4027777777777778)],[np.float64(-0.062037037037037036)],[1],[0],[0],[0.3987477000337094],['targ'],5,4,44,5,89.47918310004752,,,,89.46794390003197,89.47918310004752,89.862778300012,89.87465360003989,89.87983760004863,90.87876440002583,1.0112211999366991,90.89482830005,91.27988240000559,[np.float64(-0.4027777777777778)],[np.float64(-0.062037037037037036)],[1],[0],[0],[0.3987477000337094],['targ'],89.87983760004863,RI,,2025-11-23_12h48.42.760,solo-project,,2025.1.1,60.037992044092626,2025-11-23 12h48.52.362078 +0530,
C:\Users\RIYA MANIYAR\OneDrive\Desktop\Lab in Psycholgy\Solo-project Gaze Cue\stimuli\gaze_image\leftgaze.png,0.5,0,invalid,C:\Users\RIYA MANIYAR\OneDrive\Desktop\Lab in Psycholgy\Solo-project Gaze Cue\stimuli\target\women neutral face.JPG,45,5,5,[np.float64(0.30648148148148147)],[np.float64(-0.11203703703703703)],[1],[0],[0],[0.5971976000000723],['targ'],5,5,45,4,91.29455650004093,,,,91.2801292000222,91.29455650004093,91.67779420001898,91.68736620002892,91.69445629999973,92.6941661000019,1.0143460999825038,92.71061730000656,93.295077900053,[np.float64(0.30648148148148147)],[np.float64(-0.11203703703703703)],[1],[0],[0],[0.5971976000000723],['targ'],91.69445629999973,RI,,2025-11-23_12h48.42.760,solo-project,,2025.1.1,60.037992044092626,2025-11-23 12h48.52.362078 +0530,
C:\Users\RIYA MANIYAR\OneDrive\Desktop\Lab in Psycholgy\Solo-project Gaze Cue\stimuli\gaze_image\rightgaze.png,0.5,0,valid,C:\Users\RIYA MANIYAR\OneDrive\Desktop\Lab in Psycholgy\Solo-project Gaze Cue\stimuli\target\men neutral face.JPG,46,6,5,[np.float64(0.45925925925925926)],[np.float64(-0.11666666666666667)],[1],[0],[0],[0.8134239999926649],['targ'],5,6,46,2,93.30933120002737,,,,93.29528750001919,93.30933120002737,93.6929392000311,93.70482169999741,93.70961280004121,94.70886870002141,1.013930800021626,94.72506230004365,95.52698429999873,[np.float64(0.45925925925925926)],[np.float64(-0.11666666666666667)],[1],[0],[0],[0.8134239999926649],['targ'],93.70961280004121,RI,,2025-11-23_12h48.42.760,solo-project,,2025.1.1,60.037992044092626,2025-11-23 12h48.52.362078 +0530,
C:\Users\RIYA MANIYAR\OneDrive\Desktop\Lab in Psycholgy\Solo-project Gaze Cue\stimuli\gaze_image\leftgaze.png,-0.5,0,valid,C:\Users\RIYA MANIYAR\OneDrive\Desktop\Lab in Psycholgy\Solo-project Gaze Cue\stimuli\target\men neutral face.JPG,47,7,5,[np.float64(-0.5055555555555555)],[np.float64(-0.014814814814814815)],[1],[0],[0],[0.5361126000061631],['targ'],5,7,47,1,95.54074090003269,,,,95.52735460002441,95.54074090003269,95.92432720004581,95.93530330003705,95.94074260001071,96.93996570003219,1.0130054000183009,96.93996570003219,97.47647470002994,[np.float64(-0.5055555555555555)],[np.float64(-0.014814814814814815)],[1],[0],[0],[0.5361126000061631],['targ'],95.94074260001071,RI,,2025-11-23_12h48.42.760,solo-project,,2025.1.1,60.037992044092626,2025-11-23 12h48.52.362078 +0530,
C:\Users\RIYA MANIYAR\OneDrive\Desktop\Lab in Psycholgy\Solo-project Gaze Cue\stimuli\gaze_image\rightgaze.png,0.5,0,valid,C:\Users\RIYA MANIYAR\OneDrive\Desktop\Lab in Psycholgy\Solo-project Gaze Cue\stimuli\target\men neutral face.JPG,48,0,6,[np.float64(0.4861111111111111)],[np.float64(-0.20185185185185187)],[1],[0],[0],[0.7018487000023015],['targ'],6,0,48,2,97.48929160000989,,,,97.47701100003906,97.48929160000989,97.87264050001977,97.88333440001588,97.88921310001751,98.88842520001344,1.0118246999918483,98.88842520001344,99.59056590002729,[np.float64(0.4861111111111111)],[np.float64(-0.20185185185185187)],[1],[0],[0],[0.7018487000023015],['targ'],97.88921310001751,RI,,2025-11-23_12h48.42.760,solo-project,,2025.1.1,60.037992044092626,2025-11-23 12h48.52.362078 +0530,
C:\Users\RIYA MANIYAR\OneDrive\Desktop\Lab in Psycholgy\Solo-project Gaze Cue\stimuli\gaze_image\rightgaze.png,-0.5,0,invalid,C:\Users\RIYA MANIYAR\OneDrive\Desktop\Lab in Psycholgy\Solo-project Gaze Cue\stimuli\target\men neutral face.JPG,49,1,6,[np.float64(-0.43796296296296294)],[np.float64(-0.030555555555555555)],[1],[0],[0],[0.5644721999997273],['targ'],6,1,49,3,99.60410779999802,,,,99.59096610004781,99.60410779999802,99.98778280004626,99.9970451000263,100.00438739999663,101.00394620001316,1.0133438999764621,101.02006850001635,101.57112370000686,[np.float64(-0.43796296296296294)],[np.float64(-0.030555555555555555)],[1],[0],[0],[0.5644721999997273],['targ'],100.00438739999663,RI,,2025-11-23_12h48.42.760,solo-project,,2025.1.1,60.037992044092626,2025-11-23 12h48.52.362078 +0530,
C:\Users\RIYA MANIYAR\OneDrive\Desktop\Lab in Psycholgy\Solo-project Gaze Cue\stimuli\gaze_image\rightgaze.png,-0.5,0,invalid,C:\Users\RIYA MANIYAR\OneDrive\Desktop\Lab in Psycholgy\Solo-project Gaze Cue\stimuli\target\women neutral face.JPG,50,2,6,[np.float64(-0.4759259259259259)],[np.float64(-0.03333333333333333)],[1],[0],[0],[0.6013708999962546],['targ'],6,2,50,7,101.58580330002587,,,,101.57148050004616,101.58580330002587,101.96920520003187,101.977472700004,101.98582010000246,102.98516190005466,1.0141143999644555,102.98516190005466,103.58698110003024,[np.float64(-0.4759259259259259)],[np.float64(-0.03333333333333333)],[1],[0],[0],[0.6013708999962546],['targ'],101.98582010000246,RI,,2025-11-23_12h48.42.760,solo-project,,2025.1.1,60.037992044092626,2025-11-23 12h48.52.362078 +0530,
C:\Users\RIYA MANIYAR\OneDrive\Desktop\Lab in Psycholgy\Solo-project Gaze Cue\stimuli\gaze_image\leftgaze.png,0.5,0,invalid,C:\Users\RIYA MANIYAR\OneDrive\Desktop\Lab in Psycholgy\Solo-project Gaze Cue\stimuli\target\men neutral face.JPG,51,3,6,[np.float64(0.28425925925925927)],[np.float64(-0.11666666666666667)],[1],[0],[0],[0.6466405999963172],['targ'],6,3,51,0,103.60092400002759,,,,103.58732820005389,103.60092400002759,103.98446190002142,103.99673010001425,104.00237970001763,105.0003343000426,1.0133301999885589,105.01652060000924,105.65148640004918,[np.float64(0.28425925925925927)],[np.float64(-0.11666666666666667)],[1],[0],[0],[0.6466405999963172],['targ'],104.00237970001763,RI,,2025-11-23_12h48.42.760,solo-project,,2025.1.1,60.037992044092626,2025-11-23 12h48.52.362078 +0530,
C:\Users\RIYA MANIYAR\OneDrive\Desktop\Lab in Psycholgy\Solo-project Gaze Cue\stimuli\gaze_image\leftgaze.png,-0.5,0,valid,C:\Users\RIYA MANIYAR\OneDrive\Desktop\Lab in Psycholgy\Solo-project Gaze Cue\stimuli\target\women neutral face.JPG,52,4,6,[np.float64(-0.41759259259259257)],[np.float64(-0.03518518518518519)],[1],[0],[0],[0.33109210000839084],['targ'],6,4,52,5,105.66573690000223,,,,105.65167820005445,105.66573690000223,106.049572500051,106.06107120000524,106.06693750002887,107.06569980003405,1.0142825999646448,107.08174350002082,107.39921470003901,[np.float64(-0.41759259259259257)],[np.float64(-0.03518518518518519)],[1],[0],[0],[0.33109210000839084],['targ'],106.06693750002887,RI,,2025-11-23_12h48.42.760,solo-project,,2025.1.1,60.037992044092626,2025-11-23 12h48.52.362078 +0530,
C:\Users\RIYA MANIYAR\OneDrive\Desktop\Lab in Psycholgy\Solo-project Gaze Cue\stimuli\gaze_image\leftgaze.png,0.5,0,invalid,C:\Users\RIYA MANIYAR\OneDrive\Desktop\Lab in Psycholgy\Solo-project Gaze Cue\stimuli\target\women neutral face.JPG,53,5,6,[np.float64(0.5407407407407407)],[np.float64(-0.18518518518518517)],[1],[0],[0],[0.6293222999665886],['targ'],6,5,53,4,107.41437050001696,,,,107.39946580003016,107.41437050001696,107.79799190000631,107.81128000002354,107.8154976000078,108.8140759000089,1.0149396000197157,108.83013000001665,109.44666519999737,[np.float64(0.5407407407407407)],[np.float64(-0.18518518518518517)],[1],[0],[0],[0.6293222999665886],['targ'],107.8154976000078,RI,,2025-11-23_12h48.42.760,solo-project,,2025.1.1,60.037992044092626,2025-11-23 12h48.52.362078 +0530,
C:\Users\RIYA MANIYAR\OneDrive\Desktop\Lab in Psycholgy\Solo-project Gaze Cue\stimuli\gaze_image\leftgaze.png,-0.5,0,valid,C:\Users\RIYA MANIYAR\OneDrive\Desktop\Lab in Psycholgy\Solo-project Gaze Cue\stimuli\target\men neutral face.JPG,54,6,6,[np.float64(-0.33055555555555555)],[np.float64(-0.03333333333333333)],[1],[0],[0],[0.3522844999679364],['targ'],6,6,54,1,109.46297700004652,,,,109.4468752000248,109.46297700004652,109.84596270002658,109.85331710003084,109.86273410002468,110.86203610000666,1.0156161999912001,110.86203610000666,111.21500430000015,[np.float64(-0.33055555555555555)],[np.float64(-0.03333333333333333)],[1],[0],[0],[0.3522844999679364],['targ'],109.86273410002468,RI,,2025-11-23_12h48.42.760,solo-project,,2025.1.1,60.037992044092626,2025-11-23 12h48.52.362078 +0530,
C:\Users\RIYA MANIYAR\OneDrive\Desktop\Lab in Psycholgy\Solo-project Gaze Cue\stimuli\gaze_image\rightgaze.png,0.5,0,valid,C:\Users\RIYA MANIYAR\OneDrive\Desktop\Lab in Psycholgy\Solo-project Gaze Cue\stimuli\target\women neutral face.JPG,55,7,6,[np.float64(0.5833333333333334)],[np.float64(-0.058333333333333334)],[1],[0],[0],[0.381490700005088],['targ'],6,7,55,6,111.22791250003502,,,,111.21578110003611,111.22791250003502,111.6115113000269,111.6240439999965,111.62907350005116,112.62757060001604,1.0124653999810107,112.64390480000293,113.01347490004264,[np.float64(0.5833333333333334)],[np.float64(-0.058333333333333334)],[1],[0],[0],[0.381490700005088],['targ'],111.62907350005116,RI,,2025-11-23_12h48.42.760,solo-project,,2025.1.1,60.037992044092626,2025-11-23 12h48.52.362078 +0530,
C:\Users\RIYA MANIYAR\OneDrive\Desktop\Lab in Psycholgy\Solo-project Gaze Cue\stimuli\gaze_image\rightgaze.png,-0.5,0,invalid,C:\Users\RIYA MANIYAR\OneDrive\Desktop\Lab in Psycholgy\Solo-project Gaze Cue\stimuli\target\men neutral face.JPG,56,0,7,[np.float64(-0.6175925925925926)],[np.float64(-0.046296296296296294)],[1],[0],[0],[0.5471715000458062],['targ'],7,0,56,3,113.02639530005399,,,,113.01383020001231,113.02639530005399,113.41019980004057,113.42345810000552,113.42961140000261,114.42627890000585,1.0129135000170209,114.4419853000436,114.97691440000199,[np.float64(-0.6175925925925926)],[np.float64(-0.046296296296296294)],[1],[0],[0],[0.5471715000458062],['targ'],113.42961140000261,RI,,2025-11-23_12h48.42.760,solo-project,,2025.1.1,60.037992044092626,2025-11-23 12h48.52.362078 +0530,
C:\Users\RIYA MANIYAR\OneDrive\Desktop\Lab in Psycholgy\Solo-project Gaze Cue\stimuli\gaze_image\leftgaze.png,-0.5,0,valid,C:\Users\RIYA MANIYAR\OneDrive\Desktop\Lab in Psycholgy\Solo-project Gaze Cue\stimuli\target\women neutral face.JPG,57,1,7,[np.float64(-0.4388888888888889)],[np.float64(-0.006481481481481481)],[1],[0],[0],[0.4819034999818541],['targ'],7,1,57,5,114.99192500003846,,,,114.97715970000718,114.99192500003846,115.37491290003527,115.38399040000513,115.3915960000013,116.39110070001334,1.0142983999685384,116.40732040000148,116.87732030003099,[np.float64(-0.4388888888888889)],[np.float64(-0.006481481481481481)],[1],[0],[0],[0.4819034999818541],['targ'],115.3915960000013,RI,,2025-11-23_12h48.42.760,solo-project,,2025.1.1,60.037992044092626,2025-11-23 12h48.52.362078 +0530,
C:\Users\RIYA MANIYAR\OneDrive\Desktop\Lab in Psycholgy\Solo-project Gaze Cue\stimuli\gaze_image\rightgaze.png,-0.5,0,invalid,C:\Users\RIYA MANIYAR\OneDrive\Desktop\Lab in Psycholgy\Solo-project Gaze Cue\stimuli\target\women neutral face.JPG,58,2,7,[np.float64(-0.47962962962962963)],[np.float64(0.0)],[1],[0],[0],[0.6309615999925882],['targ'],7,2,58,7,116.89003220002633,,,,116.87779600004433,116.89003220002633,117.27353990002302,117.28579330001958,117.29131980001694,118.29001260001678,1.012686499976553,118.30561050004326,118.92420490004588,[np.float64(-0.47962962962962963)],[np.float64(0.0)],[1],[0],[0],[0.6309615999925882],['targ'],117.29131980001694,RI,,2025-11-23_12h48.42.760,solo-project,,2025.1.1,60.037992044092626,2025-11-23 12h48.52.362078 +0530,
C:\Users\RIYA MANIYAR\OneDrive\Desktop\Lab in Psycholgy\Solo-project Gaze Cue\stimuli\gaze_image\leftgaze.png,0.5,0,invalid,C:\Users\RIYA MANIYAR\OneDrive\Desktop\Lab in Psycholgy\Solo-project Gaze Cue\stimuli\target\women neutral face.JPG,59,3,7,[np.float64(0.2861111111111111)],[np.float64(-0.09444444444444444)],[1],[0],[0],[0.6486776000238024],['targ'],7,3,59,4,118.93857180001214,,,,118.92444450000767,118.93857180001214,119.32144940004218,119.32976030005375,119.33832020004047,120.33810059999814,1.0140934999799356,120.35425840003882,120.99122050002916,[np.float64(0.2861111111111111)],[np.float64(-0.09444444444444444)],[1],[0],[0],[0.6486776000238024],['targ'],119.33832020004047,RI,,2025-11-23_12h48.42.760,solo-project,,2025.1.1,60.037992044092626,2025-11-23 12h48.52.362078 +0530,
C:\Users\RIYA MANIYAR\OneDrive\Desktop\Lab in Psycholgy\Solo-project Gaze Cue\stimuli\gaze_image\leftgaze.png,-0.5,0,valid,C:\Users\RIYA MANIYAR\OneDrive\Desktop\Lab in Psycholgy\Solo-project Gaze Cue\stimuli\target\men neutral face.JPG,60,4,7,[np.float64(-0.42685185185185187)],[np.float64(-0.003703703703703704)],[1],[0],[0],[0.3677320999559015],['targ'],7,4,60,1,121.00323620002018,,,,120.99173960002372,121.00323620002018,121.386511800054,121.39543900004355,121.40321110002697,122.40251020004507,1.0112768999533728,122.40251020004507,122.77065630001016,[np.float64(-0.42685185185185187)],[np.float64(-0.003703703703703704)],[1],[0],[0],[0.3677320999559015],['targ'],121.40321110002697,RI,,2025-11-23_12h48.42.760,solo-project,,2025.1.1,60.037992044092626,2025-11-23 12h48.52.362078 +0530,
C:\Users\RIYA MANIYAR\OneDrive\Desktop\Lab in Psycholgy\Solo-project Gaze Cue\stimuli\gaze_image\leftgaze.png,0.5,0,invalid,C:\Users\RIYA MANIYAR\OneDrive\Desktop\Lab in Psycholgy\Solo-project Gaze Cue\stimuli\target\men neutral face.JPG,61,5,7,[np.float64(0.35462962962962963)],[np.float64(-0.07222222222222222)],[1],[0],[0],[1.198990100005176],['targ'],7,5,61,0,122.78515570005402,,,,122.77095620002365,122.78515570005402,123.16836010001134,123.1784521000227,123.18520410003839,124.18475510005374,1.0141881999443285,124.20075100002578,125.38611390005099,[np.float64(0.35462962962962963)],[np.float64(-0.07222222222222222)],[1],[0],[0],[1.198990100005176],['targ'],123.18520410003839,RI,,2025-11-23_12h48.42.760,solo-project,,2025.1.1,60.037992044092626,2025-11-23 12h48.52.362078 +0530,
C:\Users\RIYA MANIYAR\OneDrive\Desktop\Lab in Psycholgy\Solo-project Gaze Cue\stimuli\gaze_image\rightgaze.png,0.5,0,valid,C:\Users\RIYA MANIYAR\OneDrive\Desktop\Lab in Psycholgy\Solo-project Gaze Cue\stimuli\target\women neutral face.JPG,62,6,7,[np.float64(0.425)],[np.float64(-0.10092592592592593)],[1],[0],[0],[0.3986478000297211],['targ'],7,6,62,6,125.39974680001615,,,,125.3863568000379,125.39974680001615,125.78314300003694,125.79044250003062,125.79977370001143,126.79915010003606,1.0131742999656126,126.81540570000652,127.20086860004812,[np.float64(0.425)],[np.float64(-0.10092592592592593)],[1],[0],[0],[0.3986478000297211],['targ'],125.79977370001143,RI,,2025-11-23_12h48.42.760,solo-project,,2025.1.1,60.037992044092626,2025-11-23 12h48.52.362078 +0530,
C:\Users\RIYA MANIYAR\OneDrive\Desktop\Lab in Psycholgy\Solo-project Gaze Cue\stimuli\gaze_image\rightgaze.png,0.5,0,valid,C:\Users\RIYA MANIYAR\OneDrive\Desktop\Lab in Psycholgy\Solo-project Gaze Cue\stimuli\target\men neutral face.JPG,63,7,7,[np.float64(0.5481481481481482)],[np.float64(-0.05740740740740741)],[1],[0],[0],[0.3637142999796197],['targ'],7,7,63,2,127.21492769999895,,,,127.2010834000539,127.21492769999895,127.59838800004218,127.60989469999913,127.61541700002272,128.61445930000627,1.01369839994004,128.6307034000056,128.98244160000468,[np.float64(0.5481481481481482)],[np.float64(-0.05740740740740741)],[1],[0],[0],[0.3637142999796197],['targ'],127.61541700002272,RI,,2025-11-23_12h48.42.760,solo-project,,2025.1.1,60.037992044092626,2025-11-23 12h48.52.362078 +0530,
C:\Users\RIYA MANIYAR\OneDrive\Desktop\Lab in Psycholgy\Solo-project Gaze Cue\stimuli\gaze_image\leftgaze.png,-0.5,0,valid,C:\Users\RIYA MANIYAR\OneDrive\Desktop\Lab in Psycholgy\Solo-project Gaze Cue\stimuli\target\women neutral face.JPG,64,0,8,[np.float64(-0.49074074074074076)],[np.float64(-0.032407407407407406)],[1],[0],[0],[0.43141279998235404],['targ'],8,0,64,5,128.99681110004894,,,,128.98269670002628,128.99681110004894,129.38003060000483,129.39372860000003,129.4003399000503,130.39626460004365,1.0139125999994576,130.4124160000356,130.83143090002704,[np.float64(-0.49074074074074076)],[np.float64(-0.032407407407407406)],[1],[0],[0],[0.43141279998235404],['targ'],129.4003399000503,RI,,2025-11-23_12h48.42.760,solo-project,,2025.1.1,60.037992044092626,2025-11-23 12h48.52.362078 +0530,
C:\Users\RIYA MANIYAR\OneDrive\Desktop\Lab in Psycholgy\Solo-project Gaze Cue\stimuli\gaze_image\rightgaze.png,0.5,0,valid,C:\Users\RIYA MANIYAR\OneDrive\Desktop\Lab in Psycholgy\Solo-project Gaze Cue\stimuli\target\women neutral face.JPG,65,1,8,[np.float64(0.47962962962962963)],[np.float64(-0.12407407407407407)],[1],[0],[0],[0.4502605000161566],['targ'],8,1,65,6,130.8453308000462,,,,130.83179409999866,130.8453308000462,131.2287216000259,131.2379009000142,131.2452943000244,132.24466650001705,1.0132942000054754,132.2608952000155,132.69739410001785,[np.float64(0.47962962962962963)],[np.float64(-0.12407407407407407)],[1],[0],[0],[0.4502605000161566],['targ'],131.2452943000244,RI,,2025-11-23_12h48.42.760,solo-project,,2025.1.1,60.037992044092626,2025-11-23 12h48.52.362078 +0530,
C:\Users\RIYA MANIYAR\OneDrive\Desktop\Lab in Psycholgy\Solo-project Gaze Cue\stimuli\gaze_image\rightgaze.png,-0.5,0,invalid,C:\Users\RIYA MANIYAR\OneDrive\Desktop\Lab in Psycholgy\Solo-project Gaze Cue\stimuli\target\men neutral face.JPG,66,2,8,[np.float64(-0.5962962962962963)],[np.float64(-0.011111111111111112)],[1],[0],[0],[0.6325423999805935],['targ'],8,2,66,3,132.71048480004538,,,,132.6979070000234,132.71048480004538,133.094114800042,133.10543600004166,133.11102579999715,134.109695799998,1.0122770999441855,134.12596810003743,134.74456820002524,[np.float64(-0.5962962962962963)],[np.float64(-0.011111111111111112)],[1],[0],[0],[0.6325423999805935],['targ'],133.11102579999715,RI,,2025-11-23_12h48.42.760,solo-project,,2025.1.1,60.037992044092626,2025-11-23 12h48.52.362078 +0530,
C:\Users\RIYA MANIYAR\OneDrive\Desktop\Lab in Psycholgy\Solo-project Gaze Cue\stimuli\gaze_image\leftgaze.png,0.5,0,invalid,C:\Users\RIYA MANIYAR\OneDrive\Desktop\Lab in Psycholgy\Solo-project Gaze Cue\stimuli\target\men neutral face.JPG,67,3,8,[np.float64(0.38796296296296295)],[np.float64(-0.04351851851851852)],[1],[0],[0],[0.732453299977351],['targ'],8,3,67,0,134.7586963000358,,,,134.7448814000236,134.7586963000358,135.1422534000012,135.15489490004256,135.16092150000622,136.15843670000322,1.0139158999663778,136.1743365000002,136.89403860003222,[np.float64(0.38796296296296295)],[np.float64(-0.04351851851851852)],[1],[0],[0],[0.732453299977351],['targ'],135.16092150000622,RI,,2025-11-23_12h48.42.760,solo-project,,2025.1.1,60.037992044092626,2025-11-23 12h48.52.362078 +0530,
C:\Users\RIYA MANIYAR\OneDrive\Desktop\Lab in Psycholgy\Solo-project Gaze Cue\stimuli\gaze_image\leftgaze.png,0.5,0,invalid,C:\Users\RIYA MANIYAR\OneDrive\Desktop\Lab in Psycholgy\Solo-project Gaze Cue\stimuli\target\women neutral face.JPG,68,4,8,[np.float64(0.39814814814814814)],[np.float64(-0.027777777777777776)],[1],[0],[0],[0.7326079000486061],['targ'],8,4,68,4,136.90666050004074,,,,136.89455030002864,136.90666050004074,137.29080590000376,137.30189320002683,137.30698039999697,138.3068675000104,1.012826699996367,138.32257470005425,139.04287240002304,[np.float64(0.39814814814814814)],[np.float64(-0.027777777777777776)],[1],[0],[0],[0.7326079000486061],['targ'],137.30698039999697,RI,,2025-11-23_12h48.42.760,solo-project,,2025.1.1,60.037992044092626,2025-11-23 12h48.52.362078 +0530,
C:\Users\RIYA MANIYAR\OneDrive\Desktop\Lab in Psycholgy\Solo-project Gaze Cue\stimuli\gaze_image\leftgaze.png,-0.5,0,valid,C:\Users\RIYA MANIYAR\OneDrive\Desktop\Lab in Psycholgy\Solo-project Gaze Cue\stimuli\target\men neutral face.JPG,69,5,8,[np.float64(-0.42592592592592593)],[np.float64(0.05092592592592592)],[1],[0],[0],[0.3887465999578126],['targ'],8,5,69,1,139.05505530000664,,,,139.04337710002437,139.05505530000664,139.43852780002635,139.44778530002804,139.455128600006,140.45408029999817,1.011188599979505,140.45408029999817,140.84331080003176,[np.float64(-0.42592592592592593)],[np.float64(0.05092592592592592)],[1],[0],[0],[0.3887465999578126],['targ'],139.455128600006,RI,,2025-11-23_12h48.42.760,solo-project,,2025.1.1,60.037992044092626,2025-11-23 12h48.52.362078 +0530,
C:\Users\RIYA MANIYAR\OneDrive\Desktop\Lab in Psycholgy\Solo-project Gaze Cue\stimuli\gaze_image\rightgaze.png,0.5,0,valid,C:\Users\RIYA MANIYAR\OneDrive\Desktop\Lab in Psycholgy\Solo-project Gaze Cue\stimuli\target\men neutral face.JPG,70,6,8,[np.float64(0.4740740740740741)],[np.float64(-0.1388888888888889)],[1],[0],[0],[0.5483520000125282],['targ'],8,6,70,2,140.85375870001735,,,,140.84383430000162,140.85375870001735,141.2373488000012,141.24874609999824,141.25371390004875,142.25305620004656,1.0096452999277972,142.26926750002895,142.8044099000399,[np.float64(0.4740740740740741)],[np.float64(-0.1388888888888889)],[1],[0],[0],[0.5483520000125282],['targ'],141.25371390004875,RI,,2025-11-23_12h48.42.760,solo-project,,2025.1.1,60.037992044092626,2025-11-23 12h48.52.362078 +0530,
C:\Users\RIYA MANIYAR\OneDrive\Desktop\Lab in Psycholgy\Solo-project Gaze Cue\stimuli\gaze_image\rightgaze.png,-0.5,0,invalid,C:\Users\RIYA MANIYAR\OneDrive\Desktop\Lab in Psycholgy\Solo-project Gaze Cue\stimuli\target\women neutral face.JPG,71,7,8,[np.float64(-0.4111111111111111)],[np.float64(-0.10462962962962963)],[1],[0],[0],[0.5360450000152923],['targ'],8,7,71,7,142.81871560000582,,,,142.80470620002598,142.81871560000582,143.20217930001672,143.21245330001693,143.21859620005125,144.2179790000082,1.0136855999589898,144.2179790000082,144.75450920005096,[np.float64(-0.4111111111111111)],[np.float64(-0.10462962962962963)],[1],[0],[0],[0.5360450000152923],['targ'],143.21859620005125,RI,,2025-11-23_12h48.42.760,solo-project,,2025.1.1,60.037992044092626,2025-11-23 12h48.52.362078 +0530,
C:\Users\RIYA MANIYAR\OneDrive\Desktop\Lab in Psycholgy\Solo-project Gaze Cue\stimuli\gaze_image\rightgaze.png,0.5,0,valid,C:\Users\RIYA MANIYAR\OneDrive\Desktop\Lab in Psycholgy\Solo-project Gaze Cue\stimuli\target\men neutral face.JPG,72,0,9,[np.float64(0.4648148148148148)],[np.float64(-0.1175925925925926)],[1],[0],[0],[0.33144839998567477],['targ'],9,0,72,2,144.76702080003452,,,,144.75503980001668,144.76702080003452,145.1508385000052,145.16396740003256,145.16900560003705,146.1667261000257,1.012162900005933,146.18290780001553,146.50127230002545,[np.float64(0.4648148148148148)],[np.float64(-0.1175925925925926)],[1],[0],[0],[0.33144839998567477],['targ'],145.16900560003705,RI,,2025-11-23_12h48.42.760,solo-project,,2025.1.1,60.037992044092626,2025-11-23 12h48.52.362078 +0530,
C:\Users\RIYA MANIYAR\OneDrive\Desktop\Lab in Psycholgy\Solo-project Gaze Cue\stimuli\gaze_image\rightgaze.png,0.5,0,valid,C:\Users\RIYA MANIYAR\OneDrive\Desktop\Lab in Psycholgy\Solo-project Gaze Cue\stimuli\target\women neutral face.JPG,73,1,9,[np.float64(0.42592592592592593)],[np.float64(-0.12129629629629629)],[1],[0],[0],[0.36716470000101253],['targ'],9,1,73,6,146.51566530001583,,,,146.50147870002547,146.51566530001583,146.8993203000282,146.9123200000031,146.9174829000258,147.9152969000279,1.0140713999862783,147.9313863000134,148.2847343000467,[np.float64(0.42592592592592593)],[np.float64(-0.12129629629629629)],[1],[0],[0],[0.36716470000101253],['targ'],146.9174829000258,RI,,2025-11-23_12h48.42.760,solo-project,,2025.1.1,60.037992044092626,2025-11-23 12h48.52.362078 +0530,
C:\Users\RIYA MANIYAR\OneDrive\Desktop\Lab in Psycholgy\Solo-project Gaze Cue\stimuli\gaze_image\leftgaze.png,-0.5,0,valid,C:\Users\RIYA MANIYAR\OneDrive\Desktop\Lab in Psycholgy\Solo-project Gaze Cue\stimuli\target\men neutral face.JPG,74,2,9,[np.float64(-0.46111111111111114)],[np.float64(-0.019444444444444445)],[1],[0],[0],[0.34760320000350475],['targ'],9,2,74,1,148.29771720001008,,,,148.285207500041,148.29771720001008,148.68096210004296,148.692080000008,148.6975292999996,149.69706210005097,1.0122630999539979,149.71343530004378,150.04886630002875,[np.float64(-0.46111111111111114)],[np.float64(-0.019444444444444445)],[1],[0],[0],[0.34760320000350475],['targ'],148.6975292999996,RI,,2025-11-23_12h48.42.760,solo-project,,2025.1.1,60.037992044092626,2025-11-23 12h48.52.362078 +0530,
C:\Users\RIYA MANIYAR\OneDrive\Desktop\Lab in Psycholgy\Solo-project Gaze Cue\stimuli\gaze_image\leftgaze.png,0.5,0,invalid,C:\Users\RIYA MANIYAR\OneDrive\Desktop\Lab in Psycholgy\Solo-project Gaze Cue\stimuli\target\women neutral face.JPG,75,3,9,[np.float64(0.5009259259259259)],[np.float64(-0.1)],[1],[0],[0],[0.6169178999844007],['targ'],9,3,75,4,150.06291780003812,,,,150.04909080005018,150.06291780003812,150.44617990002735,150.45372960000532,150.46285760001047,151.46221550001064,1.0135109999682754,151.47868630004814,152.0820292000426,[np.float64(0.5009259259259259)],[np.float64(-0.1)],[1],[0],[0],[0.6169178999844007],['targ'],150.46285760001047,RI,,2025-11-23_12h48.42.760,solo-project,,2025.1.1,60.037992044092626,2025-11-23 12h48.52.362078 +0530,
C:\Users\RIYA MANIYAR\OneDrive\Desktop\Lab in Psycholgy\Solo-project Gaze Cue\stimuli\gaze_image\leftgaze.png,0.5,0,invalid,C:\Users\RIYA MANIYAR\OneDrive\Desktop\Lab in Psycholgy\Solo-project Gaze Cue\stimuli\target\men neutral face.JPG,76,4,9,[np.float64(0.6925925925925925)],[np.float64(-0.09814814814814815)],[1],[0],[0],[0.6363239000202157],['targ'],9,4,76,0,152.09422800003085,,,,152.08257710002363,152.09422800003085,152.4778080000542,152.4858094000374,152.49454520002473,153.4939701000112,1.0118625999893993,153.4939701000112,154.13064869999653,[np.float64(0.6925925925925925)],[np.float64(-0.09814814814814815)],[1],[0],[0],[0.6363239000202157],['targ'],152.49454520002473,RI,,2025-11-23_12h48.42.760,solo-project,,2025.1.1,60.037992044092626,2025-11-23 12h48.52.362078 +0530,
C:\Users\RIYA MANIYAR\OneDrive\Desktop\Lab in Psycholgy\Solo-project Gaze Cue\stimuli\gaze_image\leftgaze.png,-0.5,0,valid,C:\Users\RIYA MANIYAR\OneDrive\Desktop\Lab in Psycholgy\Solo-project Gaze Cue\stimuli\target\women neutral face.JPG,77,5,9,[np.float64(-0.44351851851851853)],[np.float64(-0.028703703703703703)],[1],[0],[0],[0.4843913999502547],['targ'],9,5,77,5,154.14273870002944,,,,154.131133900024,154.14273870002944,154.52619480004068,154.5342585000326,154.54261660005432,155.54196250002133,1.0112671999377199,155.54196250002133,156.02671110001393,[np.float64(-0.44351851851851853)],[np.float64(-0.028703703703703703)],[1],[0],[0],[0.4843913999502547],['targ'],154.54261660005432,RI,,2025-11-23_12h48.42.760,solo-project,,2025.1.1,60.037992044092626,2025-11-23 12h48.52.362078 +0530,
C:\Users\RIYA MANIYAR\OneDrive\Desktop\Lab in Psycholgy\Solo-project Gaze Cue\stimuli\gaze_image\rightgaze.png,-0.5,0,invalid,C:\Users\RIYA MANIYAR\OneDrive\Desktop\Lab in Psycholgy\Solo-project Gaze Cue\stimuli\target\women neutral face.JPG,78,6,9,[np.float64(-0.33425925925925926)],[np.float64(-0.05925925925925926)],[1],[0],[0],[0.6641611999948509],['targ'],9,6,78,7,156.04114080005093,,,,156.02709010004764,156.04114080005093,156.42506680003135,156.4371313000447,156.44197330001043,157.4408151000389,1.0141555999871343,157.45682060002582,158.10972520004725,[np.float64(-0.33425925925925926)],[np.float64(-0.05925925925925926)],[1],[0],[0],[0.6641611999948509],['targ'],156.44197330001043,RI,,2025-11-23_12h48.42.760,solo-project,,2025.1.1,60.037992044092626,2025-11-23 12h48.52.362078 +0530,
C:\Users\RIYA MANIYAR\OneDrive\Desktop\Lab in Psycholgy\Solo-project Gaze Cue\stimuli\gaze_image\rightgaze.png,-0.5,0,invalid,C:\Users\RIYA MANIYAR\OneDrive\Desktop\Lab in Psycholgy\Solo-project Gaze Cue\stimuli\target\men neutral face.JPG,79,7,9,[np.float64(-0.37777777777777777)],[np.float64(-0.021296296296296296)],[1],[0],[0],[0.6163219999871217],['targ'],9,7,79,3,158.12280800001463,,,,158.11001980002038,158.12280800001463,158.5061921000015,158.51458529999945,158.52286120003555,159.52278769999975,1.013056699943263,159.53825020004297,160.14142590004485,[np.float64(-0.37777777777777777)],[np.float64(-0.021296296296296296)],[1],[0],[0],[0.6163219999871217],['targ'],158.52286120003555,RI,,2025-11-23_12h48.42.760,solo-project,,2025.1.1,60.037992044092626,2025-11-23 12h48.52.362078 +0530,
C:\Users\RIYA MANIYAR\OneDrive\Desktop\Lab in Psycholgy\Solo-project Gaze Cue\stimuli\gaze_image\rightgaze.png,0.5,0,valid,C:\Users\RIYA MANIYAR\OneDrive\Desktop\Lab in Psycholgy\Solo-project Gaze Cue\stimuli\target\women neutral face.JPG,80,0,10,[np.float64(0.45)],[np.float64(-0.05462962962962963)],[1],[0],[0],[0.41953819995978847],['targ'],10,0,80,6,160.1543709000107,,,,160.1420069000451,160.1543709000107,160.53750170004787,160.5448779000435,160.5545341000543,161.5536518000299,1.012187200016342,161.5536518000299,161.97358580003493,[np.float64(0.45)],[np.float64(-0.05462962962962963)],[1],[0],[0],[0.41953819995978847],['targ'],160.5545341000543,RI,,2025-11-23_12h48.42.760,solo-project,,2025.1.1,60.037992044092626,2025-11-23 12h48.52.362078 +0530,
C:\Users\RIYA MANIYAR\OneDrive\Desktop\Lab in Psycholgy\Solo-project Gaze Cue\stimuli\gaze_image\rightgaze.png,0.5,0,valid,C:\Users\RIYA MANIYAR\OneDrive\Desktop\Lab in Psycholgy\Solo-project Gaze Cue\stimuli\target\men neutral face.JPG,81,1,10,[np.float64(0.4824074074074074)],[np.float64(-0.04722222222222222)],[1],[0],[0],[0.4142941999598406],['targ'],10,1,81,2,161.98626390000572,,,,161.9740164000541,161.98626390000572,162.370059900044,162.3825815000455,162.38764230004745,163.3859511000337,1.0124047999852337,163.40193970000837,163.80424550001044,[np.float64(0.4824074074074074)],[np.float64(-0.04722222222222222)],[1],[0],[0],[0.4142941999598406],['targ'],162.38764230004745,RI,,2025-11-23_12h48.42.760,solo-project,,2025.1.1,60.037992044092626,2025-11-23 12h48.52.362078 +0530,
C:\Users\RIYA MANIYAR\OneDrive\Desktop\Lab in Psycholgy\Solo-project Gaze Cue\stimuli\gaze_image\leftgaze.png,0.5,0,invalid,C:\Users\RIYA MANIYAR\OneDrive\Desktop\Lab in Psycholgy\Solo-project Gaze Cue\stimuli\target\men neutral face.JPG,82,2,10,[np.float64(0.562962962962963)],[np.float64(-0.09166666666666666)],[1],[0],[0],[0.8322880000341684],['targ'],10,2,82,0,163.8180492000538,,,,163.8045059000142,163.8180492000538,164.20167860004585,164.21059690002585,164.21838020003634,165.21750300005078,1.013273999968078,165.233970900008,166.05203320004512,[np.float64(0.562962962962963)],[np.float64(-0.09166666666666666)],[1],[0],[0],[0.8322880000341684],['targ'],164.21838020003634,RI,,2025-11-23_12h48.42.760,solo-project,,2025.1.1,60.037992044092626,2025-11-23 12h48.52.362078 +0530,
C:\Users\RIYA MANIYAR\OneDrive\Desktop\Lab in Psycholgy\Solo-project Gaze Cue\stimuli\gaze_image\rightgaze.png,-0.5,0,invalid,C:\Users\RIYA MANIYAR\OneDrive\Desktop\Lab in Psycholgy\Solo-project Gaze Cue\stimuli\target\women neutral face.JPG,83,3,10,[np.float64(-0.4759259259259259)],[np.float64(0.0)],[1],[0],[0],[0.6637919999775477],['targ'],10,3,83,7,166.06637410004623,,,,166.05225540004903,166.06637410004623,166.44931830000132,166.45866260002367,166.4665260000038,167.46579930000007,1.0138743999414146,167.48191900004167,168.1345134000294,[np.float64(-0.4759259259259259)],[np.float64(0.0)],[1],[0],[0],[0.6637919999775477],['targ'],166.4665260000038,RI,,2025-11-23_12h48.42.760,solo-project,,2025.1.1,60.037992044092626,2025-11-23 12h48.52.362078 +0530,
C:\Users\RIYA MANIYAR\OneDrive\Desktop\Lab in Psycholgy\Solo-project Gaze Cue\stimuli\gaze_image\rightgaze.png,-0.5,0,invalid,C:\Users\RIYA MANIYAR\OneDrive\Desktop\Lab in Psycholgy\Solo-project Gaze Cue\stimuli\target\men neutral face.JPG,84,4,10,[np.float64(-0.6416666666666667)],[np.float64(0.016666666666666666)],[1],[0],[0],[0.6167491999804042],['targ'],10,4,84,3,168.1478797000018,,,,168.1347408000147,168.1478797000018,168.53114310000092,168.5421093000332,168.54782110004453,169.54729110002518,1.0128134000115097,169.56369670003187,170.16627470002277,[np.float64(-0.6416666666666667)],[np.float64(0.016666666666666666)],[1],[0],[0],[0.6167491999804042],['targ'],168.54782110004453,RI,,2025-11-23_12h48.42.760,solo-project,,2025.1.1,60.037992044092626,2025-11-23 12h48.52.362078 +0530,
C:\Users\RIYA MANIYAR\OneDrive\Desktop\Lab in Psycholgy\Solo-project Gaze Cue\stimuli\gaze_image\leftgaze.png,-0.5,0,valid,C:\Users\RIYA MANIYAR\OneDrive\Desktop\Lab in Psycholgy\Solo-project Gaze Cue\stimuli\target\men neutral face.JPG,85,5,10,[np.float64(-0.4842592592592593)],[np.float64(-0.03888888888888889)],[1],[0],[0],[0.41601600003195927],['targ'],10,5,85,1,170.17953600001056,,,,170.16675020003458,170.17953600001056,170.5631890000077,170.57500080001773,170.58012190001318,171.57897450000746,1.0126262999838218,171.59540190000553,171.9972981000319,[np.float64(-0.4842592592592593)],[np.float64(-0.03888888888888889)],[1],[0],[0],[0.41601600003195927],['targ'],170.58012190001318,RI,,2025-11-23_12h48.42.760,solo-project,,2025.1.1,60.037992044092626,2025-11-23 12h48.52.362078 +0530,
C:\Users\RIYA MANIYAR\OneDrive\Desktop\Lab in Psycholgy\Solo-project Gaze Cue\stimuli\gaze_image\leftgaze.png,0.5,0,invalid,C:\Users\RIYA MANIYAR\OneDrive\Desktop\Lab in Psycholgy\Solo-project Gaze Cue\stimuli\target\women neutral face.JPG,86,6,10,[np.float64(0.37222222222222223)],[np.float64(-0.11203703703703703)],[1],[0],[0],[0.7328530999948271],['targ'],10,6,86,4,172.0113884000457,,,,171.99755000002915,172.0113884000457,172.39482830005,172.40339510003105,172.41132380004274,173.41091620002408,1.01368699996965,173.42697080003563,174.14727880002465,[np.float64(0.37222222222222223)],[np.float64(-0.11203703703703703)],[1],[0],[0],[0.7328530999948271],['targ'],172.41132380004274,RI,,2025-11-23_12h48.42.760,solo-project,,2025.1.1,60.037992044092626,2025-11-23 12h48.52.362078 +0530,
C:\Users\RIYA MANIYAR\OneDrive\Desktop\Lab in Psycholgy\Solo-project Gaze Cue\stimuli\gaze_image\leftgaze.png,-0.5,0,valid,C:\Users\RIYA MANIYAR\OneDrive\Desktop\Lab in Psycholgy\Solo-project Gaze Cue\stimuli\target\women neutral face.JPG,87,7,10,[np.float64(-0.3333333333333333)],[np.float64(-0.08055555555555556)],[1],[0],[0],[0.4308947999961674],['targ'],10,7,87,5,174.15979010000592,,,,174.14780400000745,174.15979010000592,174.54333260003477,174.55448330001673,174.56086520000827,175.55941050004913,1.012104699970223,175.57535020000068,175.99460060003912,[np.float64(-0.3333333333333333)],[np.float64(-0.08055555555555556)],[1],[0],[0],[0.4308947999961674],['targ'],174.56086520000827,RI,,2025-11-23_12h48.42.760,solo-project,,2025.1.1,60.037992044092626,2025-11-23 12h48.52.362078 +0530,
C:\Users\RIYA MANIYAR\OneDrive\Desktop\Lab in Psycholgy\Solo-project Gaze Cue\stimuli\gaze_image\leftgaze.png,-0.5,0,valid,C:\Users\RIYA MANIYAR\OneDrive\Desktop\Lab in Psycholgy\Solo-project Gaze Cue\stimuli\target\women neutral face.JPG,88,0,11,[np.float64(-0.5453703703703704)],[np.float64(0.000925925925925926)],[1],[0],[0],[0.5849852000246756],['targ'],11,0,88,5,176.00795060000382,,,,175.99495730001945,176.00795060000382,176.3917386000394,176.39963300002273,176.40798050002195,177.40717330004554,1.012555599969346,177.40717330004554,177.9924786000047,[np.float64(-0.5453703703703704)],[np.float64(0.000925925925925926)],[1],[0],[0],[0.5849852000246756],['targ'],176.40798050002195,RI,,2025-11-23_12h48.42.760,solo-project,,2025.1.1,60.037992044092626,2025-11-23 12h48.52.362078 +0530,
C:\Users\RIYA MANIYAR\OneDrive\Desktop\Lab in Psycholgy\Solo-project Gaze Cue\stimuli\gaze_image\leftgaze.png,-0.5,0,valid,C:\Users\RIYA MANIYAR\OneDrive\Desktop\Lab in Psycholgy\Solo-project Gaze Cue\stimuli\target\men neutral face.JPG,89,1,11,[np.float64(-0.41574074074074074)],[np.float64(-0.010185185185185186)],[1],[0],[0],[0.5151201999979094],['targ'],11,1,89,1,178.00637240003562,,,,177.9928646000335,178.00637240003562,178.39014770003268,178.40328170004068,178.40959520003526,179.40600920002908,1.0135499999742024,179.4221865000436,179.92531120002968,[np.float64(-0.41574074074074074)],[np.float64(-0.010185185185185186)],[1],[0],[0],[0.5151201999979094],['targ'],178.40959520003526,RI,,2025-11-23_12h48.42.760,solo-project,,2025.1.1,60.037992044092626,2025-11-23 12h48.52.362078 +0530,
C:\Users\RIYA MANIYAR\OneDrive\Desktop\Lab in Psycholgy\Solo-project Gaze Cue\stimuli\gaze_image\leftgaze.png,0.5,0,invalid,C:\Users\RIYA MANIYAR\OneDrive\Desktop\Lab in Psycholgy\Solo-project Gaze Cue\stimuli\target\women neutral face.JPG,90,2,11,[np.float64(0.2953703703703704)],[np.float64(-0.08333333333333333)],[1],[0],[0],[0.6982209000270814],['targ'],11,2,90,4,179.93811750004534,,,,179.9257202000008,179.93811750004534,180.32166730001336,180.32868560001953,180.3381333000143,181.33795690000989,1.01271859992994,181.3538075000397,182.0409484000411,[np.float64(0.2953703703703704)],[np.float64(-0.08333333333333333)],[1],[0],[0],[0.6982209000270814],['targ'],180.3381333000143,RI,,2025-11-23_12h48.42.760,solo-project,,2025.1.1,60.037992044092626,2025-11-23 12h48.52.362078 +0530,
C:\Users\RIYA MANIYAR\OneDrive\Desktop\Lab in Psycholgy\Solo-project Gaze Cue\stimuli\gaze_image\rightgaze.png,-0.5,0,invalid,C:\Users\RIYA MANIYAR\OneDrive\Desktop\Lab in Psycholgy\Solo-project Gaze Cue\stimuli\target\women neutral face.JPG,91,3,11,[np.float64(-0.4444444444444444)],[np.float64(0.024074074074074074)],[1],[0],[0],[0.6506544000003487],['targ'],11,3,91,7,182.0533238000353,,,,182.04142050002702,182.0533238000353,182.43671999999788,182.44463990000077,182.45316110004205,183.45227210002486,1.011321099998895,183.45227210002486,184.10331080004107,[np.float64(-0.4444444444444444)],[np.float64(0.024074074074074074)],[1],[0],[0],[0.6506544000003487],['targ'],182.45316110004205,RI,,2025-11-23_12h48.42.760,solo-project,,2025.1.1,60.037992044092626,2025-11-23 12h48.52.362078 +0530,
C:\Users\RIYA MANIYAR\OneDrive\Desktop\Lab in Psycholgy\Solo-project Gaze Cue\stimuli\gaze_image\leftgaze.png,0.5,0,invalid,C:\Users\RIYA MANIYAR\OneDrive\Desktop\Lab in Psycholgy\Solo-project Gaze Cue\stimuli\target\men neutral face.JPG,92,4,11,[np.float64(0.4287037037037037)],[np.float64(-0.18796296296296297)],[1],[0],[0],[0.7328210999839939],['targ'],11,4,92,0,184.11815120000392,,,,184.10355900001014,184.11815120000392,184.50164640002185,184.5107278000214,184.51848000002792,185.51773190003587,1.0144152999855578,185.53396730002714,186.2527252000291,[np.float64(0.4287037037037037)],[np.float64(-0.18796296296296297)],[1],[0],[0],[0.7328210999839939],['targ'],184.51848000002792,RI,,2025-11-23_12h48.42.760,solo-project,,2025.1.1,60.037992044092626,2025-11-23 12h48.52.362078 +0530,
C:\Users\RIYA MANIYAR\OneDrive\Desktop\Lab in Psycholgy\Solo-project Gaze Cue\stimuli\gaze_image\rightgaze.png,0.5,0,valid,C:\Users\RIYA MANIYAR\OneDrive\Desktop\Lab in Psycholgy\Solo-project Gaze Cue\stimuli\target\women neutral face.JPG,93,5,11,[np.float64(0.36203703703703705)],[np.float64(-0.08703703703703704)],[1],[0],[0],[0.534658299991861],['targ'],11,5,93,6,186.2661694000126,,,,186.25301050004782,186.2661694000126,186.64991080004256,186.6582784000202,186.66632630000822,187.66587270004675,1.0131608999799937,187.66587270004675,188.20079770003213,[np.float64(0.36203703703703705)],[np.float64(-0.08703703703703704)],[1],[0],[0],[0.534658299991861],['targ'],186.66632630000822,RI,,2025-11-23_12h48.42.760,solo-project,,2025.1.1,60.037992044092626,2025-11-23 12h48.52.362078 +0530,
C:\Users\RIYA MANIYAR\OneDrive\Desktop\Lab in Psycholgy\Solo-project Gaze Cue\stimuli\gaze_image\rightgaze.png,-0.5,0,invalid,C:\Users\RIYA MANIYAR\OneDrive\Desktop\Lab in Psycholgy\Solo-project Gaze Cue\stimuli\target\men neutral face.JPG,94,6,11,[np.float64(-0.6222222222222222)],[np.float64(0.020370370370370372)],[1],[0],[0],[0.6136155999847688],['targ'],11,6,94,3,188.21468910004478,,,,188.20101390004857,188.21468910004478,188.59848740004236,188.60769090004032,188.6147498000064,189.61414790002163,1.0134926000027917,189.63051340001402,190.23227070004214,[np.float64(-0.6222222222222222)],[np.float64(0.020370370370370372)],[1],[0],[0],[0.6136155999847688],['targ'],188.6147498000064,RI,,2025-11-23_12h48.42.760,solo-project,,2025.1.1,60.037992044092626,2025-11-23 12h48.52.362078 +0530,
C:\Users\RIYA MANIYAR\OneDrive\Desktop\Lab in Psycholgy\Solo-project Gaze Cue\stimuli\gaze_image\rightgaze.png,0.5,0,valid,C:\Users\RIYA MANIYAR\OneDrive\Desktop\Lab in Psycholgy\Solo-project Gaze Cue\stimuli\target\men neutral face.JPG,95,7,11,[np.float64(0.3592592592592593)],[np.float64(-0.11018518518518519)],[1],[0],[0],[0.6156706000328995],['targ'],11,7,95,2,190.24634660000447,,,,190.23251120001078,190.24634660000447,190.6298855000059,190.63890130002983,190.64636140002403,191.6463056000066,1.014074700011406,191.6621662999969,192.2650204000529,[np.float64(0.3592592592592593)],[np.float64(-0.11018518518518519)],[1],[0],[0],[0.6156706000328995],['targ'],190.64636140002403,RI,,2025-11-23_12h48.42.760,solo-project,,2025.1.1,60.037992044092626,2025-11-23 12h48.52.362078 +0530,
C:\Users\RIYA MANIYAR\OneDrive\Desktop\Lab in Psycholgy\Solo-project Gaze Cue\stimuli\gaze_image\rightgaze.png,-0.5,0,invalid,C:\Users\RIYA MANIYAR\OneDrive\Desktop\Lab in Psycholgy\Solo-project Gaze Cue\stimuli\target\women neutral face.JPG,96,0,12,[np.float64(-0.5435185185185185)],[np.float64(0.0)],[1],[0],[0],[0.5480779999634251],['targ'],12,0,96,7,192.2780048000277,,,,192.26549990003696,192.2780048000277,192.66159290005453,192.67384010000387,192.67903080000542,193.67815330001758,1.0130575999501161,193.6937392000109,194.22873240004992,[np.float64(-0.5435185185185185)],[np.float64(0.0)],[1],[0],[0],[0.5480779999634251],['targ'],192.67903080000542,RI,,2025-11-23_12h48.42.760,solo-project,,2025.1.1,60.037992044092626,2025-11-23 12h48.52.362078 +0530,
C:\Users\RIYA MANIYAR\OneDrive\Desktop\Lab in Psycholgy\Solo-project Gaze Cue\stimuli\gaze_image\leftgaze.png,0.5,0,invalid,C:\Users\RIYA MANIYAR\OneDrive\Desktop\Lab in Psycholgy\Solo-project Gaze Cue\stimuli\target\women neutral face.JPG,97,1,12,[np.float64(0.5805555555555556)],[np.float64(-0.15092592592592594)],[1],[0],[0],[0.6143351999926381],['targ'],12,1,97,4,194.24298820004333,,,,194.22894370002905,194.24298820004333,194.62665800005198,194.6388460000162,194.64361180004198,195.64300390001154,1.0144177000038326,195.65887460001977,196.26047910004854,[np.float64(0.5805555555555556)],[np.float64(-0.15092592592592594)],[1],[0],[0],[0.6143351999926381],['targ'],194.64361180004198,RI,,2025-11-23_12h48.42.760,solo-project,,2025.1.1,60.037992044092626,2025-11-23 12h48.52.362078 +0530,
C:\Users\RIYA MANIYAR\OneDrive\Desktop\Lab in Psycholgy\Solo-project Gaze Cue\stimuli\gaze_image\rightgaze.png,0.5,0,valid,C:\Users\RIYA MANIYAR\OneDrive\Desktop\Lab in Psycholgy\Solo-project Gaze Cue\stimuli\target\women neutral face.JPG,98,2,12,[np.float64(0.43148148148148147)],[np.float64(-0.11481481481481481)],[1],[0],[0],[0.34737949998816475],['targ'],12,2,98,6,196.27479340002174,,,,196.26068480004324,196.27479340002174,196.65822730003856,196.6702691000537,196.6761440000264,197.67431440000655,1.0139457999612205,197.69056290003937,198.0269002999994,[np.float64(0.43148148148148147)],[np.float64(-0.11481481481481481)],[1],[0],[0],[0.34737949998816475],['targ'],196.6761440000264,RI,,2025-11-23_12h48.42.760,solo-project,,2025.1.1,60.037992044092626,2025-11-23 12h48.52.362078 +0530,
C:\Users\RIYA MANIYAR\OneDrive\Desktop\Lab in Psycholgy\Solo-project Gaze Cue\stimuli\gaze_image\rightgaze.png,0.5,0,valid,C:\Users\RIYA MANIYAR\OneDrive\Desktop\Lab in Psycholgy\Solo-project Gaze Cue\stimuli\target\men neutral face.JPG,99,3,12,[np.float64(0.36018518518518516)],[np.float64(-0.09166666666666666)],[1],[0],[0],[0.3164118999848142],['targ'],12,3,99,2,198.04014600004302,,,,198.0274467000272,198.04014600004302,198.4235430000117,198.43214480002644,198.44037230004324,199.43987580004614,1.0128956999396905,199.4558692999999,199.7594050000189,[np.float64(0.36018518518518516)],[np.float64(-0.09166666666666666)],[1],[0],[0],[0.3164118999848142],['targ'],198.44037230004324,RI,,2025-11-23_12h48.42.760,solo-project,,2025.1.1,60.037992044092626,2025-11-23 12h48.52.362078 +0530,
C:\Users\RIYA MANIYAR\OneDrive\Desktop\Lab in Psycholgy\Solo-project Gaze Cue\stimuli\gaze_image\leftgaze.png,0.5,0,invalid,C:\Users\RIYA MANIYAR\OneDrive\Desktop\Lab in Psycholgy\Solo-project Gaze Cue\stimuli\target\men neutral face.JPG,100,4,12,[np.float64(0.5925925925925926)],[np.float64(-0.07314814814814814)],[1],[0],[0],[0.5200836000149138],['targ'],12,4,100,0,199.77197820000583,,,,199.7596834000433,199.77197820000583,200.15530830004718,200.16639330005273,200.17184930003714,201.17095720005454,1.0116664999513887,201.17095720005454,201.6915149000124,[np.float64(0.5925925925925926)],[np.float64(-0.07314814814814814)],[1],[0],[0],[0.5200836000149138],['targ'],200.17184930003714,RI,,2025-11-23_12h48.42.760,solo-project,,2025.1.1,60.037992044092626,2025-11-23 12h48.52.362078 +0530,
C:\Users\RIYA MANIYAR\OneDrive\Desktop\Lab in Psycholgy\Solo-project Gaze Cue\stimuli\gaze_image\leftgaze.png,-0.5,0,valid,C:\Users\RIYA MANIYAR\OneDrive\Desktop\Lab in Psycholgy\Solo-project Gaze Cue\stimuli\target\women neutral face.JPG,101,5,12,[np.float64(-0.36574074074074076)],[np.float64(0.021296296296296296)],[1],[0],[0],[0.32642609998583794],['targ'],12,5,101,5,201.7036652000388,,,,201.69199960003607,201.7036652000388,202.08694800001103,202.09569530002773,202.10380520002218,203.10741580004105,1.015825100010261,203.11935890000314,203.43864030000987,[np.float64(-0.36574074074074076)],[np.float64(0.021296296296296296)],[1],[0],[0],[0.32642609998583794],['targ'],202.10380520002218,RI,,2025-11-23_12h48.42.760,solo-project,,2025.1.1,60.037992044092626,2025-11-23 12h48.52.362078 +0530,
C:\Users\RIYA MANIYAR\OneDrive\Desktop\Lab in Psycholgy\Solo-project Gaze Cue\stimuli\gaze_image\leftgaze.png,-0.5,0,valid,C:\Users\RIYA MANIYAR\OneDrive\Desktop\Lab in Psycholgy\Solo-project Gaze Cue\stimuli\target\men neutral face.JPG,102,6,12,[np.float64(-0.36574074074074076)],[np.float64(0.021296296296296296)],[1],[0],[0],[0.39641869999468327],['targ'],12,6,102,1,203.4522896000417,,,,203.43895390001126,203.4522896000417,203.8358303999994,203.845220600022,203.8523767000297,204.8518776000128,1.0133250000071712,204.86802930000704,205.2525901000481,[np.float64(-0.36574074074074076)],[np.float64(0.021296296296296296)],[1],[0],[0],[0.39641869999468327],['targ'],203.8523767000297,RI,,2025-11-23_12h48.42.760,solo-project,,2025.1.1,60.037992044092626,2025-11-23 12h48.52.362078 +0530,
C:\Users\RIYA MANIYAR\OneDrive\Desktop\Lab in Psycholgy\Solo-project Gaze Cue\stimuli\gaze_image\rightgaze.png,-0.5,0,invalid,C:\Users\RIYA MANIYAR\OneDrive\Desktop\Lab in Psycholgy\Solo-project Gaze Cue\stimuli\target\men neutral face.JPG,103,7,12,[np.float64(-0.36574074074074076)],[np.float64(0.021296296296296296)],[1],[0],[0],[0.48472840001340955],['targ'],12,7,103,3,205.2673709000228,,,,205.25290820002556,205.2673709000228,205.65085130004445,205.66307770001004,205.66745430004084,206.66669440001715,1.0141850999789312,206.66669440001715,207.15187980001792,[np.float64(-0.36574074074074076)],[np.float64(0.021296296296296296)],[1],[0],[0],[0.48472840001340955],['targ'],205.66745430004084,RI,,2025-11-23_12h48.42.760,solo-project,,2025.1.1,60.037992044092626,2025-11-23 12h48.52.362078 +0530,
C:\Users\RIYA MANIYAR\OneDrive\Desktop\Lab in Psycholgy\Solo-project Gaze Cue\stimuli\gaze_image\leftgaze.png,0.5,0,invalid,C:\Users\RIYA MANIYAR\OneDrive\Desktop\Lab in Psycholgy\Solo-project Gaze Cue\stimuli\target\men neutral face.JPG,104,0,13,[np.float64(0.6777777777777778)],[np.float64(-0.1287037037037037)],[1],[0],[0],[0.9161588000133634],['targ'],13,0,104,0,207.16581160004716,,,,207.152167799999,207.16581160004716,207.54918910004199,207.56104510003934,207.56576420000056,208.56522430002224,1.0133932000026107,208.5815102000488,209.4846684000222,[np.float64(0.6777777777777778)],[np.float64(-0.1287037037037037)],[1],[0],[0],[0.9161588000133634],['targ'],207.56576420000056,RI,,2025-11-23_12h48.42.760,solo-project,,2025.1.1,60.037992044092626,2025-11-23 12h48.52.362078 +0530,
C:\Users\RIYA MANIYAR\OneDrive\Desktop\Lab in Psycholgy\Solo-project Gaze Cue\stimuli\gaze_image\rightgaze.png,-0.5,0,invalid,C:\Users\RIYA MANIYAR\OneDrive\Desktop\Lab in Psycholgy\Solo-project Gaze Cue\stimuli\target\women neutral face.JPG,105,1,13,[np.float64(-0.3712962962962963)],[np.float64(-0.008333333333333333)],[1],[0],[0],[0.6189388000057079],['targ'],13,1,105,7,209.49761860002764,,,,209.4851939000073,209.49761860002764,209.8803352000541,209.88824200001545,209.89729640004225,210.89635610004188,1.0116327999858186,210.89635610004188,211.51573169999756,[np.float64(-0.3712962962962963)],[np.float64(-0.008333333333333333)],[1],[0],[0],[0.6189388000057079],['targ'],209.89729640004225,RI,,2025-11-23_12h48.42.760,solo-project,,2025.1.1,60.037992044092626,2025-11-23 12h48.52.362078 +0530,
C:\Users\RIYA MANIYAR\OneDrive\Desktop\Lab in Psycholgy\Solo-project Gaze Cue\stimuli\gaze_image\leftgaze.png,-0.5,0,valid,C:\Users\RIYA MANIYAR\OneDrive\Desktop\Lab in Psycholgy\Solo-project Gaze Cue\stimuli\target\women neutral face.JPG,106,2,13,[np.float64(-0.35462962962962963)],[np.float64(-0.030555555555555555)],[1],[0],[0],[0.48282839998137206],['targ'],13,2,106,5,211.52882250002585,,,,211.5162881000433,211.52882250002585,211.91237279999768,211.9243324000272,211.9293682000134,212.9285289000254,1.0127618999686092,212.94444230000954,213.41492100001778,[np.float64(-0.35462962962962963)],[np.float64(-0.030555555555555555)],[1],[0],[0],[0.48282839998137206],['targ'],211.9293682000134,RI,,2025-11-23_12h48.42.760,solo-project,,2025.1.1,60.037992044092626,2025-11-23 12h48.52.362078 +0530,
C:\Users\RIYA MANIYAR\OneDrive\Desktop\Lab in Psycholgy\Solo-project Gaze Cue\stimuli\gaze_image\leftgaze.png,0.5,0,invalid,C:\Users\RIYA MANIYAR\OneDrive\Desktop\Lab in Psycholgy\Solo-project Gaze Cue\stimuli\target\women neutral face.JPG,107,3,13,[np.float64(0.3675925925925926)],[np.float64(-0.1398148148148148)],[1],[0],[0],[0.8151179000269622],['targ'],13,3,107,4,213.427259100019,,,,213.41538530000253,213.427259100019,213.81079210003372,213.82225570001174,213.8275416000397,214.8267993000336,1.011864100000821,214.84302270004991,215.64570850000018,[np.float64(0.3675925925925926)],[np.float64(-0.1398148148148148)],[1],[0],[0],[0.8151179000269622],['targ'],213.8275416000397,RI,,2025-11-23_12h48.42.760,solo-project,,2025.1.1,60.037992044092626,2025-11-23 12h48.52.362078 +0530,
C:\Users\RIYA MANIYAR\OneDrive\Desktop\Lab in Psycholgy\Solo-project Gaze Cue\stimuli\gaze_image\rightgaze.png,0.5,0,valid,C:\Users\RIYA MANIYAR\OneDrive\Desktop\Lab in Psycholgy\Solo-project Gaze Cue\stimuli\target\women neutral face.JPG,108,4,13,[np.float64(0.5296296296296297)],[np.float64(-0.08333333333333333)],[1],[0],[0],[0.3862053999910131],['targ'],13,4,108,6,215.65919830003986,,,,215.64612780004973,215.65919830003986,216.0422459000256,216.0509877000004,216.05866650003009,217.05797390005318,1.0122392000048421,217.05797390005318,217.44457580003655,[np.float64(0.5296296296296297)],[np.float64(-0.08333333333333333)],[1],[0],[0],[0.3862053999910131],['targ'],216.05866650003009,RI,,2025-11-23_12h48.42.760,solo-project,,2025.1.1,60.037992044092626,2025-11-23 12h48.52.362078 +0530,
C:\Users\RIYA MANIYAR\OneDrive\Desktop\Lab in Psycholgy\Solo-project Gaze Cue\stimuli\gaze_image\rightgaze.png,0.5,0,valid,C:\Users\RIYA MANIYAR\OneDrive\Desktop\Lab in Psycholgy\Solo-project Gaze Cue\stimuli\target\men neutral face.JPG,109,5,13,[np.float64(0.6231481481481481)],[np.float64(-0.08981481481481482)],[1],[0],[0],[0.3973679000046104],['targ'],13,5,109,2,217.4573865000275,,,,217.4450556000229,217.4573865000275,217.8408388000098,217.85250600002473,217.8584097000421,218.85711180005455,1.0125602000043727,218.8731478000409,219.2590337000438,[np.float64(0.6231481481481481)],[np.float64(-0.08981481481481482)],[1],[0],[0],[0.3973679000046104],['targ'],217.8584097000421,RI,,2025-11-23_12h48.42.760,solo-project,,2025.1.1,60.037992044092626,2025-11-23 12h48.52.362078 +0530,
C:\Users\RIYA MANIYAR\OneDrive\Desktop\Lab in Psycholgy\Solo-project Gaze Cue\stimuli\gaze_image\leftgaze.png,-0.5,0,valid,C:\Users\RIYA MANIYAR\OneDrive\Desktop\Lab in Psycholgy\Solo-project Gaze Cue\stimuli\target\men neutral face.JPG,110,6,13,[np.float64(-0.5222222222222223)],[np.float64(-0.023148148148148147)],[1],[0],[0],[0.4668198999715969],['targ'],13,6,110,1,219.27250640001148,,,,219.2593770000385,219.27250640001148,219.65634590003174,219.66797590005444,219.6742408000282,220.67186350002885,1.0128660000045784,220.68794950004667,221.14093270001467,[np.float64(-0.5222222222222223)],[np.float64(-0.023148148148148147)],[1],[0],[0],[0.4668198999715969],['targ'],219.6742408000282,RI,,2025-11-23_12h48.42.760,solo-project,,2025.1.1,60.037992044092626,2025-11-23 12h48.52.362078 +0530,
C:\Users\RIYA MANIYAR\OneDrive\Desktop\Lab in Psycholgy\Solo-project Gaze Cue\stimuli\gaze_image\rightgaze.png,-0.5,0,invalid,C:\Users\RIYA MANIYAR\OneDrive\Desktop\Lab in Psycholgy\Solo-project Gaze Cue\stimuli\target\men neutral face.JPG,111,7,13,[np.float64(-0.29814814814814816)],[np.float64(-0.003703703703703704)],[1],[0],[0],[0.7363748999778181],['targ'],13,7,111,3,221.15453460003482,,,,221.14115940005286,221.15453460003482,221.53763470001286,221.54676730005303,221.55432210001163,222.5536309000454,1.012842899945099,222.5536309000454,223.29048490000423,[np.float64(-0.29814814814814816)],[np.float64(-0.003703703703703704)],[1],[0],[0],[0.7363748999778181],['targ'],221.55432210001163,RI,,2025-11-23_12h48.42.760,solo-project,,2025.1.1,60.037992044092626,2025-11-23 12h48.52.362078 +0530,
C:\Users\RIYA MANIYAR\OneDrive\Desktop\Lab in Psycholgy\Solo-project Gaze Cue\stimuli\gaze_image\leftgaze.png,-0.5,0,valid,C:\Users\RIYA MANIYAR\OneDrive\Desktop\Lab in Psycholgy\Solo-project Gaze Cue\stimuli\target\men neutral face.JPG,112,0,14,[np.float64(-0.337037037037037)],[np.float64(-0.03148148148148148)],[1],[0],[0],[0.583601699967403],['targ'],14,0,112,1,223.30247510003392,,,,223.29095260001486,223.30247510003392,223.68620980001288,223.69555640005274,223.70276370004285,224.70204180001747,1.0115071999607608,224.71846190001816,225.28889700002037,[np.float64(-0.337037037037037)],[np.float64(-0.03148148148148148)],[1],[0],[0],[0.583601699967403],['targ'],223.70276370004285,RI,,2025-11-23_12h48.42.760,solo-project,,2025.1.1,60.037992044092626,2025-11-23 12h48.52.362078 +0530,
C:\Users\RIYA MANIYAR\OneDrive\Desktop\Lab in Psycholgy\Solo-project Gaze Cue\stimuli\gaze_image\rightgaze.png,0.5,0,valid,C:\Users\RIYA MANIYAR\OneDrive\Desktop\Lab in Psycholgy\Solo-project Gaze Cue\stimuli\target\men neutral face.JPG,113,1,14,[np.float64(0.5851851851851851)],[np.float64(-0.09907407407407408)],[1],[0],[0],[0.6980815999559127],['targ'],14,1,113,2,225.30116480001016,,,,225.28945920005208,225.30116480001016,225.68429679999826,225.69537470000796,225.70080690004397,226.70074280002154,1.011852799972985,226.71660350001184,227.40136620000703,[np.float64(0.5851851851851851)],[np.float64(-0.09907407407407408)],[1],[0],[0],[0.6980815999559127],['targ'],225.70080690004397,RI,,2025-11-23_12h48.42.760,solo-project,,2025.1.1,60.037992044092626,2025-11-23 12h48.52.362078 +0530,
C:\Users\RIYA MANIYAR\OneDrive\Desktop\Lab in Psycholgy\Solo-project Gaze Cue\stimuli\gaze_image\leftgaze.png,-0.5,0,valid,C:\Users\RIYA MANIYAR\OneDrive\Desktop\Lab in Psycholgy\Solo-project Gaze Cue\stimuli\target\women neutral face.JPG,114,2,14,[np.float64(-0.4388888888888889)],[np.float64(-0.06481481481481481)],[1],[0],[0],[0.3781658000079915],['targ'],14,2,114,5,227.41567760001635,,,,227.40173920005327,227.41567760001635,227.79961470002308,227.8113293000497,227.81718120002188,228.81541010004003,1.014067799958866,228.83159030001843,229.19844990002457,[np.float64(-0.4388888888888889)],[np.float64(-0.06481481481481481)],[1],[0],[0],[0.3781658000079915],['targ'],227.81718120002188,RI,,2025-11-23_12h48.42.760,solo-project,,2025.1.1,60.037992044092626,2025-11-23 12h48.52.362078 +0530,
C:\Users\RIYA MANIYAR\OneDrive\Desktop\Lab in Psycholgy\Solo-project Gaze Cue\stimuli\gaze_image\leftgaze.png,0.5,0,invalid,C:\Users\RIYA MANIYAR\OneDrive\Desktop\Lab in Psycholgy\Solo-project Gaze Cue\stimuli\target\men neutral face.JPG,115,3,14,[np.float64(0.6231481481481481)],[np.float64(-0.1574074074074074)],[1],[0],[0],[0.81559469999047],['targ'],14,3,115,0,229.21426070004236,,,,229.19866580003873,229.21426070004236,229.59786500001792,229.60771850001765,229.6144499000511,230.61396710004192,1.0155779999913648,230.63008560001617,231.43214820005232,[np.float64(0.6231481481481481)],[np.float64(-0.1574074074074074)],[1],[0],[0],[0.81559469999047],['targ'],229.6144499000511,RI,,2025-11-23_12h48.42.760,solo-project,,2025.1.1,60.037992044092626,2025-11-23 12h48.52.362078 +0530,
C:\Users\RIYA MANIYAR\OneDrive\Desktop\Lab in Psycholgy\Solo-project Gaze Cue\stimuli\gaze_image\leftgaze.png,0.5,0,invalid,C:\Users\RIYA MANIYAR\OneDrive\Desktop\Lab in Psycholgy\Solo-project Gaze Cue\stimuli\target\women neutral face.JPG,116,4,14,[np.float64(0.5583333333333333)],[np.float64(-0.11388888888888889)],[1],[0],[0],[0.8147653000196442],['targ'],14,4,116,4,231.44570780004142,,,,231.4323704999988,231.44570780004142,231.8290212000138,231.83752510003978,231.8460237000254,232.84589759999653,1.013923899969086,232.8617224000045,233.66540460003307,[np.float64(0.5583333333333333)],[np.float64(-0.11388888888888889)],[1],[0],[0],[0.8147653000196442],['targ'],231.8460237000254,RI,,2025-11-23_12h48.42.760,solo-project,,2025.1.1,60.037992044092626,2025-11-23 12h48.52.362078 +0530,
C:\Users\RIYA MANIYAR\OneDrive\Desktop\Lab in Psycholgy\Solo-project Gaze Cue\stimuli\gaze_image\rightgaze.png,0.5,0,valid,C:\Users\RIYA MANIYAR\OneDrive\Desktop\Lab in Psycholgy\Solo-project Gaze Cue\stimuli\target\women neutral face.JPG,117,5,14,[np.float64(0.5027777777777778)],[np.float64(-0.058333333333333334)],[1],[0],[0],[0.4306599999545142],['targ'],14,5,117,6,233.6772710000514,,,,233.66587200004142,233.6772710000514,234.0610405000043,234.07329160004156,234.0784872000222,235.07688580005197,1.011526699992828,235.09316930000205,235.51252050005132,[np.float64(0.5027777777777778)],[np.float64(-0.058333333333333334)],[1],[0],[0],[0.4306599999545142],['targ'],234.0784872000222,RI,,2025-11-23_12h48.42.760,solo-project,,2025.1.1,60.037992044092626,2025-11-23 12h48.52.362078 +0530,
C:\Users\RIYA MANIYAR\OneDrive\Desktop\Lab in Psycholgy\Solo-project Gaze Cue\stimuli\gaze_image\rightgaze.png,-0.5,0,invalid,C:\Users\RIYA MANIYAR\OneDrive\Desktop\Lab in Psycholgy\Solo-project Gaze Cue\stimuli\target\women neutral face.JPG,118,6,14,[np.float64(-0.4861111111111111)],[np.float64(-0.03611111111111111)],[1],[0],[0],[0.6148484000004828],['targ'],14,6,118,7,235.52582249999978,,,,235.51298190001398,235.52582249999978,235.9094497000333,235.92062610003632,235.92635190003784,236.92536690004636,1.0128496999968775,236.94188400002895,237.54333060001954,[np.float64(-0.4861111111111111)],[np.float64(-0.03611111111111111)],[1],[0],[0],[0.6148484000004828],['targ'],235.92635190003784,RI,,2025-11-23_12h48.42.760,solo-project,,2025.1.1,60.037992044092626,2025-11-23 12h48.52.362078 +0530,
C:\Users\RIYA MANIYAR\OneDrive\Desktop\Lab in Psycholgy\Solo-project Gaze Cue\stimuli\gaze_image\rightgaze.png,-0.5,0,invalid,C:\Users\RIYA MANIYAR\OneDrive\Desktop\Lab in Psycholgy\Solo-project Gaze Cue\stimuli\target\men neutral face.JPG,119,7,14,[np.float64(-0.5194444444444445)],[np.float64(-0.004629629629629629)],[1],[0],[0],[0.5864372000214644],['targ'],14,7,119,3,237.55765440000687,,,,237.54379190003965,237.55765440000687,237.9410764000495,237.95155110000633,237.9574706000276,238.95655170001555,1.013158499961719,238.95655170001555,239.54332080000313,[np.float64(-0.5194444444444445)],[np.float64(-0.004629629629629629)],[1],[0],[0],[0.5864372000214644],['targ'],237.9574706000276,RI,,2025-11-23_12h48.42.760,solo-project,,2025.1.1,60.037992044092626,2025-11-23 12h48.52.362078 +0530,
