reward_today,future_reward,delay,thisN,thisTrialN,thisRepN,key_resp.keys,key_resp.rt,key_resp.duration,trials.thisRepN,trials.thisTrialN,trials.thisN,trials.thisIndex,thisRow.t,notes,trial.started,fixation.started,text.started,key_resp.started,fixation.stopped,trial.stopped,trials.key_resp.keys,trials.key_resp.rt,trials.key_resp.duration,participant,session,date,expName,expVersion,psychopyVersion,frameRate,expStart
19,79,43,0,0,0,l,4.1655917,None,0,0,0,24,0.2141664,,0.2097954,0.2141664,1.0096808,1.0096808,1.226198,5.2232228,l,4.1655917,None,RIM,1,2025-11-06_12h36.40.596,delay discounting,,2025.1.1,60.12122845,2025-11-06 12h36.58.492478 +0530
4,92,98,1,1,0,l,0.9108335,None,0,1,1,5,5.2304183,,5.2279665,5.2304183,6.2389739,6.2389739,6.2389739,7.1549716,l,0.9108335,None,RIM,1,2025-11-06_12h36.40.596,delay discounting,,2025.1.1,60.12122845,2025-11-06 12h36.58.492478 +0530
34,88,112,2,2,0,t,1.9671011,None,0,2,2,46,7.1712151,,7.1578113,7.1712151,8.1539425,8.1539425,8.1704465,10.135941,t,1.9671011,None,RIM,1,2025-11-06_12h36.40.596,delay discounting,,2025.1.1,60.12122845,2025-11-06 12h36.58.492478 +0530
35,52,122,3,3,0,t,1.6319106,None,0,3,3,67,10.1521288,,10.1402445,10.1521288,11.1514714,11.1514714,11.1514714,12.8006257,t,1.6319106,None,RIM,1,2025-11-06_12h36.40.596,delay discounting,,2025.1.1,60.12122845,2025-11-06 12h36.58.492478 +0530
38,96,90,4,4,0,l,1.5747,None,0,4,4,8,12.8165425,,12.8052401,12.8165425,13.8157642,13.8157642,13.8157642,15.3983438,l,1.5747,None,RIM,1,2025-11-06_12h36.40.596,delay discounting,,2025.1.1,60.12122845,2025-11-06 12h36.58.492478 +0530
48,74,94,5,5,0,t,1.4234544,None,0,5,5,76,15.4144525,,15.4015649,15.4144525,16.4137318,16.4137318,16.4137318,17.846286,t,1.4234544,None,RIM,1,2025-11-06_12h36.40.596,delay discounting,,2025.1.1,60.12122845,2025-11-06 12h36.58.492478 +0530
37,93,131,6,6,0,l,1.2124586,None,0,6,6,99,17.8622827,,17.8488579,17.8622827,18.8614988,18.8614988,18.8614988,20.0779887,l,1.2124586,None,RIM,1,2025-11-06_12h36.40.596,delay discounting,,2025.1.1,60.12122845,2025-11-06 12h36.58.492478 +0530
39,82,120,7,7,0,l,1.1367039,None,0,7,7,45,20.0940611,,20.0821494,20.0940611,21.0932092,21.0932092,21.0932092,22.2424955,l,1.1367039,None,RIM,1,2025-11-06_12h36.40.596,delay discounting,,2025.1.1,60.12122845,2025-11-06 12h36.58.492478 +0530
41,77,61,8,8,0,l,1.1675342,None,0,8,8,85,22.259014,,22.2448911,22.259014,23.2581873,23.2581873,23.2581873,24.4406789,l,1.1675342,None,RIM,1,2025-11-06_12h36.40.596,delay discounting,,2025.1.1,60.12122845,2025-11-06 12h36.58.492478 +0530
32,66,85,9,9,0,t,1.1083227,None,0,9,9,31,24.4569851,,24.4437265,24.4569851,25.439953,25.439953,25.4565003,26.5560345,t,1.1083227,None,RIM,1,2025-11-06_12h36.40.596,delay discounting,,2025.1.1,60.12122845,2025-11-06 12h36.58.492478 +0530
34,61,70,10,10,0,t,1.9396843,None,0,10,10,34,26.5720829,,26.5598163,26.5720829,27.5711742,27.5711742,27.5711742,29.5202664,t,1.9396843,None,RIM,1,2025-11-06_12h36.40.596,delay discounting,,2025.1.1,60.12122845,2025-11-06 12h36.58.492478 +0530
42,68,123,11,11,0,t,1.7451878,None,0,11,11,75,29.5363699,,29.5231199,29.5363699,30.5355998,30.5355998,30.5355998,32.2860465,t,1.7451878,None,RIM,1,2025-11-06_12h36.40.596,delay discounting,,2025.1.1,60.12122845,2025-11-06 12h36.58.492478 +0530
9,70,96,12,12,0,l,1.114869,None,0,12,12,90,32.3016954,,32.293185,32.3016954,33.2998944,33.2998944,33.3166042,34.4162269,l,1.114869,None,RIM,1,2025-11-06_12h36.40.596,delay discounting,,2025.1.1,60.12122845,2025-11-06 12h36.58.492478 +0530
33,51,73,13,13,0,t,1.5494457,None,0,13,13,83,34.4324365,,34.4198111,34.4324365,35.4314863,35.4314863,35.4314863,36.9973738,t,1.5494457,None,RIM,1,2025-11-06_12h36.40.596,delay discounting,,2025.1.1,60.12122845,2025-11-06 12h36.58.492478 +0530
21,82,35,14,14,0,l,1.2074729,None,0,14,14,72,37.0137862,,37.0009466,37.0137862,38.0128525,38.0128525,38.0295482,39.2290035,l,1.2074729,None,RIM,1,2025-11-06_12h36.40.596,delay discounting,,2025.1.1,60.12122845,2025-11-06 12h36.58.492478 +0530
1,88,93,15,15,0,l,0.9464269,None,0,15,15,47,39.2448297,,39.2344939,39.2448297,40.2443324,40.2443324,40.2443324,41.1941268,l,0.9464269,None,RIM,1,2025-11-06_12h36.40.596,delay discounting,,2025.1.1,60.12122845,2025-11-06 12h36.58.492478 +0530
11,58,89,16,16,0,t,1.7371668,None,0,16,16,0,41.2102815,,41.1999625,41.2102815,42.2092324,42.2092324,42.226147,43.9580352,t,1.7371668,None,RIM,1,2025-11-06_12h36.40.596,delay discounting,,2025.1.1,60.12122845,2025-11-06 12h36.58.492478 +0530
25,96,47,17,17,0,t,1.026389,None,0,17,17,27,43.9743766,,43.9624839,43.9743766,44.9571417,44.9571417,44.9737953,45.9896844,t,1.026389,None,RIM,1,2025-11-06_12h36.40.596,delay discounting,,2025.1.1,60.12122845,2025-11-06 12h36.58.492478 +0530
10,83,93,18,18,0,l,1.5995048,None,0,18,18,10,46.0059418,,45.9922375,46.0059418,46.9887773,46.9887773,47.0054377,48.604377,l,1.5995048,None,RIM,1,2025-11-06_12h36.40.596,delay discounting,,2025.1.1,60.12122845,2025-11-06 12h36.58.492478 +0530
22,88,100,19,19,0,l,3.1753266,None,0,19,19,55,48.6206457,,48.6072266,48.6206457,49.6199054,49.6199054,49.6199054,52.8006011,l,3.1753266,None,RIM,1,2025-11-06_12h36.40.596,delay discounting,,2025.1.1,60.12122845,2025-11-06 12h36.58.492478 +0530
22,77,97,20,20,0,l,0.717143,None,0,20,20,96,52.8171123,,52.8029744,52.8171123,53.8163944,53.8163944,53.8163944,54.5499016,l,0.717143,None,RIM,1,2025-11-06_12h36.40.596,delay discounting,,2025.1.1,60.12122845,2025-11-06 12h36.58.492478 +0530
5,85,125,21,21,0,l,0.66251,None,0,21,21,61,54.5657889,,54.5552808,54.5657889,55.5651011,55.5651011,55.5651011,56.2318385,l,0.66251,None,RIM,1,2025-11-06_12h36.40.596,delay discounting,,2025.1.1,60.12122845,2025-11-06 12h36.58.492478 +0530
36,68,74,22,22,0,l,0.9190829,None,0,22,22,65,56.2475623,,56.2365793,56.2475623,57.2466881,57.2466881,57.2466881,58.179838,l,0.9190829,None,RIM,1,2025-11-06_12h36.40.596,delay discounting,,2025.1.1,60.12122845,2025-11-06 12h36.58.492478 +0530
3,85,74,23,23,0,l,0.6409489,None,0,23,23,20,58.1959833,,58.1826708,58.1959833,59.1952082,59.1952082,59.1952082,59.8453374,l,0.6409489,None,RIM,1,2025-11-06_12h36.40.596,delay discounting,,2025.1.1,60.12122845,2025-11-06 12h36.58.492478 +0530
25,81,126,24,24,0,t,1.336535,None,0,24,24,79,59.8615491,,59.8490225,59.8615491,60.8607596,60.8607596,60.8607596,62.2099906,t,1.336535,None,RIM,1,2025-11-06_12h36.40.596,delay discounting,,2025.1.1,60.12122845,2025-11-06 12h36.58.492478 +0530
34,91,37,25,25,0,t,1.1353841,None,0,25,25,87,62.2259556,,62.2140051,62.2259556,63.2250557,63.2250557,63.2250557,64.374811,t,1.1353841,None,RIM,1,2025-11-06_12h36.40.596,delay discounting,,2025.1.1,60.12122845,2025-11-06 12h36.58.492478 +0530
17,78,73,26,26,0,l,1.8488572,None,0,26,26,18,64.3908334,,64.3804379,64.3908334,65.3906152,65.3906152,65.3906152,67.2556774,l,1.8488572,None,RIM,1,2025-11-06_12h36.40.596,delay discounting,,2025.1.1,60.12122845,2025-11-06 12h36.58.492478 +0530
45,73,69,27,27,0,t,1.6665749,None,0,27,27,38,67.2719619,,67.2600801,67.2719619,68.2710792,68.2710792,68.2710792,69.9539006,t,1.6665749,None,RIM,1,2025-11-06_12h36.40.596,delay discounting,,2025.1.1,60.12122845,2025-11-06 12h36.58.492478 +0530
42,52,101,28,28,0,t,0.9454102,None,0,28,28,70,69.9693878,,69.9589816,69.9693878,70.9689641,70.9689641,70.9689641,71.9180583,t,0.9454102,None,RIM,1,2025-11-06_12h36.40.596,delay discounting,,2025.1.1,60.12122845,2025-11-06 12h36.58.492478 +0530
20,94,116,29,29,0,l,0.8129651,None,0,29,29,66,71.9349082,,71.9203724,71.9349082,72.917172,72.917172,72.9504801,73.7339799,l,0.8129651,None,RIM,1,2025-11-06_12h36.40.596,delay discounting,,2025.1.1,60.12122845,2025-11-06 12h36.58.492478 +0530
1,62,47,30,30,0,l,0.6174163,None,0,30,30,33,73.7498853,,73.7378502,73.7498853,74.7494202,74.7494202,74.7494202,75.3821579,l,0.6174163,None,RIM,1,2025-11-06_12h36.40.596,delay discounting,,2025.1.1,60.12122845,2025-11-06 12h36.58.492478 +0530
25,72,41,31,31,0,l,1.7010955,None,0,31,31,26,75.3984177,,75.3848805,75.3984177,76.3813443,76.3813443,76.3978886,78.0970936,l,1.7010955,None,RIM,1,2025-11-06_12h36.40.596,delay discounting,,2025.1.1,60.12122845,2025-11-06 12h36.58.492478 +0530
26,79,79,32,32,0,l,0.9655952,None,0,32,32,44,78.1128318,,78.099275,78.1128318,79.1122175,79.1122175,79.1122175,80.0787208,l,0.9655952,None,RIM,1,2025-11-06_12h36.40.596,delay discounting,,2025.1.1,60.12122845,2025-11-06 12h36.58.492478 +0530
1,59,137,33,33,0,t,0.7787501,None,0,33,33,4,80.0946773,,80.0831352,80.0946773,81.0941065,81.0941065,81.0941065,81.8770609,t,0.7787501,None,RIM,1,2025-11-06_12h36.40.596,delay discounting,,2025.1.1,60.12122845,2025-11-06 12h36.58.492478 +0530
18,99,74,34,34,0,l,2.8673398,None,0,34,34,52,81.8931789,,81.8813556,81.8931789,82.8926943,82.8926943,82.8926943,85.7736369,l,2.8673398,None,RIM,1,2025-11-06_12h36.40.596,delay discounting,,2025.1.1,60.12122845,2025-11-06 12h36.58.492478 +0530
23,87,143,35,35,0,l,2.9951705,None,0,35,35,12,85.7900042,,85.7762404,85.7900042,86.7893356,86.7893356,86.7893356,89.787359,l,2.9951705,None,RIM,1,2025-11-06_12h36.40.596,delay discounting,,2025.1.1,60.12122845,2025-11-06 12h36.58.492478 +0530
38,56,108,36,36,0,l,3.2036335,None,0,36,36,51,89.8034724,,89.7901597,89.8034724,90.8026524,90.8026524,90.8026524,94.0170188,l,3.2036335,None,RIM,1,2025-11-06_12h36.40.596,delay discounting,,2025.1.1,60.12122845,2025-11-06 12h36.58.492478 +0530
37,56,135,37,37,0,t,0.0544201,None,0,37,37,50,94.0330735,,94.0203066,94.0330735,95.0324799,95.0324799,95.0324799,95.0994418,t,0.0544201,None,RIM,1,2025-11-06_12h36.40.596,delay discounting,,2025.1.1,60.12122845,2025-11-06 12h36.58.492478 +0530
38,99,100,38,38,0,t,0.2219441,None,0,38,38,11,95.1157691,,95.104112,95.1157691,96.1147809,96.1147809,96.1316757,96.3483295,t,0.2219441,None,RIM,1,2025-11-06_12h36.40.596,delay discounting,,2025.1.1,60.12122845,2025-11-06 12h36.58.492478 +0530
3,80,63,39,39,0,l,1.4168971,None,0,39,39,84,96.3647876,,96.3530337,96.3647876,97.3639828,97.3639828,97.3639828,98.7966076,l,1.4168971,None,RIM,1,2025-11-06_12h36.40.596,delay discounting,,2025.1.1,60.12122845,2025-11-06 12h36.58.492478 +0530
44,75,56,40,40,0,t,1.7237007,None,0,40,40,37,98.8126578,,98.8017082,98.8126578,99.8117767,99.8117767,99.8117767,101.5441412,t,1.7237007,None,RIM,1,2025-11-06_12h36.40.596,delay discounting,,2025.1.1,60.12122845,2025-11-06 12h36.58.492478 +0530
35,69,92,41,41,0,t,0.9594988,None,0,41,41,53,101.5603745,,101.5485969,101.5603745,102.5595468,102.5595468,102.5595468,103.5257992,t,0.9594988,None,RIM,1,2025-11-06_12h36.40.596,delay discounting,,2025.1.1,60.12122845,2025-11-06 12h36.58.492478 +0530
41,73,121,42,42,0,t,1.1850599,None,0,42,42,71,103.5419434,,103.5289255,103.5419434,104.5412664,104.5412664,104.5412664,105.7407262,t,1.1850599,None,RIM,1,2025-11-06_12h36.40.596,delay discounting,,2025.1.1,60.12122845,2025-11-06 12h36.58.492478 +0530
36,57,118,43,43,0,t,0.6603768,None,0,43,43,89,105.756838,,105.7453635,105.756838,106.756157,106.756157,106.756157,107.4227112,t,0.6603768,None,RIM,1,2025-11-06_12h36.40.596,delay discounting,,2025.1.1,60.12122845,2025-11-06 12h36.58.492478 +0530
5,74,145,44,44,0,l,0.6032064,None,0,44,44,73,107.4387065,,107.4284792,107.4387065,108.4379478,108.4379478,108.4379478,109.0548223,l,0.6032064,None,RIM,1,2025-11-06_12h36.40.596,delay discounting,,2025.1.1,60.12122845,2025-11-06 12h36.58.492478 +0530
7,67,115,45,45,0,l,0.8358384,None,0,45,45,16,109.0708418,,109.0582502,109.0708418,110.0698064,110.0698064,110.0698064,110.9193861,l,0.8358384,None,RIM,1,2025-11-06_12h36.40.596,delay discounting,,2025.1.1,60.12122845,2025-11-06 12h36.58.492478 +0530
13,63,59,46,46,0,t,1.1225487,None,0,46,46,2,110.9357897,,110.9217512,110.9357897,111.9351441,111.9351441,111.9351441,113.0679824,t,1.1225487,None,RIM,1,2025-11-06_12h36.40.596,delay discounting,,2025.1.1,60.12122845,2025-11-06 12h36.58.492478 +0530
49,85,125,47,47,0,t,0.2604859,None,0,47,47,59,113.0840573,,113.0715882,113.0840573,114.0832954,114.0832954,114.0832954,114.3499975,t,0.2604859,None,RIM,1,2025-11-06_12h36.40.596,delay discounting,,2025.1.1,60.12122845,2025-11-06 12h36.58.492478 +0530
44,94,90,48,48,0,t,1.3346991,None,0,48,48,95,114.3663521,,114.3526802,114.3663521,115.3657456,115.3657456,115.3657456,116.7154058,t,1.3346991,None,RIM,1,2025-11-06_12h36.40.596,delay discounting,,2025.1.1,60.12122845,2025-11-06 12h36.58.492478 +0530
6,82,99,49,49,0,t,0.2608433,None,0,49,49,14,116.7310331,,116.7196565,116.7310331,117.7301884,117.7301884,117.7301884,117.9972139,t,0.2608433,None,RIM,1,2025-11-06_12h36.40.596,delay discounting,,2025.1.1,60.12122845,2025-11-06 12h36.58.492478 +0530
43,75,128,50,50,0,t,0.6545806,None,0,50,50,93,118.0133369,,117.9999461,118.0133369,119.0128174,119.0128174,119.0128174,119.6792656,t,0.6545806,None,RIM,1,2025-11-06_12h36.40.596,delay discounting,,2025.1.1,60.12122845,2025-11-06 12h36.58.492478 +0530
13,62,88,51,51,0,l,0.9871196,None,0,51,51,39,119.6952077,,119.68405,119.6952077,120.6944428,120.6944428,120.6944428,121.6944349,l,0.9871196,None,RIM,1,2025-11-06_12h36.40.596,delay discounting,,2025.1.1,60.12122845,2025-11-06 12h36.58.492478 +0530
8,85,60,52,52,0,l,1.3271846,None,0,52,52,54,121.71042,,121.6977725,121.71042,122.7096462,122.7096462,122.7096462,124.0426019,l,1.3271846,None,RIM,1,2025-11-06_12h36.40.596,delay discounting,,2025.1.1,60.12122845,2025-11-06 12h36.58.492478 +0530
2,64,61,53,53,0,l,0.9723891,None,0,53,53,35,124.0584081,,124.0460365,124.0584081,125.0576947,125.0576947,125.0576947,126.0405981,l,0.9723891,None,RIM,1,2025-11-06_12h36.40.596,delay discounting,,2025.1.1,60.12122845,2025-11-06 12h36.58.492478 +0530
15,100,121,54,54,0,l,1.7338212,None,0,54,54,63,126.0567164,,126.043998,126.0567164,127.0561575,127.0561575,127.0561575,128.8046092,l,1.7338212,None,RIM,1,2025-11-06_12h36.40.596,delay discounting,,2025.1.1,60.12122845,2025-11-06 12h36.58.492478 +0530
25,97,148,55,55,0,t,0.8417652,None,0,55,55,25,128.8214285,,128.8074444,128.8214285,129.8036356,129.8036356,129.8370782,130.6538784,t,0.8417652,None,RIM,1,2025-11-06_12h36.40.596,delay discounting,,2025.1.1,60.12122845,2025-11-06 12h36.58.492478 +0530
45,89,48,56,56,0,l,2.0091492,None,0,56,56,22,130.6696732,,130.6591768,130.6696732,131.6690734,131.6690734,131.6690734,133.6845896,l,2.0091492,None,RIM,1,2025-11-06_12h36.40.596,delay discounting,,2025.1.1,60.12122845,2025-11-06 12h36.58.492478 +0530
30,67,64,57,57,0,l,2.857245,None,0,57,57,60,133.7006442,,133.6873147,133.7006442,134.6999581,134.6999581,134.6999581,137.5646136,l,2.857245,None,RIM,1,2025-11-06_12h36.40.596,delay discounting,,2025.1.1,60.12122845,2025-11-06 12h36.58.492478 +0530
50,68,34,58,58,0,t,0.9561685,None,0,58,58,69,137.5807379,,137.5671753,137.5807379,138.580228,138.580228,138.580228,139.5466535,t,0.9561685,None,RIM,1,2025-11-06_12h36.40.596,delay discounting,,2025.1.1,60.12122845,2025-11-06 12h36.58.492478 +0530
13,74,110,59,59,0,l,0.9294622,None,0,59,59,78,139.5623426,,139.5524763,139.5623426,140.5617533,140.5617533,140.5617533,141.4949386,l,0.9294622,None,RIM,1,2025-11-06_12h36.40.596,delay discounting,,2025.1.1,60.12122845,2025-11-06 12h36.58.492478 +0530
3,92,57,60,60,0,l,0.710723,None,0,60,60,74,141.51068,,141.500545,141.51068,142.5099927,142.5099927,142.5099927,143.2270067,l,0.710723,None,RIM,1,2025-11-06_12h36.40.596,delay discounting,,2025.1.1,60.12122845,2025-11-06 12h36.58.492478 +0530
44,90,115,61,61,0,t,0.8171792,None,0,61,61,42,143.2427367,,143.2328292,143.2427367,144.2418203,144.2418203,144.2418203,145.0752382,t,0.8171792,None,RIM,1,2025-11-06_12h36.40.596,delay discounting,,2025.1.1,60.12122845,2025-11-06 12h36.58.492478 +0530
19,58,61,62,62,0,l,2.266883,None,0,62,62,40,145.0912245,,145.0795903,145.0912245,146.0905595,146.0905595,146.0905595,148.3723923,l,2.266883,None,RIM,1,2025-11-06_12h36.40.596,delay discounting,,2025.1.1,60.12122845,2025-11-06 12h36.58.492478 +0530
49,94,57,63,63,0,t,0.6416712,None,0,63,63,97,148.3885535,,148.3769644,148.3885535,149.3876191,149.3876191,149.3876191,150.0378829,t,0.6416712,None,RIM,1,2025-11-06_12h36.40.596,delay discounting,,2025.1.1,60.12122845,2025-11-06 12h36.58.492478 +0530
6,54,46,64,64,0,l,0.8189792,None,0,64,64,6,150.0536494,,150.0432949,150.0536494,151.0529706,151.0529706,151.0529706,151.8864355,l,0.8189792,None,RIM,1,2025-11-06_12h36.40.596,delay discounting,,2025.1.1,60.12122845,2025-11-06 12h36.58.492478 +0530
33,71,76,65,65,0,t,0.7459512,None,0,65,65,48,151.9021014,,151.8923659,151.9021014,152.901437,152.901437,152.901437,153.6512941,t,0.7459512,None,RIM,1,2025-11-06_12h36.40.596,delay discounting,,2025.1.1,60.12122845,2025-11-06 12h36.58.492478 +0530
34,78,145,66,66,0,t,0.7352836,None,0,66,66,21,153.6676356,,153.6534869,153.6676356,154.6666546,154.6666546,154.6834632,155.4167456,t,0.7352836,None,RIM,1,2025-11-06_12h36.40.596,delay discounting,,2025.1.1,60.12122845,2025-11-06 12h36.58.492478 +0530
25,92,142,67,67,0,t,2.9959828,None,0,67,67,94,155.4325847,,155.4226153,155.4325847,156.4320623,156.4320623,156.4320623,159.4300106,t,2.9959828,None,RIM,1,2025-11-06_12h36.40.596,delay discounting,,2025.1.1,60.12122845,2025-11-06 12h36.58.492478 +0530
50,59,147,68,68,0,t,1.295229,None,0,68,68,7,159.4458531,,159.4349664,159.4458531,160.4452455,160.4452455,160.4452455,161.7449172,t,1.295229,None,RIM,1,2025-11-06_12h36.40.596,delay discounting,,2025.1.1,60.12122845,2025-11-06 12h36.58.492478 +0530
43,77,60,69,69,0,t,0.6258983,None,0,69,69,91,161.7607297,,161.749672,161.7607297,162.759991,162.759991,162.759991,163.3936237,t,0.6258983,None,RIM,1,2025-11-06_12h36.40.596,delay discounting,,2025.1.1,60.12122845,2025-11-06 12h36.58.492478 +0530
31,68,56,70,70,0,t,1.4100712,None,0,70,70,41,163.4094183,,163.3995941,163.4094183,164.4087669,164.4087669,164.4087669,165.8248596,t,1.4100712,None,RIM,1,2025-11-06_12h36.40.596,delay discounting,,2025.1.1,60.12122845,2025-11-06 12h36.58.492478 +0530
5,52,94,71,71,0,l,0.7996133,None,0,71,71,81,165.8406409,,165.8307138,165.8406409,166.840063,166.840063,166.840063,167.6562384,l,0.7996133,None,RIM,1,2025-11-06_12h36.40.596,delay discounting,,2025.1.1,60.12122845,2025-11-06 12h36.58.492478 +0530
41,93,115,72,72,0,t,2.9912558,None,0,72,72,49,167.6724975,,167.6584509,167.6724975,168.6718433,168.6718433,168.6718433,171.6700512,t,2.9912558,None,RIM,1,2025-11-06_12h36.40.596,delay discounting,,2025.1.1,60.12122845,2025-11-06 12h36.58.492478 +0530
6,81,38,73,73,0,l,1.667634,None,0,73,73,23,171.6858264,,171.6737205,171.6858264,172.6850453,172.6850453,172.6850453,174.3678123,l,1.667634,None,RIM,1,2025-11-06_12h36.40.596,delay discounting,,2025.1.1,60.12122845,2025-11-06 12h36.58.492478 +0530
3,76,37,74,74,0,l,1.1213904,None,0,74,74,17,174.3837032,,174.3731125,174.3837032,175.3829318,175.3829318,175.3829318,176.5157714,l,1.1213904,None,RIM,1,2025-11-06_12h36.40.596,delay discounting,,2025.1.1,60.12122845,2025-11-06 12h36.58.492478 +0530
9,68,69,75,75,0,l,1.2244072,None,0,75,75,98,176.5319044,,176.5194916,176.5319044,177.5309171,177.5309171,177.5309171,178.7639766,l,1.2244072,None,RIM,1,2025-11-06_12h36.40.596,delay discounting,,2025.1.1,60.12122845,2025-11-06 12h36.58.492478 +0530
8,63,60,76,76,0,l,2.3972914,None,0,76,76,29,178.7800578,,178.7687232,178.7800578,179.7792359,179.7792359,179.7792359,182.1778749,l,2.3972914,None,RIM,1,2025-11-06_12h36.40.596,delay discounting,,2025.1.1,60.12122845,2025-11-06 12h36.58.492478 +0530
18,100,69,77,77,0,l,2.58255,None,0,77,77,13,182.1939299,,182.1841872,182.1939299,183.1930893,183.1930893,183.1930893,185.7917025,l,2.58255,None,RIM,1,2025-11-06_12h36.40.596,delay discounting,,2025.1.1,60.12122845,2025-11-06 12h36.58.492478 +0530
8,83,91,78,78,0,l,1.5022221,None,0,78,78,30,185.8078415,,185.7950165,185.8078415,186.8071545,186.8071545,186.8071545,188.3230602,l,1.5022221,None,RIM,1,2025-11-06_12h36.40.596,delay discounting,,2025.1.1,60.12122845,2025-11-06 12h36.58.492478 +0530
50,79,129,79,79,0,t,1.0625098,None,0,79,79,86,188.3388638,,188.3292165,188.3388638,189.3382018,189.3382018,189.3382018,190.4047378,t,1.0625098,None,RIM,1,2025-11-06_12h36.40.596,delay discounting,,2025.1.1,60.12122845,2025-11-06 12h36.58.492478 +0530
20,82,93,80,80,0,t,0.2346511,None,0,80,80,9,190.4203841,,190.4107735,190.4203841,191.4198884,191.4198884,191.4198884,191.6703372,t,0.2346511,None,RIM,1,2025-11-06_12h36.40.596,delay discounting,,2025.1.1,60.12122845,2025-11-06 12h36.58.492478 +0530
36,73,89,81,81,0,t,0.6361947,None,0,81,81,19,191.6861691,,191.6756244,191.6861691,192.6857626,192.6857626,192.6857626,193.3355908,t,0.6361947,None,RIM,1,2025-11-06_12h36.40.596,delay discounting,,2025.1.1,60.12122845,2025-11-06 12h36.58.492478 +0530
49,88,67,82,82,0,t,0.7604665,None,0,82,82,36,193.3514174,,193.3402646,193.3514174,194.3505751,194.3505751,194.3505751,195.1177172,t,0.7604665,None,RIM,1,2025-11-06_12h36.40.596,delay discounting,,2025.1.1,60.12122845,2025-11-06 12h36.58.492478 +0530
42,94,108,83,83,0,t,1.9912652,None,0,83,83,92,195.1332774,,195.1236002,195.1332774,196.1325918,196.1325918,196.1325918,198.1316779,t,1.9912652,None,RIM,1,2025-11-06_12h36.40.596,delay discounting,,2025.1.1,60.12122845,2025-11-06 12h36.58.492478 +0530
21,86,78,84,84,0,l,1.8825215,None,0,84,84,3,198.1478898,,198.1343078,198.1478898,199.1468461,199.1468461,199.1634627,201.0459182,l,1.8825215,None,RIM,1,2025-11-06_12h36.40.596,delay discounting,,2025.1.1,60.12122845,2025-11-06 12h36.58.492478 +0530
38,76,108,85,85,0,t,0.5903451,None,0,85,85,28,201.061712,,201.0494806,201.061712,202.0608422,202.0608422,202.0608422,202.6611175,t,0.5903451,None,RIM,1,2025-11-06_12h36.40.596,delay discounting,,2025.1.1,60.12122845,2025-11-06 12h36.58.492478 +0530
13,88,32,86,86,0,t,8.9264174,None,0,86,86,82,202.6770648,,202.6665219,202.6770648,203.6765557,203.6765557,203.6765557,212.6193233,t,8.9264174,None,RIM,1,2025-11-06_12h36.40.596,delay discounting,,2025.1.1,60.12122845,2025-11-06 12h36.58.492478 +0530
8,99,34,87,87,0,l,9.7314593,None,0,87,87,77,212.6355322,,212.6227807,212.6355322,213.6349539,213.6349539,213.6349539,223.3775322,l,9.7314593,None,RIM,1,2025-11-06_12h36.40.596,delay discounting,,2025.1.1,60.12122845,2025-11-06 12h36.58.492478 +0530
39,93,39,88,88,0,t,1.5491505,None,0,88,88,80,223.3931994,,223.382431,223.3931994,224.3927036,224.3927036,224.3927036,225.9582013,t,1.5491505,None,RIM,1,2025-11-06_12h36.40.596,delay discounting,,2025.1.1,60.12122845,2025-11-06 12h36.58.492478 +0530
45,78,66,89,89,0,t,1.6438159,None,0,89,89,58,225.9744099,,225.9630522,225.9744099,226.9740049,226.9740049,226.9740049,228.6235026,t,1.6438159,None,RIM,1,2025-11-06_12h36.40.596,delay discounting,,2025.1.1,60.12122845,2025-11-06 12h36.58.492478 +0530
37,68,107,90,90,0,t,1.199025,None,0,90,90,32,228.6389805,,228.6290446,228.6389805,229.638285,229.638285,229.638285,230.8380283,t,1.199025,None,RIM,1,2025-11-06_12h36.40.596,delay discounting,,2025.1.1,60.12122845,2025-11-06 12h36.58.492478 +0530
18,88,147,91,91,0,l,0.9058862,None,0,91,91,43,230.8538572,,230.842859,230.8538572,231.8531116,231.8531116,231.8531116,232.7697187,l,0.9058862,None,RIM,1,2025-11-06_12h36.40.596,delay discounting,,2025.1.1,60.12122845,2025-11-06 12h36.58.492478 +0530
22,70,48,92,92,0,t,0.6021823,None,0,92,92,15,232.7855645,,232.7734396,232.7855645,233.7849011,233.7849011,233.7849011,234.4017722,t,0.6021823,None,RIM,1,2025-11-06_12h36.40.596,delay discounting,,2025.1.1,60.12122845,2025-11-06 12h36.58.492478 +0530
25,61,58,93,93,0,l,5.1309719,None,0,93,93,56,234.417628,,234.4068453,234.417628,235.4169329,235.4169329,235.4169329,240.5627835,l,5.1309719,None,RIM,1,2025-11-06_12h36.40.596,delay discounting,,2025.1.1,60.12122845,2025-11-06 12h36.58.492478 +0530
39,83,87,94,94,0,t,3.0055858,None,0,94,94,64,240.5797508,,240.5656899,240.5797508,241.5792293,241.5792293,241.5951937,244.5931297,t,3.0055858,None,RIM,1,2025-11-06_12h36.40.596,delay discounting,,2025.1.1,60.12122845,2025-11-06 12h36.58.492478 +0530
19,57,135,95,95,0,t,1.5217535,None,0,95,95,57,244.6091682,,244.5966211,244.6091682,245.6084796,245.6084796,245.6084796,247.1411633,t,1.5217535,None,RIM,1,2025-11-06_12h36.40.596,delay discounting,,2025.1.1,60.12122845,2025-11-06 12h36.58.492478 +0530
6,74,147,96,96,0,l,0.9186759,None,0,96,96,62,247.1570538,,247.1452978,247.1570538,248.1564489,248.1564489,248.1564489,249.0903139,l,0.9186759,None,RIM,1,2025-11-06_12h36.40.596,delay discounting,,2025.1.1,60.12122845,2025-11-06 12h36.58.492478 +0530
17,87,149,97,97,0,t,0.8565024,None,0,97,97,68,249.1054294,,249.0935236,249.1054294,250.1046067,250.1046067,250.1046067,250.9716874,t,0.8565024,None,RIM,1,2025-11-06_12h36.40.596,delay discounting,,2025.1.1,60.12122845,2025-11-06 12h36.58.492478 +0530
43,85,91,98,98,0,t,1.38345,None,0,98,98,88,250.987193,,250.9743255,250.987193,251.9865191,251.9865191,251.9865191,253.3862401,t,1.38345,None,RIM,1,2025-11-06_12h36.40.596,delay discounting,,2025.1.1,60.12122845,2025-11-06 12h36.58.492478 +0530
45,78,81,99,99,0,t,1.7055495,None,0,99,99,1,253.4020048,,253.390979,253.4020048,254.4012087,254.4012087,254.4012087,256.1169867,t,1.7055495,None,RIM,1,2025-11-06_12h36.40.596,delay discounting,,2025.1.1,60.12122845,2025-11-06 12h36.58.492478 +0530
