pos,corr_resp,thisN,thisTrialN,thisRepN,key_resp.keys,key_resp.corr,key_resp.rt,key_resp.duration,trials.thisRepN,trials.thisTrialN,trials.thisN,trials.thisIndex,trials_2.thisRepN,trials_2.thisTrialN,trials_2.thisN,trials_2.thisIndex,thisRow.t,notes,trial.started,fixation.started,line1.started,line2.started,line3.started,line4.started,fixation.stopped,probe.started,key_resp.started,trial.stopped,trials.key_resp.keys,trials.key_resp.corr,trials.key_resp.rt,trials.key_resp.duration,trials_2.key_resp.keys,trials_2.key_resp.corr,trials_2.key_resp.rt,trials_2.key_resp.duration,participant,session,date,expName,expVersion,psychopyVersion,frameRate,expStart
-50,x,0,0,0,x,1,0.5560525,None,0,0,0,0,,,,,0.0178242,,0.0141703,0.0178242,1.0120546,1.0120546,1.0120546,1.0120546,1.0286187,2.0112279,2.0112279,2.5894936,x,1,0.5560525,None,,,,,RIM,1,2025-10-03_23h00.03.759,Motor Sequence Learning,,2025.1.1,60.05897791,2025-10-03 23h00.13.764823 +0530
150,v,1,1,0,v,1,0.8498304,None,0,1,1,1,,,,,2.5941218,,2.5897405,2.5941218,3.5932718,3.5932718,3.5932718,3.5932718,3.6098455,4.5924106,4.5924106,5.4593341,v,1,0.8498304,None,,,,,RIM,1,2025-10-03_23h00.03.759,Motor Sequence Learning,,2025.1.1,60.05897791,2025-10-03 23h00.13.764823 +0530
50,c,2,2,0,c,1,0.3310893,None,0,2,2,2,,,,,5.4749387,,5.4595988,5.4749387,6.474244,6.474244,6.474244,6.474244,6.474244,7.4735069,7.4735069,7.8067333,c,1,0.3310893,None,,,,,RIM,1,2025-10-03_23h00.03.759,Motor Sequence Learning,,2025.1.1,60.05897791,2025-10-03 23h00.13.764823 +0530
-150,z,3,3,0,z,1,0.2736511,None,0,3,3,3,,,,,7.8229257,,7.8069822,7.8229257,8.8055589,8.8055589,8.8055589,8.8055589,8.8221416,9.8214417,9.8214417,10.1048483,z,1,0.2736511,None,,,,,RIM,1,2025-10-03_23h00.03.759,Motor Sequence Learning,,2025.1.1,60.05897791,2025-10-03 23h00.13.764823 +0530
-50,x,4,0,1,x,1,0.2737382,None,1,0,4,0,,,,,10.1212844,,10.1051047,10.1212844,11.1203776,11.1203776,11.1203776,11.1203776,11.1203776,12.1195433,12.1195433,12.4030069,x,1,0.2737382,None,,,,,RIM,1,2025-10-03_23h00.03.759,Motor Sequence Learning,,2025.1.1,60.05897791,2025-10-03 23h00.13.764823 +0530
150,v,5,1,1,v,1,0.2948677,None,1,1,5,1,,,,,12.4190742,,12.403271,12.4190742,13.418498,13.418498,13.418498,13.418498,13.418498,14.4177803,14.4177803,14.7174796,v,1,0.2948677,None,,,,,RIM,1,2025-10-03_23h00.03.759,Motor Sequence Learning,,2025.1.1,60.05897791,2025-10-03 23h00.13.764823 +0530
50,c,6,2,1,c,1,0.0962301,None,1,2,6,2,,,,,14.7339677,,14.7177149,14.7339677,15.716604,15.716604,15.716604,15.716604,15.7331949,16.7324985,16.7324985,16.8327142,c,1,0.0962301,None,,,,,RIM,1,2025-10-03_23h00.03.759,Motor Sequence Learning,,2025.1.1,60.05897791,2025-10-03 23h00.13.764823 +0530
-150,z,7,3,1,z,1,0.2149683,None,1,3,7,3,,,,,16.8490466,,16.8330014,16.8490466,17.8481356,17.8481356,17.8481356,17.8481356,17.8481356,18.8473295,18.8473295,19.0641953,z,1,0.2149683,None,,,,,RIM,1,2025-10-03_23h00.03.759,Motor Sequence Learning,,2025.1.1,60.05897791,2025-10-03 23h00.13.764823 +0530
-50,x,8,0,2,x,1,0.2536912,None,2,0,8,0,,,,,19.0805591,,19.0644471,19.0805591,20.0796313,20.0796313,20.0796313,20.0796313,20.0796313,21.0787823,21.0787823,21.3456229,x,1,0.2536912,None,,,,,RIM,1,2025-10-03_23h00.03.759,Motor Sequence Learning,,2025.1.1,60.05897791,2025-10-03 23h00.13.764823 +0530
150,v,9,1,2,v,1,0.2935926,None,2,1,9,1,,,,,21.3618868,,21.3458692,21.3618868,22.360988,22.360988,22.360988,22.360988,22.360988,23.3604475,23.3604475,23.660541,v,1,0.2935926,None,,,,,RIM,1,2025-10-03_23h00.03.759,Motor Sequence Learning,,2025.1.1,60.05897791,2025-10-03 23h00.13.764823 +0530
50,c,10,2,2,c,1,0.4423767,None,2,2,10,2,,,,,23.676828,,23.6608819,23.676828,24.6759449,24.6759449,24.6759449,24.6759449,24.6759449,25.6751336,25.6751336,26.125042,c,1,0.4423767,None,,,,,RIM,1,2025-10-03_23h00.03.759,Motor Sequence Learning,,2025.1.1,60.05897791,2025-10-03 23h00.13.764823 +0530
-150,z,11,3,2,z,1,0.3111122,None,2,3,11,3,,,,,26.1413345,,26.1252839,26.1413345,27.1406173,27.1406173,27.1406173,27.1406173,27.1406173,28.1396768,28.1396768,28.4568186,z,1,0.3111122,None,,,,,RIM,1,2025-10-03_23h00.03.759,Motor Sequence Learning,,2025.1.1,60.05897791,2025-10-03 23h00.13.764823 +0530
-50,x,12,0,3,x,1,0.3507856,None,3,0,12,0,,,,,28.4727532,,28.457301,28.4727532,29.4719971,29.4719971,29.4719971,29.4719971,29.4719971,30.4712111,30.4712111,30.8379237,x,1,0.3507856,None,,,,,RIM,1,2025-10-03_23h00.03.759,Motor Sequence Learning,,2025.1.1,60.05897791,2025-10-03 23h00.13.764823 +0530
150,v,13,1,3,v,1,0.3302334,None,3,1,13,1,,,,,30.8539911,,30.8381952,30.8539911,31.8532038,31.8532038,31.8532038,31.8532038,31.8532038,32.8524155,32.8524155,33.1858663,v,1,0.3302334,None,,,,,RIM,1,2025-10-03_23h00.03.759,Motor Sequence Learning,,2025.1.1,60.05897791,2025-10-03 23h00.13.764823 +0530
50,c,14,2,3,c,1,0.2795093,None,3,2,14,2,,,,,33.2022113,,33.1861174,33.2022113,34.2012713,34.2012713,34.2012713,34.2012713,34.2012713,35.2005342,35.2005342,35.4838678,c,1,0.2795093,None,,,,,RIM,1,2025-10-03_23h00.03.759,Motor Sequence Learning,,2025.1.1,60.05897791,2025-10-03 23h00.13.764823 +0530
-150,z,15,3,3,z,1,0.2555112,None,3,3,15,3,,,,,35.5001373,,35.4841057,35.5001373,36.4994386,36.4994386,36.4994386,36.4994386,36.4994386,37.4986483,37.4986483,37.7656295,z,1,0.2555112,None,,,,,RIM,1,2025-10-03_23h00.03.759,Motor Sequence Learning,,2025.1.1,60.05897791,2025-10-03 23h00.13.764823 +0530
-50,x,16,0,4,x,1,0.274465,None,4,0,16,0,,,,,37.7818628,,37.7659657,37.7818628,38.7809946,38.7809946,38.7809946,38.7809946,38.7809946,39.780091,39.780091,40.0635957,x,1,0.274465,None,,,,,RIM,1,2025-10-03_23h00.03.759,Motor Sequence Learning,,2025.1.1,60.05897791,2025-10-03 23h00.13.764823 +0530
150,v,17,1,4,v,1,0.3092117,None,4,1,17,1,,,,,40.0799326,,40.0638312,40.0799326,41.0791001,41.0791001,41.0791001,41.0791001,41.0791001,42.0781445,42.0781445,42.3952583,v,1,0.3092117,None,,,,,RIM,1,2025-10-03_23h00.03.759,Motor Sequence Learning,,2025.1.1,60.05897791,2025-10-03 23h00.13.764823 +0530
50,c,18,2,4,c,1,0.2756223,None,4,2,18,2,,,,,42.4113686,,42.395681,42.4113686,43.4104944,43.4104944,43.4104944,43.4104944,43.4104944,44.4099565,44.4099565,44.6932317,c,1,0.2756223,None,,,,,RIM,1,2025-10-03_23h00.03.759,Motor Sequence Learning,,2025.1.1,60.05897791,2025-10-03 23h00.13.764823 +0530
-150,z,19,3,4,z,1,0.2947885,None,4,3,19,3,,,,,44.709397,,44.6935596,44.709397,45.7085862,45.7085862,45.7085862,45.7085862,45.7085862,46.7078338,46.7078338,47.0079058,z,1,0.2947885,None,,,,,RIM,1,2025-10-03_23h00.03.759,Motor Sequence Learning,,2025.1.1,60.05897791,2025-10-03 23h00.13.764823 +0530
-50,x,20,0,5,x,1,0.3747289,None,5,0,20,0,,,,,47.0241335,,47.0083016,47.0241335,48.0233659,48.0233659,48.0233659,48.0233659,48.0233659,49.0226065,49.0226065,49.4058601,x,1,0.3747289,None,,,,,RIM,1,2025-10-03_23h00.03.759,Motor Sequence Learning,,2025.1.1,60.05897791,2025-10-03 23h00.13.764823 +0530
150,v,21,1,5,v,1,0.3802788,None,5,1,21,1,,,,,49.4221021,,49.406085,49.4221021,50.4213453,50.4213453,50.4213453,50.4213453,50.4213453,51.4213288,51.4213288,51.8041152,v,1,0.3802788,None,,,,,RIM,1,2025-10-03_23h00.03.759,Motor Sequence Learning,,2025.1.1,60.05897791,2025-10-03 23h00.13.764823 +0530
50,c,22,2,5,c,1,0.339242,None,5,2,22,2,,,,,51.820215,,51.8045005,51.820215,52.8028736,52.8028736,52.8028736,52.8028736,52.8194506,53.818835,53.818835,54.169033,c,1,0.339242,None,,,,,RIM,1,2025-10-03_23h00.03.759,Motor Sequence Learning,,2025.1.1,60.05897791,2025-10-03 23h00.13.764823 +0530
-150,z,23,3,5,z,1,0.2775486,None,5,3,23,3,,,,,54.1849495,,54.1694775,54.1849495,55.1842261,55.1842261,55.1842261,55.1842261,55.1842261,56.1834581,56.1834581,56.4671311,z,1,0.2775486,None,,,,,RIM,1,2025-10-03_23h00.03.759,Motor Sequence Learning,,2025.1.1,60.05897791,2025-10-03 23h00.13.764823 +0530
-50,x,24,0,6,x,1,0.5384979,None,6,0,24,0,,,,,56.4831348,,56.4676111,56.4831348,57.4822709,57.4822709,57.4822709,57.4822709,57.4822709,58.4815313,58.4815313,59.0317229,x,1,0.5384979,None,,,,,RIM,1,2025-10-03_23h00.03.759,Motor Sequence Learning,,2025.1.1,60.05897791,2025-10-03 23h00.13.764823 +0530
150,v,25,1,6,v,1,2.0364294,None,6,1,25,1,,,,,59.04772,,59.032174,59.04772,60.0469384,60.0469384,60.0469384,60.0469384,60.0469384,61.0461696,61.0461696,63.0949648,v,1,2.0364294,None,,,,,RIM,1,2025-10-03_23h00.03.759,Motor Sequence Learning,,2025.1.1,60.05897791,2025-10-03 23h00.13.764823 +0530
50,c,26,2,6,c,1,1.1514966,None,6,2,26,2,,,,,63.1109518,,63.0953529,63.1109518,64.1100686,64.1100686,64.1100686,64.1100686,64.1100686,65.109157,65.109157,66.2752912,c,1,1.1514966,None,,,,,RIM,1,2025-10-03_23h00.03.759,Motor Sequence Learning,,2025.1.1,60.05897791,2025-10-03 23h00.13.764823 +0530
-150,z,27,3,6,z,1,0.2930369,None,6,3,27,3,,,,,66.2916192,,66.2755244,66.2916192,67.2908875,67.2908875,67.2908875,67.2908875,67.2908875,68.2900633,68.2900633,68.5902099,z,1,0.2930369,None,,,,,RIM,1,2025-10-03_23h00.03.759,Motor Sequence Learning,,2025.1.1,60.05897791,2025-10-03 23h00.13.764823 +0530
-50,x,28,0,7,x,1,0.4119154,None,7,0,28,0,,,,,68.6064433,,68.5905161,68.6064433,69.6054881,69.6054881,69.6054881,69.6054881,69.6054881,70.6048153,70.6048153,71.0213978,x,1,0.4119154,None,,,,,RIM,1,2025-10-03_23h00.03.759,Motor Sequence Learning,,2025.1.1,60.05897791,2025-10-03 23h00.13.764823 +0530
150,v,29,1,7,v,1,0.6003534,None,7,1,29,1,,,,,71.0376074,,71.0216596,71.0376074,72.0369235,72.0369235,72.0369235,72.0369235,72.0369235,73.0361531,73.0361531,73.6525162,v,1,0.6003534,None,,,,,RIM,1,2025-10-03_23h00.03.759,Motor Sequence Learning,,2025.1.1,60.05897791,2025-10-03 23h00.13.764823 +0530
50,c,30,2,7,c,1,0.3368565,None,7,2,30,2,,,,,73.6688431,,73.6527454,73.6688431,74.6679766,74.6679766,74.6679766,74.6679766,74.6679766,75.6672831,75.6672831,76.0173472,c,1,0.3368565,None,,,,,RIM,1,2025-10-03_23h00.03.759,Motor Sequence Learning,,2025.1.1,60.05897791,2025-10-03 23h00.13.764823 +0530
-150,z,31,3,7,z,1,0.6263595,None,7,3,31,3,,,,,76.0336403,,76.0177067,76.0336403,77.0327143,77.0327143,77.0327143,77.0327143,77.0327143,78.0319189,78.0319189,78.6651318,z,1,0.6263595,None,,,,,RIM,1,2025-10-03_23h00.03.759,Motor Sequence Learning,,2025.1.1,60.05897791,2025-10-03 23h00.13.764823 +0530
-50,x,32,0,8,x,1,0.3734808,None,8,0,32,0,,,,,78.6813932,,78.6654743,78.6813932,79.6806359,79.6806359,79.6806359,79.6806359,79.6806359,80.6798039,80.6798039,81.063276,x,1,0.3734808,None,,,,,RIM,1,2025-10-03_23h00.03.759,Motor Sequence Learning,,2025.1.1,60.05897791,2025-10-03 23h00.13.764823 +0530
150,v,33,1,8,v,1,0.2786299,None,8,1,33,1,,,,,81.0795521,,81.0635259,81.0795521,82.0786369,82.0786369,82.0786369,82.0786369,82.0786369,83.0778347,83.0778347,83.3614661,v,1,0.2786299,None,,,,,RIM,1,2025-10-03_23h00.03.759,Motor Sequence Learning,,2025.1.1,60.05897791,2025-10-03 23h00.13.764823 +0530
50,c,34,2,8,c,1,0.3234188,None,8,2,34,2,,,,,83.3775559,,83.3617099,83.3775559,84.3767895,84.3767895,84.3767895,84.3767895,84.3767895,85.375995,85.375995,85.7095302,c,1,0.3234188,None,,,,,RIM,1,2025-10-03_23h00.03.759,Motor Sequence Learning,,2025.1.1,60.05897791,2025-10-03 23h00.13.764823 +0530
-150,z,35,3,8,z,1,0.2931487,None,8,3,35,3,,,,,85.7256521,,85.7097797,85.7256521,86.724819,86.724819,86.724819,86.724819,86.724819,87.7239358,87.7239358,88.0240733,z,1,0.2931487,None,,,,,RIM,1,2025-10-03_23h00.03.759,Motor Sequence Learning,,2025.1.1,60.05897791,2025-10-03 23h00.13.764823 +0530
-50,x,36,0,9,x,1,0.4796436,None,9,0,36,0,,,,,88.0403543,,88.024302,88.0403543,89.0394532,89.0394532,89.0394532,89.0394532,89.0394532,90.0389274,90.0389274,90.5220029,x,1,0.4796436,None,,,,,RIM,1,2025-10-03_23h00.03.759,Motor Sequence Learning,,2025.1.1,60.05897791,2025-10-03 23h00.13.764823 +0530
150,v,37,1,9,v,1,0.2616012,None,9,1,37,1,,,,,90.5384151,,90.5222321,90.5384151,91.5374188,91.5374188,91.5374188,91.5374188,91.5374188,92.5368066,92.5368066,92.8036769,v,1,0.2616012,None,,,,,RIM,1,2025-10-03_23h00.03.759,Motor Sequence Learning,,2025.1.1,60.05897791,2025-10-03 23h00.13.764823 +0530
50,c,38,2,9,c,1,1.1277588,None,9,2,38,2,,,,,92.8198321,,92.8040678,92.8198321,93.818892,93.818892,93.818892,93.818892,93.8355842,94.8182147,94.8182147,95.9508901,c,1,1.1277588,None,,,,,RIM,1,2025-10-03_23h00.03.759,Motor Sequence Learning,,2025.1.1,60.05897791,2025-10-03 23h00.13.764823 +0530
-150,z,39,3,9,z,1,0.4225272,None,9,3,39,3,,,,,95.9671205,,95.9511902,95.9671205,96.9664561,96.9664561,96.9664561,96.9664561,96.9664561,97.9654338,97.9654338,98.3991724,z,1,0.4225272,None,,,,,RIM,1,2025-10-03_23h00.03.759,Motor Sequence Learning,,2025.1.1,60.05897791,2025-10-03 23h00.13.764823 +0530
-50,x,40,0,10,x,1,0.8525319,None,10,0,40,0,,,,,98.4151688,,98.3995188,98.4151688,99.4143561,99.4143561,99.4143561,99.4143561,99.4143561,100.4135465,100.4135465,101.2799864,x,1,0.8525319,None,,,,,RIM,1,2025-10-03_23h00.03.759,Motor Sequence Learning,,2025.1.1,60.05897791,2025-10-03 23h00.13.764823 +0530
150,v,41,1,10,b,0,0.7471783,None,10,1,41,1,,,,,101.2959961,,101.2802347,101.2959961,102.2953371,102.2953371,102.2953371,102.2953371,102.2953371,103.2943722,103.2943722,104.0441647,b,0,0.7471783,None,,,,,RIM,1,2025-10-03_23h00.03.759,Motor Sequence Learning,,2025.1.1,60.05897791,2025-10-03 23h00.13.764823 +0530
50,c,42,2,10,c,1,1.1569417,None,10,2,42,2,,,,,104.060461,,104.0443995,104.060461,105.059816,105.059816,105.059816,105.059816,105.059816,106.0588705,106.0588705,107.2250344,c,1,1.1569417,None,,,,,RIM,1,2025-10-03_23h00.03.759,Motor Sequence Learning,,2025.1.1,60.05897791,2025-10-03 23h00.13.764823 +0530
-150,z,43,3,10,z,1,0.3755576,None,10,3,43,3,,,,,107.2411471,,107.225287,107.2411471,108.2405858,108.2405858,108.2405858,108.2405858,108.2405858,109.223035,109.223035,109.606487,z,1,0.3755576,None,,,,,RIM,1,2025-10-03_23h00.03.759,Motor Sequence Learning,,2025.1.1,60.05897791,2025-10-03 23h00.13.764823 +0530
-50,x,44,0,11,x,1,0.2928717,None,11,0,44,0,,,,,109.6226643,,109.6068243,109.6226643,110.6217548,110.6217548,110.6217548,110.6217548,110.6217548,111.620937,111.620937,111.9214772,x,1,0.2928717,None,,,,,RIM,1,2025-10-03_23h00.03.759,Motor Sequence Learning,,2025.1.1,60.05897791,2025-10-03 23h00.13.764823 +0530
150,v,45,1,11,v,1,0.2906956,None,11,1,45,1,,,,,111.9374572,,111.9220292,111.9374572,112.936521,112.936521,112.936521,112.936521,112.936521,113.9355939,113.9355939,114.2359244,v,1,0.2906956,None,,,,,RIM,1,2025-10-03_23h00.03.759,Motor Sequence Learning,,2025.1.1,60.05897791,2025-10-03 23h00.13.764823 +0530
50,c,46,2,11,c,1,0.3091417,None,11,2,46,2,,,,,114.2521491,,114.236328,114.2521491,115.2512916,115.2512916,115.2512916,115.2512916,115.2512916,116.2505268,116.2505268,116.5672977,c,1,0.3091417,None,,,,,RIM,1,2025-10-03_23h00.03.759,Motor Sequence Learning,,2025.1.1,60.05897791,2025-10-03 23h00.13.764823 +0530
-150,z,47,3,11,z,1,0.2570032,None,11,3,47,3,,,,,116.5834968,,116.5675579,116.5834968,117.5826382,117.5826382,117.5826382,117.5826382,117.5826382,118.581799,118.581799,118.8487915,z,1,0.2570032,None,,,,,RIM,1,2025-10-03_23h00.03.759,Motor Sequence Learning,,2025.1.1,60.05897791,2025-10-03 23h00.13.764823 +0530
-50,x,48,0,12,x,1,0.3863252,None,12,0,48,0,,,,,118.8650222,,118.8490437,118.8650222,119.8640859,119.8640859,119.8640859,119.8640859,119.8640859,120.8633777,120.8633777,121.2635243,x,1,0.3863252,None,,,,,RIM,1,2025-10-03_23h00.03.759,Motor Sequence Learning,,2025.1.1,60.05897791,2025-10-03 23h00.13.764823 +0530
150,v,49,1,12,v,1,0.5620158,None,12,1,49,1,,,,,121.2796348,,121.2637769,121.2796348,122.2787745,122.2787745,122.2787745,122.2787745,122.2787745,123.2781645,123.2781645,123.844957,v,1,0.5620158,None,,,,,RIM,1,2025-10-03_23h00.03.759,Motor Sequence Learning,,2025.1.1,60.05897791,2025-10-03 23h00.13.764823 +0530
50,c,50,2,12,c,1,0.9355361,None,12,2,50,2,,,,,123.8608554,,123.8452951,123.8608554,124.8599293,124.8599293,124.8599293,124.8599293,124.8599293,125.8593081,125.8593081,126.8088496,c,1,0.9355361,None,,,,,RIM,1,2025-10-03_23h00.03.759,Motor Sequence Learning,,2025.1.1,60.05897791,2025-10-03 23h00.13.764823 +0530
-150,z,51,3,12,z,1,0.779956,None,12,3,51,3,,,,,126.8249145,,126.8092238,126.8249145,127.8242621,127.8242621,127.8242621,127.8242621,127.8242621,128.8233681,128.8233681,129.6065955,z,1,0.779956,None,,,,,RIM,1,2025-10-03_23h00.03.759,Motor Sequence Learning,,2025.1.1,60.05897791,2025-10-03 23h00.13.764823 +0530
-50,x,52,0,13,x,1,1.15911,None,13,0,52,0,,,,,129.6229926,,129.6069897,129.6229926,130.6221162,130.6221162,130.6221162,130.6221162,130.6221162,131.6211207,131.6211207,132.7872639,x,1,1.15911,None,,,,,RIM,1,2025-10-03_23h00.03.759,Motor Sequence Learning,,2025.1.1,60.05897791,2025-10-03 23h00.13.764823 +0530
150,v,53,1,13,v,1,0.3553571,None,13,1,53,1,,,,,132.8034445,,132.7874922,132.8034445,133.8027297,133.8027297,133.8027297,133.8027297,133.8027297,134.8017738,134.8017738,135.1687043,v,1,0.3553571,None,,,,,RIM,1,2025-10-03_23h00.03.759,Motor Sequence Learning,,2025.1.1,60.05897791,2025-10-03 23h00.13.764823 +0530
50,c,54,2,13,c,1,0.4447297,None,13,2,54,2,,,,,135.1850687,,135.1691101,135.1850687,136.1842084,136.1842084,136.1842084,136.1842084,136.2008093,137.1832051,137.1832051,137.6332107,c,1,0.4447297,None,,,,,RIM,1,2025-10-03_23h00.03.759,Motor Sequence Learning,,2025.1.1,60.05897791,2025-10-03 23h00.13.764823 +0530
-150,z,55,3,13,z,1,0.3008441,None,13,3,55,3,,,,,137.6493826,,137.6334432,137.6493826,138.6487588,138.6487588,138.6487588,138.6487588,138.6487588,139.648037,139.648037,139.9646323,z,1,0.3008441,None,,,,,RIM,1,2025-10-03_23h00.03.759,Motor Sequence Learning,,2025.1.1,60.05897791,2025-10-03 23h00.13.764823 +0530
-50,x,56,0,14,x,1,0.6451833,None,14,0,56,0,,,,,139.9808261,,139.965105,139.9808261,140.9800451,140.9800451,140.9800451,140.9800451,140.9800451,141.9792063,141.9792063,142.629176,x,1,0.6451833,None,,,,,RIM,1,2025-10-03_23h00.03.759,Motor Sequence Learning,,2025.1.1,60.05897791,2025-10-03 23h00.13.764823 +0530
150,v,57,1,14,v,1,0.1821709,None,14,1,57,1,,,,,142.6454014,,142.6294475,142.6454014,143.644617,143.644617,143.644617,143.644617,143.644617,144.6437267,144.6437267,144.827377,v,1,0.1821709,None,,,,,RIM,1,2025-10-03_23h00.03.759,Motor Sequence Learning,,2025.1.1,60.05897791,2025-10-03 23h00.13.764823 +0530
50,c,58,2,14,c,1,0.29807,None,14,2,58,2,,,,,144.8437263,,144.827635,144.8437263,145.8428322,145.8428322,145.8428322,145.8428322,145.8428322,146.8420103,146.8420103,147.1419971,c,1,0.29807,None,,,,,RIM,1,2025-10-03_23h00.03.759,Motor Sequence Learning,,2025.1.1,60.05897791,2025-10-03 23h00.13.764823 +0530
-150,z,59,3,14,z,1,0.2926457,None,14,3,59,3,,,,,147.1582764,,147.142245,147.1582764,148.1576605,148.1576605,148.1576605,148.1576605,148.1576605,149.1566653,149.1566653,149.4571257,z,1,0.2926457,None,,,,,RIM,1,2025-10-03_23h00.03.759,Motor Sequence Learning,,2025.1.1,60.05897791,2025-10-03 23h00.13.764823 +0530
-50,x,60,0,15,x,1,0.3109654,None,15,0,60,0,,,,,149.4731224,,149.4573824,149.4731224,150.4724228,150.4724228,150.4724228,150.4724228,150.4724228,151.4715684,151.4715684,151.7882057,x,1,0.3109654,None,,,,,RIM,1,2025-10-03_23h00.03.759,Motor Sequence Learning,,2025.1.1,60.05897791,2025-10-03 23h00.13.764823 +0530
150,v,61,1,15,v,1,0.3898153,None,15,1,61,1,,,,,151.8044774,,151.788523,151.8044774,152.8036819,152.8036819,152.8036819,152.8036819,152.8036819,153.8029015,153.8029015,154.2029208,v,1,0.3898153,None,,,,,RIM,1,2025-10-03_23h00.03.759,Motor Sequence Learning,,2025.1.1,60.05897791,2025-10-03 23h00.13.764823 +0530
50,c,62,2,15,c,1,0.3013317,None,15,2,62,2,,,,,154.2191625,,154.2032871,154.2191625,155.2184236,155.2184236,155.2184236,155.2184236,155.2184236,156.2176582,156.2176582,156.5344917,c,1,0.3013317,None,,,,,RIM,1,2025-10-03_23h00.03.759,Motor Sequence Learning,,2025.1.1,60.05897791,2025-10-03 23h00.13.764823 +0530
-150,z,63,3,15,z,1,0.3725744,None,15,3,63,3,,,,,156.5504808,,156.5348078,156.5504808,157.5498287,157.5498287,157.5498287,157.5498287,157.5498287,158.5489791,158.5489791,158.9325604,z,1,0.3725744,None,,,,,RIM,1,2025-10-03_23h00.03.759,Motor Sequence Learning,,2025.1.1,60.05897791,2025-10-03 23h00.13.764823 +0530
-50,x,64,0,16,x,1,0.3930908,None,16,0,64,0,,,,,158.9486052,,158.9329727,158.9486052,159.9478122,159.9478122,159.9478122,159.9478122,159.9478122,160.947025,160.947025,161.3468318,x,1,0.3930908,None,,,,,RIM,1,2025-10-03_23h00.03.759,Motor Sequence Learning,,2025.1.1,60.05897791,2025-10-03 23h00.13.764823 +0530
150,v,65,1,16,v,1,0.5430773,None,16,1,65,1,,,,,161.3631953,,161.3470749,161.3631953,162.3458209,162.3458209,162.3458209,162.3458209,162.3624099,163.3617838,163.3617838,163.911756,v,1,0.5430773,None,,,,,RIM,1,2025-10-03_23h00.03.759,Motor Sequence Learning,,2025.1.1,60.05897791,2025-10-03 23h00.13.764823 +0530
50,c,66,2,16,c,1,0.2874077,None,16,2,66,2,,,,,163.9279574,,163.9120157,163.9279574,164.9271129,164.9271129,164.9271129,164.9271129,164.9271129,165.9263334,165.9263334,166.2262879,c,1,0.2874077,None,,,,,RIM,1,2025-10-03_23h00.03.759,Motor Sequence Learning,,2025.1.1,60.05897791,2025-10-03 23h00.13.764823 +0530
-150,z,67,3,16,z,1,0.3348904,None,16,3,67,3,,,,,166.2426535,,166.2265246,166.2426535,167.241625,167.241625,167.241625,167.241625,167.241625,168.2410742,168.2410742,168.5909527,z,1,0.3348904,None,,,,,RIM,1,2025-10-03_23h00.03.759,Motor Sequence Learning,,2025.1.1,60.05897791,2025-10-03 23h00.13.764823 +0530
-50,x,68,0,17,x,1,0.2901962,None,17,0,68,0,,,,,168.6072837,,168.5912031,168.6072837,169.6065452,169.6065452,169.6065452,169.6065452,169.6065452,170.6058595,170.6058595,170.9057195,x,1,0.2901962,None,,,,,RIM,1,2025-10-03_23h00.03.759,Motor Sequence Learning,,2025.1.1,60.05897791,2025-10-03 23h00.13.764823 +0530
150,v,69,1,17,v,1,0.3638971,None,17,1,69,1,,,,,170.9221599,,170.9059696,170.9221599,171.9215363,171.9215363,171.9215363,171.9215363,171.9215363,172.920537,172.920537,173.287136,v,1,0.3638971,None,,,,,RIM,1,2025-10-03_23h00.03.759,Motor Sequence Learning,,2025.1.1,60.05897791,2025-10-03 23h00.13.764823 +0530
50,c,70,2,17,c,1,0.9734384,None,17,2,70,2,,,,,173.30367,,173.2874395,173.30367,174.302657,174.302657,174.302657,174.302657,174.3194711,175.3017729,175.3017729,176.2847517,c,1,0.9734384,None,,,,,RIM,1,2025-10-03_23h00.03.759,Motor Sequence Learning,,2025.1.1,60.05897791,2025-10-03 23h00.13.764823 +0530
-150,z,71,3,17,z,1,0.3336855,None,17,3,71,3,,,,,176.3010295,,176.2849852,176.3010295,177.3002242,177.3002242,177.3002242,177.3002242,177.3002242,178.2995097,178.2995097,178.6497934,z,1,0.3336855,None,,,,,RIM,1,2025-10-03_23h00.03.759,Motor Sequence Learning,,2025.1.1,60.05897791,2025-10-03 23h00.13.764823 +0530
-50,x,72,0,18,x,1,0.3344208,None,18,0,72,0,,,,,178.6658912,,178.6500497,178.6658912,179.6649818,179.6649818,179.6649818,179.6649818,179.6649818,180.6641866,180.6641866,181.0142328,x,1,0.3344208,None,,,,,RIM,1,2025-10-03_23h00.03.759,Motor Sequence Learning,,2025.1.1,60.05897791,2025-10-03 23h00.13.764823 +0530
150,v,73,1,18,v,1,0.3644933,None,18,1,73,1,,,,,181.0303984,,181.0145304,181.0303984,182.0296764,182.0296764,182.0296764,182.0296764,182.0296764,183.0289254,183.0289254,183.3955575,v,1,0.3644933,None,,,,,RIM,1,2025-10-03_23h00.03.759,Motor Sequence Learning,,2025.1.1,60.05897791,2025-10-03 23h00.13.764823 +0530
50,c,74,2,18,c,1,0.3465402,None,18,2,74,2,,,,,183.4117505,,183.3958148,183.4117505,184.4110484,184.4110484,184.4110484,184.4110484,184.4110484,185.4102248,185.4102248,185.7603832,c,1,0.3465402,None,,,,,RIM,1,2025-10-03_23h00.03.759,Motor Sequence Learning,,2025.1.1,60.05897791,2025-10-03 23h00.13.764823 +0530
-150,z,75,3,18,z,1,0.3178585,None,18,3,75,3,,,,,185.7763497,,185.7607775,185.7763497,186.7756581,186.7756581,186.7756581,186.7756581,186.7756581,187.774731,187.774731,188.1085445,z,1,0.3178585,None,,,,,RIM,1,2025-10-03_23h00.03.759,Motor Sequence Learning,,2025.1.1,60.05897791,2025-10-03 23h00.13.764823 +0530
-50,x,76,0,19,x,1,0.3672773,None,19,0,76,0,,,,,188.1246494,,188.1089742,188.1246494,189.1238627,189.1238627,189.1238627,189.1238627,189.1238627,190.122854,190.122854,190.5065575,x,1,0.3672773,None,,,,,RIM,1,2025-10-03_23h00.03.759,Motor Sequence Learning,,2025.1.1,60.05897791,2025-10-03 23h00.13.764823 +0530
150,v,77,1,19,v,1,1.6405983,None,19,1,77,1,,,,,190.522613,,190.5068015,190.522613,191.5218233,191.5218233,191.5218233,191.5218233,191.5218233,192.521091,192.521091,194.1700537,v,1,1.6405983,None,,,,,RIM,1,2025-10-03_23h00.03.759,Motor Sequence Learning,,2025.1.1,60.05897791,2025-10-03 23h00.13.764823 +0530
50,c,78,2,19,v,0,0.6969204,None,19,2,78,2,,,,,194.1863165,,194.1703642,194.1863165,195.1854762,195.1854762,195.1854762,195.1854762,195.1854762,196.1846539,196.1846539,196.8847907,v,0,0.6969204,None,,,,,RIM,1,2025-10-03_23h00.03.759,Motor Sequence Learning,,2025.1.1,60.05897791,2025-10-03 23h00.13.764823 +0530
-150,z,79,3,19,z,1,0.4391378,None,19,3,79,3,,,,,196.9006538,,196.8850424,196.9006538,197.8998799,197.8998799,197.8998799,197.8998799,197.8998799,198.8990772,198.8990772,199.349106,z,1,0.4391378,None,,,,,RIM,1,2025-10-03_23h00.03.759,Motor Sequence Learning,,2025.1.1,60.05897791,2025-10-03 23h00.13.764823 +0530
-50,x,80,0,20,x,1,1.9051548,None,20,0,80,0,,,,,199.3653606,,199.3494032,199.3653606,200.364536,200.364536,200.364536,200.364536,200.364536,201.3636695,201.3636695,203.2792883,x,1,1.9051548,None,,,,,RIM,1,2025-10-03_23h00.03.759,Motor Sequence Learning,,2025.1.1,60.05897791,2025-10-03 23h00.13.764823 +0530
150,v,81,1,20,v,1,0.1144739,None,20,1,81,1,,,,,203.2954268,,203.2795587,203.2954268,204.2945955,204.2945955,204.2945955,204.2945955,204.2945955,205.2938366,205.2938366,205.4105235,v,1,0.1144739,None,,,,,RIM,1,2025-10-03_23h00.03.759,Motor Sequence Learning,,2025.1.1,60.05897791,2025-10-03 23h00.13.764823 +0530
50,c,82,2,20,c,1,0.0654471,None,20,2,82,2,,,,,205.4271315,,205.4107542,205.4271315,206.4095117,206.4095117,206.4095117,206.4095117,206.4263241,207.4253196,207.4253196,207.4923422,c,1,0.0654471,None,,,,,RIM,1,2025-10-03_23h00.03.759,Motor Sequence Learning,,2025.1.1,60.05897791,2025-10-03 23h00.13.764823 +0530
-150,z,83,3,20,z,1,0.5121741,None,20,3,83,3,,,,,207.5085869,,207.4925623,207.5085869,208.5078955,208.5078955,208.5078955,208.5078955,208.5078955,209.5070052,209.5070052,210.0244803,z,1,0.5121741,None,,,,,RIM,1,2025-10-03_23h00.03.759,Motor Sequence Learning,,2025.1.1,60.05897791,2025-10-03 23h00.13.764823 +0530
-50,x,84,0,21,x,1,0.0556533,None,21,0,84,0,,,,,210.0397648,,210.0248688,210.0397648,211.0391466,211.0391466,211.0391466,211.0391466,211.0391466,212.0381269,212.0381269,212.1052043,x,1,0.0556533,None,,,,,RIM,1,2025-10-03_23h00.03.759,Motor Sequence Learning,,2025.1.1,60.05897791,2025-10-03 23h00.13.764823 +0530
150,v,85,1,21,v,1,0.3511384,None,21,1,85,1,,,,,212.121527,,212.1055251,212.121527,213.1206795,213.1206795,213.1206795,213.1206795,213.1206795,214.1197554,214.1197554,214.4864569,v,1,0.3511384,None,,,,,RIM,1,2025-10-03_23h00.03.759,Motor Sequence Learning,,2025.1.1,60.05897791,2025-10-03 23h00.13.764823 +0530
50,c,86,2,21,c,1,0.2877416,None,21,2,86,2,,,,,214.5029813,,214.4867247,214.5029813,215.5019674,215.5019674,215.5019674,215.5019674,215.5019674,216.5014039,216.5014039,216.8014954,c,1,0.2877416,None,,,,,RIM,1,2025-10-03_23h00.03.759,Motor Sequence Learning,,2025.1.1,60.05897791,2025-10-03 23h00.13.764823 +0530
-150,z,87,3,21,z,1,0.0202617,None,21,3,87,3,,,,,216.8177883,,216.8017937,216.8177883,217.8168675,217.8168675,217.8168675,217.8168675,217.8168675,218.8158934,218.8158934,218.8495366,z,1,0.0202617,None,,,,,RIM,1,2025-10-03_23h00.03.759,Motor Sequence Learning,,2025.1.1,60.05897791,2025-10-03 23h00.13.764823 +0530
-50,x,88,0,22,x,1,0.2960928,None,22,0,88,0,,,,,218.8657839,,218.8498066,218.8657839,219.8652106,219.8652106,219.8652106,219.8652106,219.8652106,220.8645267,220.8645267,221.1645187,x,1,0.2960928,None,,,,,RIM,1,2025-10-03_23h00.03.759,Motor Sequence Learning,,2025.1.1,60.05897791,2025-10-03 23h00.13.764823 +0530
150,v,89,1,22,v,1,0.146201,None,22,1,89,1,,,,,221.1806497,,221.1648499,221.1806497,222.179895,222.179895,222.179895,222.179895,222.179895,223.1791489,223.1791489,223.3291709,v,1,0.146201,None,,,,,RIM,1,2025-10-03_23h00.03.759,Motor Sequence Learning,,2025.1.1,60.05897791,2025-10-03 23h00.13.764823 +0530
50,c,90,2,22,c,1,0.4104338,None,22,2,90,2,,,,,223.345478,,223.3294011,223.345478,224.3448394,224.3448394,224.3448394,224.3448394,224.3448394,225.3438473,225.3438473,225.7605085,c,1,0.4104338,None,,,,,RIM,1,2025-10-03_23h00.03.759,Motor Sequence Learning,,2025.1.1,60.05897791,2025-10-03 23h00.13.764823 +0530
-150,z,91,3,22,z,1,0.2665862,None,22,3,91,3,,,,,225.7768527,,225.7607481,225.7768527,226.7761104,226.7761104,226.7761104,226.7761104,226.7761104,227.7752519,227.7752519,228.0587296,z,1,0.2665862,None,,,,,RIM,1,2025-10-03_23h00.03.759,Motor Sequence Learning,,2025.1.1,60.05897791,2025-10-03 23h00.13.764823 +0530
-50,x,92,0,23,x,1,0.3049185,None,23,0,92,0,,,,,228.0750331,,228.0589748,228.0750331,229.0743802,229.0743802,229.0743802,229.0743802,229.0743802,230.0733055,230.0733055,230.3901124,x,1,0.3049185,None,,,,,RIM,1,2025-10-03_23h00.03.759,Motor Sequence Learning,,2025.1.1,60.05897791,2025-10-03 23h00.13.764823 +0530
150,v,93,1,23,v,1,0.0007595,None,23,1,93,1,,,,,230.4064923,,230.3904547,230.4064923,231.4056391,231.4056391,231.4056391,231.4056391,231.4056391,232.4049037,232.4049037,232.4219143,v,1,0.0007595,None,,,,,RIM,1,2025-10-03_23h00.03.759,Motor Sequence Learning,,2025.1.1,60.05897791,2025-10-03 23h00.13.764823 +0530
50,c,94,2,23,c,1,0.1285906,None,23,2,94,2,,,,,232.4380642,,232.4221964,232.4380642,233.4373582,233.4373582,233.4373582,233.4373582,233.4373582,234.4365082,234.4365082,234.5701361,c,1,0.1285906,None,,,,,RIM,1,2025-10-03_23h00.03.759,Motor Sequence Learning,,2025.1.1,60.05897791,2025-10-03 23h00.13.764823 +0530
-150,z,95,3,23,z,1,0.4023229,None,23,3,95,3,,,,,234.5863385,,234.5704627,234.5863385,235.5854636,235.5854636,235.5854636,235.5854636,235.5854636,236.5847532,236.5847532,237.0014191,z,1,0.4023229,None,,,,,RIM,1,2025-10-03_23h00.03.759,Motor Sequence Learning,,2025.1.1,60.05897791,2025-10-03 23h00.13.764823 +0530
-50,x,96,0,24,x,1,0.2964087,None,24,0,96,0,,,,,237.0176105,,237.0018519,237.0176105,238.0168797,238.0168797,238.0168797,238.0168797,238.0168797,239.0159681,239.0159681,239.316236,x,1,0.2964087,None,,,,,RIM,1,2025-10-03_23h00.03.759,Motor Sequence Learning,,2025.1.1,60.05897791,2025-10-03 23h00.13.764823 +0530
150,v,97,1,24,v,1,0.2775469,None,24,1,97,1,,,,,239.3324474,,239.3165173,239.3324474,240.3316052,240.3316052,240.3316052,240.3316052,240.3316052,241.3308034,241.3308034,241.6144458,v,1,0.2775469,None,,,,,RIM,1,2025-10-03_23h00.03.759,Motor Sequence Learning,,2025.1.1,60.05897791,2025-10-03 23h00.13.764823 +0530
50,c,98,2,24,c,1,0.3586273,None,24,2,98,2,,,,,241.6305814,,241.6148963,241.6305814,242.6295861,242.6295861,242.6295861,242.6295861,242.6295861,243.6287159,243.6287159,243.9956125,c,1,0.3586273,None,,,,,RIM,1,2025-10-03_23h00.03.759,Motor Sequence Learning,,2025.1.1,60.05897791,2025-10-03 23h00.13.764823 +0530
-150,z,99,3,24,z,1,0.7924514,None,24,3,99,3,,,,,244.0120104,,243.995837,244.0120104,245.0110813,245.0110813,245.0110813,245.0110813,245.0110813,246.0104259,246.0104259,246.8099672,z,1,0.7924514,None,,,,,RIM,1,2025-10-03_23h00.03.759,Motor Sequence Learning,,2025.1.1,60.05897791,2025-10-03 23h00.13.764823 +0530
-50,x,0,0,0,x,1,0.980917,None,,,,,0,0,0,0,246.8260301,,246.8179564,246.8260301,247.8254287,247.8254287,247.8254287,247.8254287,247.8254287,248.8245375,248.8245375,249.8073793,,,,,x,1,0.980917,None,RIM,1,2025-10-03_23h00.03.759,Motor Sequence Learning,,2025.1.1,60.05897791,2025-10-03 23h00.13.764823 +0530
50,c,1,1,0,v,0,0.2261108,None,,,,,0,1,1,2,249.8238312,,249.8076323,249.8238312,250.806387,250.806387,250.806387,250.806387,250.8229254,251.8221512,251.8221512,252.0560685,,,,,v,0,0.2261108,None,RIM,1,2025-10-03_23h00.03.759,Motor Sequence Learning,,2025.1.1,60.05897791,2025-10-03 23h00.13.764823 +0530
50,c,2,2,1,c,1,0.0213001,None,,,,,1,2,2,2,252.0720241,,252.0563145,252.0720241,253.0710026,253.0710026,253.0710026,253.0710026,253.0710026,254.0702742,254.0702742,254.1041744,,,,,c,1,0.0213001,None,RIM,1,2025-10-03_23h00.03.759,Motor Sequence Learning,,2025.1.1,60.05897791,2025-10-03 23h00.13.764823 +0530
50,c,3,3,2,x,0,2.9830231,None,,,,,2,3,3,2,254.1201316,,254.1044974,254.1201316,255.1195163,255.1195163,255.1195163,255.1195163,255.1195163,256.118656,256.118656,259.1166912,,,,,x,0,2.9830231,None,RIM,1,2025-10-03_23h00.03.759,Motor Sequence Learning,,2025.1.1,60.05897791,2025-10-03 23h00.13.764823 +0530
150,v,4,4,0,v,1,0.9923768,None,,,,,0,4,4,1,259.1328305,,259.1170694,259.1328305,260.1319886,260.1319886,260.1319886,260.1319886,260.1319886,261.131168,261.131168,262.1305698,,,,,v,1,0.9923768,None,RIM,1,2025-10-03_23h00.03.759,Motor Sequence Learning,,2025.1.1,60.05897791,2025-10-03 23h00.13.764823 +0530
50,c,5,5,3,c,1,1.4794993,None,,,,,3,5,5,2,262.1469907,,262.1307969,262.1469907,263.1460992,263.1460992,263.1460992,263.1460992,263.1460992,264.145356,264.145356,265.627731,,,,,c,1,1.4794993,None,RIM,1,2025-10-03_23h00.03.759,Motor Sequence Learning,,2025.1.1,60.05897791,2025-10-03 23h00.13.764823 +0530
50,c,6,6,4,c,1,1.0787568,None,,,,,4,6,6,2,265.6439858,,265.6279771,265.6439858,266.6432895,266.6432895,266.6432895,266.6432895,266.6432895,267.6429862,267.6429862,268.7251662,,,,,c,1,1.0787568,None,RIM,1,2025-10-03_23h00.03.759,Motor Sequence Learning,,2025.1.1,60.05897791,2025-10-03 23h00.13.764823 +0530
-50,x,7,7,1,x,1,1.0644848,None,,,,,1,7,7,0,268.7415665,,268.7253922,268.7415665,269.740682,269.740682,269.740682,269.740682,269.740682,270.740012,270.740012,271.8059324,,,,,x,1,1.0644848,None,RIM,1,2025-10-03_23h00.03.759,Motor Sequence Learning,,2025.1.1,60.05897791,2025-10-03 23h00.13.764823 +0530
-50,x,8,8,2,x,1,0.5803076,None,,,,,2,8,8,0,271.8223599,,271.8061642,271.8223599,272.8215758,272.8215758,272.8215758,272.8215758,272.8215758,273.8207698,273.8207698,274.4039076,,,,,x,1,0.5803076,None,RIM,1,2025-10-03_23h00.03.759,Motor Sequence Learning,,2025.1.1,60.05897791,2025-10-03 23h00.13.764823 +0530
-150,z,9,9,0,z,1,0.6257865,None,,,,,0,9,9,3,274.4202305,,274.4041845,274.4202305,275.4193978,275.4193978,275.4193978,275.4193978,275.4193978,276.418591,276.418591,277.0515799,,,,,z,1,0.6257865,None,RIM,1,2025-10-03_23h00.03.759,Motor Sequence Learning,,2025.1.1,60.05897791,2025-10-03 23h00.13.764823 +0530
150,v,10,10,1,v,1,1.1035458,None,,,,,1,10,10,1,277.0678915,,277.0519243,277.0678915,278.0505,278.0505,278.0505,278.0505,278.0670965,279.0665483,279.0665483,280.1824251,,,,,v,1,1.1035458,None,RIM,1,2025-10-03_23h00.03.759,Motor Sequence Learning,,2025.1.1,60.05897791,2025-10-03 23h00.13.764823 +0530
150,v,11,11,2,v,1,1.3185762,None,,,,,2,11,11,1,280.1986066,,280.1826748,280.1986066,281.1980584,281.1980584,281.1980584,281.1980584,281.1980584,282.1971617,282.1971617,283.5298155,,,,,v,1,1.3185762,None,RIM,1,2025-10-03_23h00.03.759,Motor Sequence Learning,,2025.1.1,60.05897791,2025-10-03 23h00.13.764823 +0530
50,c,12,12,5,c,1,0.6927845,None,,,,,5,12,12,2,283.5459256,,283.5302059,283.5459256,284.5451255,284.5451255,284.5451255,284.5451255,284.5451255,285.5442608,285.5442608,286.2443801,,,,,c,1,0.6927845,None,RIM,1,2025-10-03_23h00.03.759,Motor Sequence Learning,,2025.1.1,60.05897791,2025-10-03 23h00.13.764823 +0530
-150,z,13,13,1,z,1,0.8428603,None,,,,,1,13,13,3,286.2604274,,286.2447974,286.2604274,287.2597519,287.2597519,287.2597519,287.2597519,287.2597519,288.2589801,288.2589801,289.1084421,,,,,z,1,0.8428603,None,RIM,1,2025-10-03_23h00.03.759,Motor Sequence Learning,,2025.1.1,60.05897791,2025-10-03 23h00.13.764823 +0530
-50,x,14,14,3,x,1,0.7556997,None,,,,,3,14,14,0,289.1247261,,289.1086952,289.1247261,290.1240818,290.1240818,290.1240818,290.1240818,290.1240818,291.1231969,291.1231969,291.8895057,,,,,x,1,0.7556997,None,RIM,1,2025-10-03_23h00.03.759,Motor Sequence Learning,,2025.1.1,60.05897791,2025-10-03 23h00.13.764823 +0530
50,c,15,15,6,c,1,0.5832606,None,,,,,6,15,15,2,291.9058904,,291.8897576,291.9058904,292.9049756,292.9049756,292.9049756,292.9049756,292.9049756,293.9042142,293.9042142,294.5040419,,,,,c,1,0.5832606,None,RIM,1,2025-10-03_23h00.03.759,Motor Sequence Learning,,2025.1.1,60.05897791,2025-10-03 23h00.13.764823 +0530
50,c,16,16,7,c,1,0.8041817,None,,,,,7,16,16,2,294.5202039,,294.5042783,294.5202039,295.5195429,295.5195429,295.5195429,295.5195429,295.5195429,296.5186184,296.5186184,297.3349916,,,,,c,1,0.8041817,None,RIM,1,2025-10-03_23h00.03.759,Motor Sequence Learning,,2025.1.1,60.05897791,2025-10-03 23h00.13.764823 +0530
-150,z,17,17,2,z,1,1.0235003,None,,,,,2,17,17,3,297.3513847,,297.3352457,297.3513847,298.3505154,298.3505154,298.3505154,298.3505154,298.3505154,299.3495888,299.3495888,300.3824622,,,,,z,1,1.0235003,None,RIM,1,2025-10-03_23h00.03.759,Motor Sequence Learning,,2025.1.1,60.05897791,2025-10-03 23h00.13.764823 +0530
50,c,18,18,8,c,1,0.9333959,None,,,,,8,18,18,2,300.3987036,,300.3828396,300.3987036,301.3979609,301.3979609,301.3979609,301.3979609,301.3979609,302.3971856,302.3971856,303.3466923,,,,,c,1,0.9333959,None,RIM,1,2025-10-03_23h00.03.759,Motor Sequence Learning,,2025.1.1,60.05897791,2025-10-03 23h00.13.764823 +0530
150,v,19,19,3,v,1,0.5717032,None,,,,,3,19,19,1,303.362959,,303.3469201,303.362959,304.3621173,304.3621173,304.3621173,304.3621173,304.3621173,305.3613989,305.3613989,305.944736,,,,,v,1,0.5717032,None,RIM,1,2025-10-03_23h00.03.759,Motor Sequence Learning,,2025.1.1,60.05897791,2025-10-03 23h00.13.764823 +0530
-150,z,20,20,3,z,1,0.6127119,None,,,,,3,20,20,3,305.9610262,,305.9450541,305.9610262,306.9601286,306.9601286,306.9601286,306.9601286,306.9601286,307.9592393,307.9592393,308.5765026,,,,,z,1,0.6127119,None,RIM,1,2025-10-03_23h00.03.759,Motor Sequence Learning,,2025.1.1,60.05897791,2025-10-03 23h00.13.764823 +0530
150,v,21,21,4,v,1,0.9856309,None,,,,,4,21,21,1,308.5921478,,308.5767057,308.5921478,309.5913572,309.5913572,309.5913572,309.5913572,309.5913572,310.5904327,310.5904327,311.590205,,,,,v,1,0.9856309,None,RIM,1,2025-10-03_23h00.03.759,Motor Sequence Learning,,2025.1.1,60.05897791,2025-10-03 23h00.13.764823 +0530
-50,x,22,22,4,x,1,0.5017191,None,,,,,4,22,22,0,311.6062294,,311.5906429,311.6062294,312.6053679,312.6053679,312.6053679,312.6053679,312.6053679,313.6045323,313.6045323,314.1216108,,,,,x,1,0.5017191,None,RIM,1,2025-10-03_23h00.03.759,Motor Sequence Learning,,2025.1.1,60.05897791,2025-10-03 23h00.13.764823 +0530
150,v,23,23,5,v,1,1.2135161,None,,,,,5,23,23,1,314.1376175,,314.1219501,314.1376175,315.1366961,315.1366961,315.1366961,315.1366961,315.1366961,316.1358324,316.1358324,317.3518421,,,,,v,1,1.2135161,None,RIM,1,2025-10-03_23h00.03.759,Motor Sequence Learning,,2025.1.1,60.05897791,2025-10-03 23h00.13.764823 +0530
150,v,24,24,6,v,1,1.2390252,None,,,,,6,24,24,1,317.3681151,,317.3520903,317.3681151,318.3674033,318.3674033,318.3674033,318.3674033,318.3674033,319.3664861,319.3664861,320.6158342,,,,,v,1,1.2390252,None,RIM,1,2025-10-03_23h00.03.759,Motor Sequence Learning,,2025.1.1,60.05897791,2025-10-03 23h00.13.764823 +0530
50,c,25,25,9,c,1,0.6646451,None,,,,,9,25,25,2,320.6321524,,320.6160454,320.6321524,321.6313155,321.6313155,321.6313155,321.6313155,321.6313155,322.6303068,322.6303068,323.2970066,,,,,c,1,0.6646451,None,RIM,1,2025-10-03_23h00.03.759,Motor Sequence Learning,,2025.1.1,60.05897791,2025-10-03 23h00.13.764823 +0530
50,c,26,26,10,c,1,0.5320194,None,,,,,10,26,26,2,323.3133005,,323.2973539,323.3133005,324.312318,324.312318,324.312318,324.312318,324.312318,325.3115382,325.3115382,325.8448292,,,,,c,1,0.5320194,None,RIM,1,2025-10-03_23h00.03.759,Motor Sequence Learning,,2025.1.1,60.05897791,2025-10-03 23h00.13.764823 +0530
150,v,27,27,7,v,1,1.5780166,None,,,,,7,27,27,1,325.8612349,,325.8450633,325.8612349,326.8437193,326.8437193,326.8437193,326.8437193,326.8602553,327.8595149,327.8595149,329.4419375,,,,,v,1,1.5780166,None,RIM,1,2025-10-03_23h00.03.759,Motor Sequence Learning,,2025.1.1,60.05897791,2025-10-03 23h00.13.764823 +0530
150,v,28,28,8,v,1,3.2621787,None,,,,,8,28,28,1,329.4580775,,329.4422201,329.4580775,330.4572886,330.4572886,330.4572886,330.4572886,330.4572886,331.4565492,331.4565492,334.7207849,,,,,v,1,3.2621787,None,RIM,1,2025-10-03_23h00.03.759,Motor Sequence Learning,,2025.1.1,60.05897791,2025-10-03 23h00.13.764823 +0530
50,c,29,29,11,c,1,1.3794134,None,,,,,11,29,29,2,334.7370267,,334.7211456,334.7370267,335.7363275,335.7363275,335.7363275,335.7363275,335.7363275,336.7355292,336.7355292,338.1180716,,,,,c,1,1.3794134,None,RIM,1,2025-10-03_23h00.03.759,Motor Sequence Learning,,2025.1.1,60.05897791,2025-10-03 23h00.13.764823 +0530
150,v,30,30,9,v,1,1.1125689,None,,,,,9,30,30,1,338.1344203,,338.1183252,338.1344203,339.1335854,339.1335854,339.1335854,339.1335854,339.1335854,340.1327343,340.1327343,341.2488706,,,,,v,1,1.1125689,None,RIM,1,2025-10-03_23h00.03.759,Motor Sequence Learning,,2025.1.1,60.05897791,2025-10-03 23h00.13.764823 +0530
50,c,31,31,12,c,1,1.5237545,None,,,,,12,31,31,2,341.2651915,,341.2491717,341.2651915,342.2644004,342.2644004,342.2644004,342.2644004,342.2644004,343.2636054,343.2636054,344.7959675,,,,,c,1,1.5237545,None,RIM,1,2025-10-03_23h00.03.759,Motor Sequence Learning,,2025.1.1,60.05897791,2025-10-03 23h00.13.764823 +0530
-150,z,32,32,4,z,1,0.7327509,None,,,,,4,32,32,3,344.8122882,,344.7962017,344.8122882,345.8113893,345.8113893,345.8113893,345.8113893,345.8113893,346.8106052,346.8106052,347.560489,,,,,z,1,0.7327509,None,RIM,1,2025-10-03_23h00.03.759,Motor Sequence Learning,,2025.1.1,60.05897791,2025-10-03 23h00.13.764823 +0530
-50,x,33,33,5,x,1,0.6842599,None,,,,,5,33,33,0,347.5773647,,347.5608626,347.5773647,348.5758704,348.5758704,348.5758704,348.5758704,348.5924162,349.5750774,349.5750774,350.2748149,,,,,x,1,0.6842599,None,RIM,1,2025-10-03_23h00.03.759,Motor Sequence Learning,,2025.1.1,60.05897791,2025-10-03 23h00.13.764823 +0530
-50,x,34,34,6,x,1,0.7260821,None,,,,,6,34,34,0,350.2909797,,350.2750648,350.2909797,351.2902404,351.2902404,351.2902404,351.2902404,351.2902404,352.2893603,352.2893603,353.0225074,,,,,x,1,0.7260821,None,RIM,1,2025-10-03_23h00.03.759,Motor Sequence Learning,,2025.1.1,60.05897791,2025-10-03 23h00.13.764823 +0530
-150,z,35,35,5,z,1,1.0211891,None,,,,,5,35,35,3,353.0385945,,353.0227991,353.0385945,354.0378774,354.0378774,354.0378774,354.0378774,354.0378774,355.0369283,355.0369283,356.0698686,,,,,z,1,1.0211891,None,RIM,1,2025-10-03_23h00.03.759,Motor Sequence Learning,,2025.1.1,60.05897791,2025-10-03 23h00.13.764823 +0530
150,v,36,36,10,v,1,1.2695515,None,,,,,10,36,36,1,356.0862577,,356.0700972,356.0862577,357.0688985,357.0688985,357.0688985,357.0688985,357.0855133,358.0845875,358.0845875,359.3672929,,,,,v,1,1.2695515,None,RIM,1,2025-10-03_23h00.03.759,Motor Sequence Learning,,2025.1.1,60.05897791,2025-10-03 23h00.13.764823 +0530
-150,z,37,37,6,z,1,0.8813285,None,,,,,6,37,37,3,359.3835012,,359.3675431,359.3835012,360.3827447,360.3827447,360.3827447,360.3827447,360.3827447,361.3819038,361.3819038,362.26488,,,,,z,1,0.8813285,None,RIM,1,2025-10-03_23h00.03.759,Motor Sequence Learning,,2025.1.1,60.05897791,2025-10-03 23h00.13.764823 +0530
-150,z,38,38,7,z,1,1.1509844,None,,,,,7,38,38,3,362.2812103,,362.2651342,362.2812103,363.2803054,363.2803054,363.2803054,363.2803054,363.2803054,364.2796234,364.2796234,365.4457774,,,,,z,1,1.1509844,None,RIM,1,2025-10-03_23h00.03.759,Motor Sequence Learning,,2025.1.1,60.05897791,2025-10-03 23h00.13.764823 +0530
-150,z,39,39,8,z,1,0.630707,None,,,,,8,39,39,3,365.4622632,,365.4460473,365.4622632,366.4611144,366.4611144,366.4611144,366.4611144,366.4776562,367.4603842,367.4603842,368.0935202,,,,,z,1,0.630707,None,RIM,1,2025-10-03_23h00.03.759,Motor Sequence Learning,,2025.1.1,60.05897791,2025-10-03 23h00.13.764823 +0530
-50,x,40,40,7,x,1,1.106982,None,,,,,7,40,40,0,368.109662,,368.0938805,368.109662,369.1089195,369.1089195,369.1089195,369.1089195,369.1089195,370.1080245,370.1080245,371.2241352,,,,,x,1,1.106982,None,RIM,1,2025-10-03_23h00.03.759,Motor Sequence Learning,,2025.1.1,60.05897791,2025-10-03 23h00.13.764823 +0530
-150,z,41,41,9,z,1,0.9173061,None,,,,,9,41,41,3,371.2404835,,371.2244044,371.2404835,372.2397366,372.2397366,372.2397366,372.2397366,372.2397366,373.2389082,373.2389082,374.1727041,,,,,z,1,0.9173061,None,RIM,1,2025-10-03_23h00.03.759,Motor Sequence Learning,,2025.1.1,60.05897791,2025-10-03 23h00.13.764823 +0530
-150,z,42,42,10,z,1,0.5823749,None,,,,,10,42,42,3,374.1881381,,374.1730689,374.1881381,375.1875234,375.1875234,375.1875234,375.1875234,375.1875234,376.1869622,376.1869622,376.7862818,,,,,z,1,0.5823749,None,RIM,1,2025-10-03_23h00.03.759,Motor Sequence Learning,,2025.1.1,60.05897791,2025-10-03 23h00.13.764823 +0530
-50,x,43,43,8,x,1,0.6062295,None,,,,,8,43,43,0,376.8026039,,376.7865271,376.8026039,377.8017014,377.8017014,377.8017014,377.8017014,377.8017014,378.8008911,378.8008911,379.4173007,,,,,x,1,0.6062295,None,RIM,1,2025-10-03_23h00.03.759,Motor Sequence Learning,,2025.1.1,60.05897791,2025-10-03 23h00.13.764823 +0530
150,v,44,44,11,v,1,1.1058106,None,,,,,11,44,44,1,379.4336409,,379.4175691,379.4336409,380.4328279,380.4328279,380.4328279,380.4328279,380.4328279,381.4321237,381.4321237,382.5482776,,,,,v,1,1.1058106,None,RIM,1,2025-10-03_23h00.03.759,Motor Sequence Learning,,2025.1.1,60.05897791,2025-10-03 23h00.13.764823 +0530
-150,z,45,45,11,z,1,0.7854645,None,,,,,11,45,45,3,382.564503,,382.5485173,382.564503,383.5635878,383.5635878,383.5635878,383.5635878,383.5635878,384.5626999,384.5626999,385.3623104,,,,,z,1,0.7854645,None,RIM,1,2025-10-03_23h00.03.759,Motor Sequence Learning,,2025.1.1,60.05897791,2025-10-03 23h00.13.764823 +0530
-50,x,46,46,9,x,1,0.6476317,None,,,,,9,46,46,0,385.3787085,,385.3625428,385.3787085,386.3619021,386.3619021,386.3619021,386.3619021,386.377982,387.3771774,387.3771774,388.0270531,,,,,x,1,0.6476317,None,RIM,1,2025-10-03_23h00.03.759,Motor Sequence Learning,,2025.1.1,60.05897791,2025-10-03 23h00.13.764823 +0530
150,v,47,47,12,v,1,0.7684543,None,,,,,12,47,47,1,388.0432976,,388.027313,388.0432976,389.0424835,389.0424835,389.0424835,389.0424835,389.0424835,390.04165,390.04165,390.8247179,,,,,v,1,0.7684543,None,RIM,1,2025-10-03_23h00.03.759,Motor Sequence Learning,,2025.1.1,60.05897791,2025-10-03 23h00.13.764823 +0530
-50,x,48,48,10,x,1,2.0499114,None,,,,,10,48,48,0,390.8410304,,390.8249565,390.8410304,391.8401613,391.8401613,391.8401613,391.8401613,391.8401613,392.8393262,392.8393262,394.9051145,,,,,x,1,2.0499114,None,RIM,1,2025-10-03_23h00.03.759,Motor Sequence Learning,,2025.1.1,60.05897791,2025-10-03 23h00.13.764823 +0530
50,c,49,49,13,v,0,2.0998892,None,,,,,13,49,49,2,394.9209262,,394.9055812,394.9209262,395.9201609,395.9201609,395.9201609,395.9201609,395.9201609,396.9193853,396.9193853,399.0346704,,,,,v,0,2.0998892,None,RIM,1,2025-10-03_23h00.03.759,Motor Sequence Learning,,2025.1.1,60.05897791,2025-10-03 23h00.13.764823 +0530
-50,x,50,50,11,x,1,0.9082488,None,,,,,11,50,50,0,399.0509376,,399.0350762,399.0509376,400.0500992,400.0500992,400.0500992,400.0500992,400.0500992,401.04923,401.04923,401.9655395,,,,,x,1,0.9082488,None,RIM,1,2025-10-03_23h00.03.759,Motor Sequence Learning,,2025.1.1,60.05897791,2025-10-03 23h00.13.764823 +0530
150,v,51,51,13,v,1,0.7431272,None,,,,,13,51,51,1,401.9818066,,401.9657948,401.9818066,402.9810517,402.9810517,402.9810517,402.9810517,402.9810517,403.9803254,403.9803254,404.7299384,,,,,v,1,0.7431272,None,RIM,1,2025-10-03_23h00.03.759,Motor Sequence Learning,,2025.1.1,60.05897791,2025-10-03 23h00.13.764823 +0530
-50,x,52,52,12,x,1,0.9256385,None,,,,,12,52,52,0,404.746242,,404.7302264,404.746242,405.7451873,405.7451873,405.7451873,405.7451873,405.7451873,406.7444427,406.7444427,407.6775065,,,,,x,1,0.9256385,None,RIM,1,2025-10-03_23h00.03.759,Motor Sequence Learning,,2025.1.1,60.05897791,2025-10-03 23h00.13.764823 +0530
150,v,53,53,14,v,1,0.7341199,None,,,,,14,53,53,1,407.6936565,,407.6778525,407.6936565,408.6929849,408.6929849,408.6929849,408.6929849,408.6929849,409.6919775,409.6919775,410.4418133,,,,,v,1,0.7341199,None,RIM,1,2025-10-03_23h00.03.759,Motor Sequence Learning,,2025.1.1,60.05897791,2025-10-03 23h00.13.764823 +0530
-50,x,54,54,13,x,1,1.0073348,None,,,,,13,54,54,0,410.4581886,,410.4422579,410.4581886,411.4574695,411.4574695,411.4574695,411.4574695,411.4574695,412.456547,412.456547,413.4727444,,,,,x,1,1.0073348,None,RIM,1,2025-10-03_23h00.03.759,Motor Sequence Learning,,2025.1.1,60.05897791,2025-10-03 23h00.13.764823 +0530
-150,z,55,55,12,z,1,1.1054138,None,,,,,12,55,55,3,413.4889173,,413.4730202,413.4889173,414.4882872,414.4882872,414.4882872,414.4882872,414.4882872,415.4873974,415.4873974,416.6036035,,,,,z,1,1.1054138,None,RIM,1,2025-10-03_23h00.03.759,Motor Sequence Learning,,2025.1.1,60.05897791,2025-10-03 23h00.13.764823 +0530
50,c,56,56,14,v,0,1.0929117,None,,,,,14,56,56,2,416.6199226,,416.6038226,416.6199226,417.6190342,417.6190342,417.6190342,417.6190342,417.6190342,418.6181497,418.6181497,419.7175006,,,,,v,0,1.0929117,None,RIM,1,2025-10-03_23h00.03.759,Motor Sequence Learning,,2025.1.1,60.05897791,2025-10-03 23h00.13.764823 +0530
50,c,57,57,15,c,1,0.449649,None,,,,,15,57,57,2,419.733831,,419.7177663,419.733831,420.7330409,420.7330409,420.7330409,420.7330409,420.7330409,421.7321737,421.7321737,422.1988705,,,,,c,1,0.449649,None,RIM,1,2025-10-03_23h00.03.759,Motor Sequence Learning,,2025.1.1,60.05897791,2025-10-03 23h00.13.764823 +0530
150,v,58,58,15,v,1,0.8371562,None,,,,,15,58,58,1,422.2151711,,422.1991272,422.2151711,423.2144438,423.2144438,423.2144438,423.2144438,423.2144438,424.2135707,424.2135707,425.0633484,,,,,v,1,0.8371562,None,RIM,1,2025-10-03_23h00.03.759,Motor Sequence Learning,,2025.1.1,60.05897791,2025-10-03 23h00.13.764823 +0530
-50,x,59,59,14,x,1,0.7620669,None,,,,,14,59,59,0,425.0792994,,425.0636988,425.0792994,426.078617,426.078617,426.078617,426.078617,426.078617,427.0778781,427.0778781,427.8441461,,,,,x,1,0.7620669,None,RIM,1,2025-10-03_23h00.03.759,Motor Sequence Learning,,2025.1.1,60.05897791,2025-10-03 23h00.13.764823 +0530
-150,z,60,60,13,z,1,0.8302548,None,,,,,13,60,60,3,427.8604377,,427.8443975,427.8604377,428.8594844,428.8594844,428.8594844,428.8594844,428.8594844,429.8588371,429.8588371,430.6918639,,,,,z,1,0.8302548,None,RIM,1,2025-10-03_23h00.03.759,Motor Sequence Learning,,2025.1.1,60.05897791,2025-10-03 23h00.13.764823 +0530
-50,x,61,61,15,x,1,0.934158,None,,,,,15,61,61,0,430.7082545,,430.6921157,430.7082545,431.7073865,431.7073865,431.7073865,431.7073865,431.7073865,432.7066413,432.7066413,433.6561931,,,,,x,1,0.934158,None,RIM,1,2025-10-03_23h00.03.759,Motor Sequence Learning,,2025.1.1,60.05897791,2025-10-03 23h00.13.764823 +0530
-150,z,62,62,14,z,1,0.7767419,None,,,,,14,62,62,3,433.6724108,,433.6564084,433.6724108,434.6714403,434.6714403,434.6714403,434.6714403,434.6714403,435.6706088,435.6706088,436.4540558,,,,,z,1,0.7767419,None,RIM,1,2025-10-03_23h00.03.759,Motor Sequence Learning,,2025.1.1,60.05897791,2025-10-03 23h00.13.764823 +0530
-150,z,63,63,15,z,1,0.7235453,None,,,,,15,63,63,3,436.4699455,,436.4542903,436.4699455,437.4693099,437.4693099,437.4693099,437.4693099,437.4693099,438.4684192,438.4684192,439.2017213,,,,,z,1,0.7235453,None,RIM,1,2025-10-03_23h00.03.759,Motor Sequence Learning,,2025.1.1,60.05897791,2025-10-03 23h00.13.764823 +0530
150,v,64,64,16,v,1,1.2243778,None,,,,,16,64,64,1,439.2177777,,439.2020218,439.2177777,440.2170661,440.2170661,440.2170661,440.2170661,440.2170661,441.2161403,441.2161403,442.4488568,,,,,v,1,1.2243778,None,RIM,1,2025-10-03_23h00.03.759,Motor Sequence Learning,,2025.1.1,60.05897791,2025-10-03 23h00.13.764823 +0530
150,v,65,65,17,v,1,0.4328958,None,,,,,17,65,65,1,442.4649934,,442.4491819,442.4649934,443.4644193,443.4644193,443.4644193,443.4644193,443.4644193,444.4636121,444.4636121,444.8970141,,,,,v,1,0.4328958,None,RIM,1,2025-10-03_23h00.03.759,Motor Sequence Learning,,2025.1.1,60.05897791,2025-10-03 23h00.13.764823 +0530
-150,z,66,66,16,z,1,0.7946424,None,,,,,16,66,66,3,444.9129614,,444.8973091,444.9129614,445.912346,445.912346,445.912346,445.912346,445.912346,446.9115678,446.9115678,447.7110269,,,,,z,1,0.7946424,None,RIM,1,2025-10-03_23h00.03.759,Motor Sequence Learning,,2025.1.1,60.05897791,2025-10-03 23h00.13.764823 +0530
-150,z,67,67,17,z,1,1.2271182,None,,,,,17,67,67,3,447.7276529,,447.7112886,447.7276529,448.7267164,448.7267164,448.7267164,448.7267164,448.7433336,449.7257564,449.7257564,450.9582953,,,,,z,1,1.2271182,None,RIM,1,2025-10-03_23h00.03.759,Motor Sequence Learning,,2025.1.1,60.05897791,2025-10-03 23h00.13.764823 +0530
50,c,68,68,16,c,1,1.4694142,None,,,,,16,68,68,2,450.9747439,,450.9585619,450.9747439,451.9572917,451.9572917,451.9572917,451.9572917,451.9741193,452.9730174,452.9730174,454.4556603,,,,,c,1,1.4694142,None,RIM,1,2025-10-03_23h00.03.759,Motor Sequence Learning,,2025.1.1,60.05897791,2025-10-03 23h00.13.764823 +0530
50,c,69,69,17,c,1,0.8787283,None,,,,,17,69,69,2,454.4719019,,454.4558976,454.4719019,455.4710367,455.4710367,455.4710367,455.4710367,455.4710367,456.4702345,456.4702345,457.3531422,,,,,c,1,0.8787283,None,RIM,1,2025-10-03_23h00.03.759,Motor Sequence Learning,,2025.1.1,60.05897791,2025-10-03 23h00.13.764823 +0530
150,v,70,70,18,v,1,1.6918563,None,,,,,18,70,70,1,457.3696095,,457.3533837,457.3696095,458.3687714,458.3687714,458.3687714,458.3687714,458.3687714,459.3677275,459.3677275,461.066902,,,,,v,1,1.6918563,None,RIM,1,2025-10-03_23h00.03.759,Motor Sequence Learning,,2025.1.1,60.05897791,2025-10-03 23h00.13.764823 +0530
-50,x,71,71,16,x,1,0.9455641,None,,,,,16,71,71,0,461.083244,,461.0672085,461.083244,462.0822952,462.0822952,462.0822952,462.0822952,462.0822952,463.0815362,463.0815362,464.0312654,,,,,x,1,0.9455641,None,RIM,1,2025-10-03_23h00.03.759,Motor Sequence Learning,,2025.1.1,60.05897791,2025-10-03 23h00.13.764823 +0530
-150,z,72,72,18,z,1,1.008986,None,,,,,18,72,72,3,464.0473563,,464.0316942,464.0473563,465.0465496,465.0465496,465.0465496,465.0465496,465.0465496,466.0456939,466.0456939,467.061928,,,,,z,1,1.008986,None,RIM,1,2025-10-03_23h00.03.759,Motor Sequence Learning,,2025.1.1,60.05897791,2025-10-03 23h00.13.764823 +0530
50,c,73,73,18,c,1,1.4273828,None,,,,,18,73,73,2,467.0781299,,467.0622238,467.0781299,468.0773256,468.0773256,468.0773256,468.0773256,468.0773256,469.0764744,469.0764744,470.5092365,,,,,c,1,1.4273828,None,RIM,1,2025-10-03_23h00.03.759,Motor Sequence Learning,,2025.1.1,60.05897791,2025-10-03 23h00.13.764823 +0530
50,c,74,74,19,c,1,0.6158324,None,,,,,19,74,74,2,470.5254768,,470.5095247,470.5254768,471.5244053,471.5244053,471.5244053,471.5244053,471.5244053,472.5236664,472.5236664,473.1400093,,,,,c,1,0.6158324,None,RIM,1,2025-10-03_23h00.03.759,Motor Sequence Learning,,2025.1.1,60.05897791,2025-10-03 23h00.13.764823 +0530
-50,x,75,75,17,x,1,0.846377,None,,,,,17,75,75,0,473.1564296,,473.1402487,473.1564296,474.1390484,474.1390484,474.1390484,474.1390484,474.1558715,475.1547968,475.1547968,476.0043523,,,,,x,1,0.846377,None,RIM,1,2025-10-03_23h00.03.759,Motor Sequence Learning,,2025.1.1,60.05897791,2025-10-03 23h00.13.764823 +0530
-150,z,76,76,19,z,1,0.7637673,None,,,,,19,76,76,3,476.0209768,,476.0045742,476.0209768,477.0033807,477.0033807,477.0033807,477.0033807,477.020169,478.0191466,478.0191466,478.7854568,,,,,z,1,0.7637673,None,RIM,1,2025-10-03_23h00.03.759,Motor Sequence Learning,,2025.1.1,60.05897791,2025-10-03 23h00.13.764823 +0530
50,c,77,77,20,c,1,2.7212401,None,,,,,20,77,77,2,478.8018214,,478.7857282,478.8018214,479.8010237,479.8010237,479.8010237,479.8010237,479.8010237,480.8009711,480.8009711,483.5317861,,,,,c,1,2.7212401,None,RIM,1,2025-10-03_23h00.03.759,Motor Sequence Learning,,2025.1.1,60.05897791,2025-10-03 23h00.13.764823 +0530
-50,x,78,78,18,x,1,0.9854029,None,,,,,18,78,78,0,483.5479732,,483.5320801,483.5479732,484.5472414,484.5472414,484.5472414,484.5472414,484.5472414,485.5464348,485.5464348,486.5459902,,,,,x,1,0.9854029,None,RIM,1,2025-10-03_23h00.03.759,Motor Sequence Learning,,2025.1.1,60.05897791,2025-10-03 23h00.13.764823 +0530
-50,x,79,79,19,x,1,0.5887276,None,,,,,19,79,79,0,486.562093,,486.5463108,486.562093,487.561328,487.561328,487.561328,487.561328,487.561328,488.5607194,488.5607194,489.1604555,,,,,x,1,0.5887276,None,RIM,1,2025-10-03_23h00.03.759,Motor Sequence Learning,,2025.1.1,60.05897791,2025-10-03 23h00.13.764823 +0530
-150,z,80,80,20,z,1,0.8217746,None,,,,,20,80,80,3,489.1766897,,489.1607129,489.1766897,490.1757173,490.1757173,490.1757173,490.1757173,490.1757173,491.174863,491.174863,492.0081241,,,,,z,1,0.8217746,None,RIM,1,2025-10-03_23h00.03.759,Motor Sequence Learning,,2025.1.1,60.05897791,2025-10-03 23h00.13.764823 +0530
-50,x,81,81,20,x,1,1.7853216,None,,,,,20,81,81,0,492.024421,,492.0083896,492.024421,493.0235748,493.0235748,493.0235748,493.0235748,493.0235748,494.0225034,494.0225034,495.8216042,,,,,x,1,1.7853216,None,RIM,1,2025-10-03_23h00.03.759,Motor Sequence Learning,,2025.1.1,60.05897791,2025-10-03 23h00.13.764823 +0530
150,v,82,82,19,v,1,1.0028296,None,,,,,19,82,82,1,495.8377624,,495.8219994,495.8377624,496.8369609,496.8369609,496.8369609,496.8369609,496.8369609,497.8361906,497.8361906,498.8523354,,,,,v,1,1.0028296,None,RIM,1,2025-10-03_23h00.03.759,Motor Sequence Learning,,2025.1.1,60.05897791,2025-10-03 23h00.13.764823 +0530
-150,z,83,83,21,z,1,1.5519659,None,,,,,21,83,83,3,498.8685969,,498.8525554,498.8685969,499.8678496,499.8678496,499.8678496,499.8678496,499.8678496,500.8669442,500.8669442,502.4328193,,,,,z,1,1.5519659,None,RIM,1,2025-10-03_23h00.03.759,Motor Sequence Learning,,2025.1.1,60.05897791,2025-10-03 23h00.13.764823 +0530
-150,z,84,84,22,z,1,0.537216,None,,,,,22,84,84,3,502.4490642,,502.4330487,502.4490642,503.4482608,503.4482608,503.4482608,503.4482608,503.4482608,504.4474342,504.4474342,504.9974329,,,,,z,1,0.537216,None,RIM,1,2025-10-03_23h00.03.759,Motor Sequence Learning,,2025.1.1,60.05897791,2025-10-03 23h00.13.764823 +0530
150,v,85,85,20,v,1,0.9778898,None,,,,,20,85,85,1,505.0135639,,504.9977818,505.0135639,506.0127537,506.0127537,506.0127537,506.0127537,506.0127537,507.0120466,507.0120466,507.9948884,,,,,v,1,0.9778898,None,RIM,1,2025-10-03_23h00.03.759,Motor Sequence Learning,,2025.1.1,60.05897791,2025-10-03 23h00.13.764823 +0530
-50,x,86,86,21,x,1,0.6422404,None,,,,,21,86,86,0,508.011109,,507.9951292,508.011109,509.0102074,509.0102074,509.0102074,509.0102074,509.0102074,510.0094533,510.0094533,510.6592991,,,,,x,1,0.6422404,None,RIM,1,2025-10-03_23h00.03.759,Motor Sequence Learning,,2025.1.1,60.05897791,2025-10-03 23h00.13.764823 +0530
50,c,87,87,21,c,1,0.7603275,None,,,,,21,87,87,2,510.6756304,,510.6595232,510.6756304,511.6748583,511.6748583,511.6748583,511.6748583,511.6748583,512.6740086,512.6740086,513.4402524,,,,,c,1,0.7603275,None,RIM,1,2025-10-03_23h00.03.759,Motor Sequence Learning,,2025.1.1,60.05897791,2025-10-03 23h00.13.764823 +0530
-50,x,88,88,22,x,1,0.5859265,None,,,,,22,88,88,0,513.4566428,,513.4404962,513.4566428,514.4559581,514.4559581,514.4559581,514.4559581,514.4559581,515.455037,515.455037,516.0548931,,,,,x,1,0.5859265,None,RIM,1,2025-10-03_23h00.03.759,Motor Sequence Learning,,2025.1.1,60.05897791,2025-10-03 23h00.13.764823 +0530
-150,z,89,89,23,z,1,0.8659152,None,,,,,23,89,89,3,516.0711416,,516.0551497,516.0711416,517.0704506,517.0704506,517.0704506,517.0704506,517.0704506,518.0695108,518.0695108,518.9358611,,,,,z,1,0.8659152,None,RIM,1,2025-10-03_23h00.03.759,Motor Sequence Learning,,2025.1.1,60.05897791,2025-10-03 23h00.13.764823 +0530
50,c,90,90,22,c,1,1.5893917,None,,,,,22,90,90,2,518.9521732,,518.9361002,518.9521732,519.9510064,519.9510064,519.9510064,519.9510064,519.9510064,520.9504493,520.9504493,522.5495214,,,,,c,1,1.5893917,None,RIM,1,2025-10-03_23h00.03.759,Motor Sequence Learning,,2025.1.1,60.05897791,2025-10-03 23h00.13.764823 +0530
150,v,91,91,21,v,1,1.1626092,None,,,,,21,91,91,1,522.5660064,,522.5497779,522.5660064,523.5650484,523.5650484,523.5650484,523.5650484,523.5816842,524.5641908,524.5641908,525.7304428,,,,,v,1,1.1626092,None,RIM,1,2025-10-03_23h00.03.759,Motor Sequence Learning,,2025.1.1,60.05897791,2025-10-03 23h00.13.764823 +0530
50,c,92,92,23,c,1,0.9411063,None,,,,,23,92,92,2,525.7466181,,525.730848,525.7466181,526.7455951,526.7455951,526.7455951,526.7455951,526.7455951,527.7448434,527.7448434,528.6946407,,,,,c,1,0.9411063,None,RIM,1,2025-10-03_23h00.03.759,Motor Sequence Learning,,2025.1.1,60.05897791,2025-10-03 23h00.13.764823 +0530
-50,x,93,93,23,x,1,0.5204902,None,,,,,23,93,93,0,528.7109097,,528.6949829,528.7109097,529.7099337,529.7099337,529.7099337,529.7099337,529.7265275,530.7092302,530.7092302,531.2422171,,,,,x,1,0.5204902,None,RIM,1,2025-10-03_23h00.03.759,Motor Sequence Learning,,2025.1.1,60.05897791,2025-10-03 23h00.13.764823 +0530
150,v,94,94,22,v,1,1.264771,None,,,,,22,94,94,1,531.2586358,,531.2425222,531.2586358,532.2578867,532.2578867,532.2578867,532.2578867,532.2578867,533.2570671,533.2570671,534.5230782,,,,,v,1,1.264771,None,RIM,1,2025-10-03_23h00.03.759,Motor Sequence Learning,,2025.1.1,60.05897791,2025-10-03 23h00.13.764823 +0530
-150,z,95,95,24,z,1,0.7673885,None,,,,,24,95,95,3,534.5393241,,534.5233403,534.5393241,535.5382159,535.5382159,535.5382159,535.5382159,535.5382159,536.5376654,536.5376654,537.3209759,,,,,z,1,0.7673885,None,RIM,1,2025-10-03_23h00.03.759,Motor Sequence Learning,,2025.1.1,60.05897791,2025-10-03 23h00.13.764823 +0530
150,v,96,96,23,v,1,1.1296145,None,,,,,23,96,96,1,537.3369575,,537.3212193,537.3369575,538.3362201,538.3362201,538.3362201,538.3362201,538.3362201,539.3351993,539.3351993,540.4680579,,,,,v,1,1.1296145,None,RIM,1,2025-10-03_23h00.03.759,Motor Sequence Learning,,2025.1.1,60.05897791,2025-10-03 23h00.13.764823 +0530
-50,x,97,97,24,x,1,3.7471837,None,,,,,24,97,97,0,540.4843865,,540.468284,540.4843865,541.4836485,541.4836485,541.4836485,541.4836485,541.4836485,542.4827338,542.4827338,546.2303894,,,,,x,1,3.7471837,None,RIM,1,2025-10-03_23h00.03.759,Motor Sequence Learning,,2025.1.1,60.05897791,2025-10-03 23h00.13.764823 +0530
150,v,98,98,24,v,1,1.8432948,None,,,,,24,98,98,1,546.2462486,,546.2306302,546.2462486,547.2454327,547.2454327,547.2454327,547.2454327,547.2454327,548.2448703,548.2448703,550.0936632,,,,,v,1,1.8432948,None,RIM,1,2025-10-03_23h00.03.759,Motor Sequence Learning,,2025.1.1,60.05897791,2025-10-03 23h00.13.764823 +0530
50,c,99,99,24,c,1,0.7041959,None,,,,,24,99,99,2,550.1099143,,550.0939352,550.1099143,551.1090312,551.1090312,551.1090312,551.1090312,551.1090312,552.1081273,552.1081273,552.824611,,,,,c,1,0.7041959,None,RIM,1,2025-10-03_23h00.03.759,Motor Sequence Learning,,2025.1.1,60.05897791,2025-10-03 23h00.13.764823 +0530
