thisN,thisTrialN,thisRepN,mouse.x,mouse.y,mouse.leftButton,mouse.midButton,mouse.rightButton,mouse.time,mouse.clicked_name,trials.thisRepN,trials.thisTrialN,trials.thisN,trials.thisIndex,thisRow.t,notes,num_distr,trial.started,fixation.started,target.started,mouse.started,trial.stopped,trials.mouse.x,trials.mouse.y,trials.mouse.leftButton,trials.mouse.midButton,trials.mouse.rightButton,trials.mouse.time,trials.mouse.clicked_name,participant,session,date,expName,expVersion,psychopyVersion,frameRate,expStart,
0,0,0,[np.float64(-0.44537037037037036)],[np.float64(-0.4185185185185185)],[1],[0],[0],[3.311748699983582],['target'],0,0,0,0,0.0686864000163041,,10,0.040153699985239655,0.0686864000163041,0.0686864000163041,0.040210000006482005,3.3519454000052065,[np.float64(-0.44537037037037036)],[np.float64(-0.4185185185185185)],[1],[0],[0],[3.311748699983582],['target'],RIM,001,2025-09-30_18h31.43.714,Visual search experiment,,2025.1.1,60.0761164386321,2025-09-30 18h31.55.390128 +0530,
1,0,1,[np.float64(0.02962962962962963)],[np.float64(0.3675925925925926)],[1],[0],[0],[2.1364442000049166],['target'],1,0,1,0,3.3700896999798715,,5,3.3639127999776974,3.3700896999798715,3.3700896999798715,0.011812399956397712,5.500497100001667,[np.float64(0.02962962962962963)],[np.float64(0.3675925925925926)],[1],[0],[0],[2.1364442000049166],['target'],RIM,001,2025-09-30_18h31.43.714,Visual search experiment,,2025.1.1,60.0761164386321,2025-09-30 18h31.55.390128 +0530,
2,0,2,[np.float64(0.4740740740740741)],[np.float64(0.4861111111111111)],[1],[0],[0],[2.6019656999851577],['target'],2,0,2,0,5.534744500007946,,10,5.526800599996932,5.534744500007946,5.534744500007946,0.02601260005030781,8.12882709997939,[np.float64(0.4740740740740741)],[np.float64(0.4861111111111111)],[1],[0],[0],[2.6019656999851577],['target'],RIM,001,2025-09-30_18h31.43.714,Visual search experiment,,2025.1.1,60.0761164386321,2025-09-30 18h31.55.390128 +0530,
3,0,3,[np.float64(0.3907407407407407)],[np.float64(-0.03611111111111111)],[1],[0],[0],[1.8839049999951385],['target'],3,0,3,0,8.15518990001874,,10,8.147437400009949,8.15518990001874,8.15518990001874,0.018474999989848584,10.0314663000172,[np.float64(0.3907407407407407)],[np.float64(-0.03611111111111111)],[1],[0],[0],[1.8839049999951385],['target'],RIM,001,2025-09-30_18h31.43.714,Visual search experiment,,2025.1.1,60.0761164386321,2025-09-30 18h31.55.390128 +0530,
4,0,4,[np.float64(0.33240740740740743)],[np.float64(-0.18055555555555555)],[1],[0],[0],[1.7955449000000954],['target'],4,0,4,0,10.053145200014114,,5,10.048009700025432,10.053145200014114,10.053145200014114,0.016273100045509636,11.843666800006758,[np.float64(0.33240740740740743)],[np.float64(-0.18055555555555555)],[1],[0],[0],[1.7955449000000954],['target'],RIM,001,2025-09-30_18h31.43.714,Visual search experiment,,2025.1.1,60.0761164386321,2025-09-30 18h31.55.390128 +0530,
5,0,5,[np.float64(-0.31666666666666665)],[np.float64(-0.23703703703703705)],[1],[0],[0],[2.5910644000396132],['target'],5,0,5,0,11.875211999984458,,10,11.867836699995678,11.875211999984458,11.875211999984458,0.02402119996258989,14.458983100019395,[np.float64(-0.31666666666666665)],[np.float64(-0.23703703703703705)],[1],[0],[0],[2.5910644000396132],['target'],RIM,001,2025-09-30_18h31.43.714,Visual search experiment,,2025.1.1,60.0761164386321,2025-09-30 18h31.55.390128 +0530,
6,0,6,[np.float64(0.4703703703703704)],[np.float64(-0.48055555555555557)],[1],[0],[0],[2.639145900029689],['target'],6,0,6,0,14.500169500010088,,10,14.482750500028487,14.500169500010088,14.500169500010088,0.023605399997904897,17.122121900029015,[np.float64(0.4703703703703704)],[np.float64(-0.48055555555555557)],[1],[0],[0],[2.639145900029689],['target'],RIM,001,2025-09-30_18h31.43.714,Visual search experiment,,2025.1.1,60.0761164386321,2025-09-30 18h31.55.390128 +0530,
7,0,7,[np.float64(0.1787037037037037)],[np.float64(0.04537037037037037)],[1],[0],[0],[1.5253003999823704],['target'],7,0,7,0,17.153873200004455,,10,17.145286499988288,17.153873200004455,17.153873200004455,0.022770100040361285,18.670680499984883,[np.float64(0.1787037037037037)],[np.float64(0.04537037037037037)],[1],[0],[0],[1.5253003999823704],['target'],RIM,001,2025-09-30_18h31.43.714,Visual search experiment,,2025.1.1,60.0761164386321,2025-09-30 18h31.55.390128 +0530,
8,0,8,[np.float64(-0.11296296296296296)],[np.float64(0.3972222222222222)],[1],[0],[0],[1.7241777000017464],['target'],8,0,8,0,18.691288500034716,,5,18.68211930000689,18.691288500034716,18.691288500034716,0.01111059996765107,20.40642770001432,[np.float64(-0.11296296296296296)],[np.float64(0.3972222222222222)],[1],[0],[0],[1.7241777000017464],['target'],RIM,001,2025-09-30_18h31.43.714,Visual search experiment,,2025.1.1,60.0761164386321,2025-09-30 18h31.55.390128 +0530,
9,0,9,[np.float64(-0.35)],[np.float64(-0.26481481481481484)],[1],[0],[0],[2.6902417999808677],['target'],9,0,9,0,20.447733199980576,,10,20.429153500008397,20.447733199980576,20.447733199980576,0.02244500000961125,23.119524399982765,[np.float64(-0.35)],[np.float64(-0.26481481481481484)],[1],[0],[0],[2.6902417999808677],['target'],RIM,001,2025-09-30_18h31.43.714,Visual search experiment,,2025.1.1,60.0761164386321,2025-09-30 18h31.55.390128 +0530,
10,0,10,[np.float64(-0.04351851851851852)],[np.float64(0.29907407407407405)],[1],[0],[0],[3.2222125999978743],['target'],10,0,10,0,23.152446100022644,,10,23.14366689999588,23.152446100022644,23.152446100022644,0.023851200006902218,26.366101899999194,[np.float64(-0.04351851851851852)],[np.float64(0.29907407407407405)],[1],[0],[0],[3.2222125999978743],['target'],RIM,001,2025-09-30_18h31.43.714,Visual search experiment,,2025.1.1,60.0761164386321,2025-09-30 18h31.55.390128 +0530,
11,0,11,[np.float64(-0.09166666666666666)],[np.float64(-0.26944444444444443)],[1],[0],[0],[2.1374083000118844],['target'],11,0,11,0,26.402022299997043,,5,26.391216800024267,26.402022299997043,26.402022299997043,0.02473110001301393,28.528659000003245,[np.float64(-0.09166666666666666)],[np.float64(-0.26944444444444443)],[1],[0],[0],[2.1374083000118844],['target'],RIM,001,2025-09-30_18h31.43.714,Visual search experiment,,2025.1.1,60.0761164386321,2025-09-30 18h31.55.390128 +0530,
12,0,12,[np.float64(-0.05185185185185185)],[np.float64(-0.3425925925925926)],[1],[0],[0],[3.798087500035763],['target'],12,0,12,0,28.55814450001344,,10,28.546193499991205,28.55814450001344,28.55814450001344,0.01741449994733557,32.344372700026724,[np.float64(-0.05185185185185185)],[np.float64(-0.3425925925925926)],[1],[0],[0],[3.798087500035763],['target'],RIM,001,2025-09-30_18h31.43.714,Visual search experiment,,2025.1.1,60.0761164386321,2025-09-30 18h31.55.390128 +0530,
13,0,13,[np.float64(0.19166666666666668)],[np.float64(-0.006481481481481481)],[1],[0],[0],[2.1318240000400692],['target'],13,0,13,0,32.36656799999764,,5,32.36027710000053,32.36656799999764,32.36656799999764,0.015710000006947666,34.49223480001092,[np.float64(0.19166666666666668)],[np.float64(-0.006481481481481481)],[1],[0],[0],[2.1318240000400692],['target'],RIM,001,2025-09-30_18h31.43.714,Visual search experiment,,2025.1.1,60.0761164386321,2025-09-30 18h31.55.390128 +0530,
14,0,14,[np.float64(-0.12129629629629629)],[np.float64(-0.046296296296296294)],[1],[0],[0],[1.8315093999844976],['target'],14,0,14,0,34.51405140000861,,5,34.50718409998808,34.51405140000861,34.51405140000861,0.014764900028239936,36.338753500021994,[np.float64(-0.12129629629629629)],[np.float64(-0.046296296296296294)],[1],[0],[0],[1.8315093999844976],['target'],RIM,001,2025-09-30_18h31.43.714,Visual search experiment,,2025.1.1,60.0761164386321,2025-09-30 18h31.55.390128 +0530,
15,0,15,[np.float64(0.1675925925925926)],[np.float64(-0.3351851851851852)],[1],[0],[0],[4.8298734000418335],['target'],15,0,15,0,36.37504860002082,,10,36.35645309998654,36.37504860002082,36.37504860002082,0.01759419997688383,41.18642220000038,[np.float64(0.1675925925925926)],[np.float64(-0.3351851851851852)],[1],[0],[0],[4.8298734000418335],['target'],RIM,001,2025-09-30_18h31.43.714,Visual search experiment,,2025.1.1,60.0761164386321,2025-09-30 18h31.55.390128 +0530,
16,0,16,[np.float64(-0.06018518518518518)],[np.float64(0.20277777777777778)],[1],[0],[0],[3.193311500013806],['target'],16,0,16,0,41.217837399977725,,10,41.209135700017214,41.217837399977725,41.217837399977725,0.022509000031277537,44.40256830002181,[np.float64(-0.06018518518518518)],[np.float64(0.20277777777777778)],[1],[0],[0],[3.193311500013806],['target'],RIM,001,2025-09-30_18h31.43.714,Visual search experiment,,2025.1.1,60.0761164386321,2025-09-30 18h31.55.390128 +0530,
17,0,17,[np.float64(-0.14444444444444443)],[np.float64(0.4166666666666667)],[1],[0],[0],[1.7532031000009738],['target'],17,0,17,0,44.43949520000024,,10,44.430451299995184,44.43949520000024,44.43949520000024,0.027529300015885383,46.18373490002705,[np.float64(-0.14444444444444443)],[np.float64(0.4166666666666667)],[1],[0],[0],[1.7532031000009738],['target'],RIM,001,2025-09-30_18h31.43.714,Visual search experiment,,2025.1.1,60.0761164386321,2025-09-30 18h31.55.390128 +0530,
18,0,18,[np.float64(-0.4009259259259259)],[np.float64(-0.33611111111111114)],[1],[0],[0],[1.6689365000347607],['target'],18,0,18,0,46.209664800029714,,5,46.196785899985116,46.209664800029714,46.209664800029714,0.012833100045099854,47.8658116000006,[np.float64(-0.4009259259259259)],[np.float64(-0.33611111111111114)],[1],[0],[0],[1.6689365000347607],['target'],RIM,001,2025-09-30_18h31.43.714,Visual search experiment,,2025.1.1,60.0761164386321,2025-09-30 18h31.55.390128 +0530,
19,0,19,[np.float64(-0.3194444444444444)],[np.float64(-0.15185185185185185)],[1],[0],[0],[2.1070220000110567],['target'],19,0,19,0,47.89775980002014,,10,47.88716949999798,47.89775980002014,47.89775980002014,0.021224499971140176,49.99424580001505,[np.float64(-0.3194444444444444)],[np.float64(-0.15185185185185185)],[1],[0],[0],[2.1070220000110567],['target'],RIM,001,2025-09-30_18h31.43.714,Visual search experiment,,2025.1.1,60.0761164386321,2025-09-30 18h31.55.390128 +0530,
20,0,20,[np.float64(-0.21296296296296297)],[np.float64(-0.21388888888888888)],[1],[0],[0],[2.085395200003404],['target'],20,0,20,0,50.01405130000785,,5,50.007962699979544,50.01405130000785,50.01405130000785,0.01358040003105998,52.09349749999819,[np.float64(-0.21296296296296297)],[np.float64(-0.21388888888888888)],[1],[0],[0],[2.085395200003404],['target'],RIM,001,2025-09-30_18h31.43.714,Visual search experiment,,2025.1.1,60.0761164386321,2025-09-30 18h31.55.390128 +0530,
21,0,21,[np.float64(0.2962962962962963)],[np.float64(-0.09444444444444444)],[1],[0],[0],[1.5398876999970526],['target'],21,0,21,0,52.11753230000613,,5,52.106501500005834,52.11753230000613,52.11753230000613,0.012748299981467426,53.646521600021515,[np.float64(0.2962962962962963)],[np.float64(-0.09444444444444444)],[1],[0],[0],[1.5398876999970526],['target'],RIM,001,2025-09-30_18h31.43.714,Visual search experiment,,2025.1.1,60.0761164386321,2025-09-30 18h31.55.390128 +0530,
22,0,22,[np.float64(0.12777777777777777)],[np.float64(-0.09444444444444444)],[1],[0],[0],[1.2850834000273608],['target'],22,0,22,0,53.6676125000231,,5,53.66021030000411,53.6676125000231,53.6676125000231,0.013428299978841096,54.945481200004,[np.float64(0.12777777777777777)],[np.float64(-0.09444444444444444)],[1],[0],[0],[1.2850834000273608],['target'],RIM,001,2025-09-30_18h31.43.714,Visual search experiment,,2025.1.1,60.0761164386321,2025-09-30 18h31.55.390128 +0530,
23,0,23,[np.float64(-0.30092592592592593)],[np.float64(0.2361111111111111)],[1],[0],[0],[2.5215921999770217],['target'],23,0,23,0,54.98152040003333,,10,54.96951030002674,54.98152040003333,54.98152040003333,0.023549499979708344,57.49123089999193,[np.float64(-0.30092592592592593)],[np.float64(0.2361111111111111)],[1],[0],[0],[2.5215921999770217],['target'],RIM,001,2025-09-30_18h31.43.714,Visual search experiment,,2025.1.1,60.0761164386321,2025-09-30 18h31.55.390128 +0530,
24,0,24,[np.float64(-0.40185185185185185)],[np.float64(0.2712962962962963)],[1],[0],[0],[1.0843803000170738],['target'],24,0,24,0,57.52027570002247,,5,57.50617639999837,57.52027570002247,57.52027570002247,0.014620099973399192,58.59065070003271,[np.float64(-0.40185185185185185)],[np.float64(0.2712962962962963)],[1],[0],[0],[1.0843803000170738],['target'],RIM,001,2025-09-30_18h31.43.714,Visual search experiment,,2025.1.1,60.0761164386321,2025-09-30 18h31.55.390128 +0530,
25,0,25,[np.float64(0.20833333333333334)],[np.float64(0.3074074074074074)],[1],[0],[0],[1.3138589999871328],['target'],25,0,25,0,58.615932999993674,,5,58.60809170000721,58.615932999993674,58.615932999993674,0.01727229997050017,59.9221256999881,[np.float64(0.20833333333333334)],[np.float64(0.3074074074074074)],[1],[0],[0],[1.3138589999871328],['target'],RIM,001,2025-09-30_18h31.43.714,Visual search experiment,,2025.1.1,60.0761164386321,2025-09-30 18h31.55.390128 +0530,
26,0,26,[np.float64(0.3388888888888889)],[np.float64(0.0)],[1],[0],[0],[1.8790014000260271],['target'],26,0,26,0,59.9513415999827,,5,59.94238790002419,59.9513415999827,59.9513415999827,0.020058800000697374,61.82155019999482,[np.float64(0.3388888888888889)],[np.float64(0.0)],[1],[0],[0],[1.8790014000260271],['target'],RIM,001,2025-09-30_18h31.43.714,Visual search experiment,,2025.1.1,60.0761164386321,2025-09-30 18h31.55.390128 +0530,
27,0,27,[np.float64(0.3638888888888889)],[np.float64(-0.4583333333333333)],[1],[0],[0],[3.073475099983625],['target'],27,0,27,0,61.8548715999932,,10,61.84440479998011,61.8548715999932,61.8548715999932,0.022583000012673438,64.91801840002881,[np.float64(0.3638888888888889)],[np.float64(-0.4583333333333333)],[1],[0],[0],[3.073475099983625],['target'],RIM,001,2025-09-30_18h31.43.714,Visual search experiment,,2025.1.1,60.0761164386321,2025-09-30 18h31.55.390128 +0530,
28,0,28,[np.float64(0.46574074074074073)],[np.float64(0.2916666666666667)],[1],[0],[0],[1.7942984999972396],['target'],28,0,28,0,64.9498528999975,,10,64.94058049999876,64.9498528999975,64.9498528999975,0.022098399989772588,66.73499820003053,[np.float64(0.46574074074074073)],[np.float64(0.2916666666666667)],[1],[0],[0],[1.7942984999972396],['target'],RIM,001,2025-09-30_18h31.43.714,Visual search experiment,,2025.1.1,60.0761164386321,2025-09-30 18h31.55.390128 +0530,
29,0,29,[np.float64(-0.337037037037037)],[np.float64(0.18703703703703703)],[1],[0],[0],[1.5706782000488602],['target'],29,0,29,0,66.77030720002949,,10,66.7595967000234,66.77030720002949,66.77030720002949,0.02431170002091676,68.3303529000259,[np.float64(-0.337037037037037)],[np.float64(0.18703703703703703)],[1],[0],[0],[1.5706782000488602],['target'],RIM,001,2025-09-30_18h31.43.714,Visual search experiment,,2025.1.1,60.0761164386321,2025-09-30 18h31.55.390128 +0530,
30,0,30,[np.float64(0.24351851851851852)],[np.float64(0.18518518518518517)],[1],[0],[0],[2.201857600011863],['target'],30,0,30,0,68.34908730001189,,5,68.34311339998385,68.34908730001189,68.34908730001189,0.012586600030772388,70.54505610000342,[np.float64(0.24351851851851852)],[np.float64(0.18518518518518517)],[1],[0],[0],[2.201857600011863],['target'],RIM,001,2025-09-30_18h31.43.714,Visual search experiment,,2025.1.1,60.0761164386321,2025-09-30 18h31.55.390128 +0530,
31,0,31,[np.float64(-0.27314814814814814)],[np.float64(0.3111111111111111)],[1],[0],[0],[1.4379431999986991],['target'],31,0,31,0,70.58419690001756,,10,70.5731012999895,70.58419690001756,70.58419690001756,0.027918500010855496,72.0111418000306,[np.float64(-0.27314814814814814)],[np.float64(0.3111111111111111)],[1],[0],[0],[1.4379431999986991],['target'],RIM,001,2025-09-30_18h31.43.714,Visual search experiment,,2025.1.1,60.0761164386321,2025-09-30 18h31.55.390128 +0530,
32,0,32,[np.float64(0.22685185185185186)],[np.float64(-0.11574074074074074)],[1],[0],[0],[2.3684198999544606],['target'],32,0,32,0,72.03313270001672,,5,72.02377959998557,72.03313270001672,72.03313270001672,0.012416400015354156,74.39235759997973,[np.float64(0.22685185185185186)],[np.float64(-0.11574074074074074)],[1],[0],[0],[2.3684198999544606],['target'],RIM,001,2025-09-30_18h31.43.714,Visual search experiment,,2025.1.1,60.0761164386321,2025-09-30 18h31.55.390128 +0530,
33,0,33,[np.float64(-0.15833333333333333)],[np.float64(-0.32685185185185184)],[1],[0],[0],[1.8328839000314474],['target'],33,0,33,0,74.41431040002499,,5,74.40746140002739,74.41431040002499,74.41431040002499,0.015004399989265949,76.24044690001756,[np.float64(-0.15833333333333333)],[np.float64(-0.32685185185185184)],[1],[0],[0],[1.8328839000314474],['target'],RIM,001,2025-09-30_18h31.43.714,Visual search experiment,,2025.1.1,60.0761164386321,2025-09-30 18h31.55.390128 +0530,
34,0,34,[np.float64(0.2212962962962963)],[np.float64(-0.1814814814814815)],[1],[0],[0],[2.7922519999556243],['target'],34,0,34,0,76.26872729999013,,10,76.26118720002705,76.26872729999013,76.26872729999013,0.020529900037217885,79.05349279998336,[np.float64(0.2212962962962963)],[np.float64(-0.1814814814814815)],[1],[0],[0],[2.7922519999556243],['target'],RIM,001,2025-09-30_18h31.43.714,Visual search experiment,,2025.1.1,60.0761164386321,2025-09-30 18h31.55.390128 +0530,
35,0,35,[np.float64(0.1935185185185185)],[np.float64(0.2657407407407407)],[1],[0],[0],[1.6755075000110082],['target'],35,0,35,0,79.06956309999805,,5,79.06336810003268,79.06956309999805,79.06956309999805,0.009769299998879433,80.73895740002627,[np.float64(0.1935185185185185)],[np.float64(0.2657407407407407)],[1],[0],[0],[1.6755075000110082],['target'],RIM,001,2025-09-30_18h31.43.714,Visual search experiment,,2025.1.1,60.0761164386321,2025-09-30 18h31.55.390128 +0530,
36,0,36,[np.float64(-0.13518518518518519)],[np.float64(0.18425925925925926)],[1],[0],[0],[1.7842728000250645],['target'],36,0,36,0,80.75624160002917,,5,80.75120390002849,80.75624160002917,80.75624160002917,0.012120599974878132,82.53571279998869,[np.float64(-0.13518518518518519)],[np.float64(0.18425925925925926)],[1],[0],[0],[1.7842728000250645],['target'],RIM,001,2025-09-30_18h31.43.714,Visual search experiment,,2025.1.1,60.0761164386321,2025-09-30 18h31.55.390128 +0530,
37,0,37,[np.float64(-0.2935185185185185)],[np.float64(0.4703703703703704)],[1],[0],[0],[1.6453985000262037],['target'],37,0,37,0,82.57467290002387,,10,82.55817239999305,82.57467290002387,82.57467290002387,0.02226850000442937,84.20370670000557,[np.float64(-0.2935185185185185)],[np.float64(0.4703703703703704)],[1],[0],[0],[1.6453985000262037],['target'],RIM,001,2025-09-30_18h31.43.714,Visual search experiment,,2025.1.1,60.0761164386321,2025-09-30 18h31.55.390128 +0530,
38,0,38,[np.float64(0.46111111111111114)],[np.float64(0.47962962962962963)],[1],[0],[0],[2.412529600027483],['target'],38,0,38,0,84.22964490001323,,5,84.2196597000002,84.22964490001323,84.22964490001323,0.015598799975123256,86.63231439999072,[np.float64(0.46111111111111114)],[np.float64(0.47962962962962963)],[1],[0],[0],[2.412529600027483],['target'],RIM,001,2025-09-30_18h31.43.714,Visual search experiment,,2025.1.1,60.0761164386321,2025-09-30 18h31.55.390128 +0530,
39,0,39,[np.float64(0.10925925925925926)],[np.float64(0.49166666666666664)],[1],[0],[0],[1.0670792000018992],['target'],39,0,39,0,86.65771230001701,,5,86.65006379998522,86.65771230001701,86.65771230001701,0.01756459998432547,87.71726080001099,[np.float64(0.10925925925925926)],[np.float64(0.49166666666666664)],[1],[0],[0],[1.0670792000018992],['target'],RIM,001,2025-09-30_18h31.43.714,Visual search experiment,,2025.1.1,60.0761164386321,2025-09-30 18h31.55.390128 +0530,
40,0,40,[np.float64(0.11574074074074074)],[np.float64(-0.10277777777777777)],[1],[0],[0],[2.548644799971953],['target'],40,0,40,0,87.73865469999146,,5,87.73057960002916,87.73865469999146,87.73865469999146,0.013036400021519512,90.27931280003395,[np.float64(0.11574074074074074)],[np.float64(-0.10277777777777777)],[1],[0],[0],[2.548644799971953],['target'],RIM,001,2025-09-30_18h31.43.714,Visual search experiment,,2025.1.1,60.0761164386321,2025-09-30 18h31.55.390128 +0530,
41,0,41,[np.float64(0.1787037037037037)],[np.float64(0.1037037037037037)],[1],[0],[0],[1.7740412999992259],['target'],41,0,41,0,90.31801049999194,,10,90.30312759999651,90.31801049999194,90.31801049999194,0.023671100032515824,92.07728430000134,[np.float64(0.1787037037037037)],[np.float64(0.1037037037037037)],[1],[0],[0],[1.7740412999992259],['target'],RIM,001,2025-09-30_18h31.43.714,Visual search experiment,,2025.1.1,60.0761164386321,2025-09-30 18h31.55.390128 +0530,
42,0,42,[np.float64(-0.05462962962962963)],[np.float64(0.18518518518518517)],[1],[0],[0],[1.4512465999578126],['target'],42,0,42,0,92.09865599998739,,5,92.09337499999674,92.09865599998739,92.09865599998739,0.015662699996028095,93.54470199998468,[np.float64(-0.05462962962962963)],[np.float64(0.18518518518518517)],[1],[0],[0],[1.4512465999578126],['target'],RIM,001,2025-09-30_18h31.43.714,Visual search experiment,,2025.1.1,60.0761164386321,2025-09-30 18h31.55.390128 +0530,
43,0,43,[np.float64(-0.337037037037037)],[np.float64(-0.21203703703703702)],[1],[0],[0],[1.9373990000458434],['target'],43,0,43,0,93.58486140001332,,10,93.5705663000117,93.58486140001332,93.58486140001332,0.025768599996808916,95.50806930003455,[np.float64(-0.337037037037037)],[np.float64(-0.21203703703703702)],[1],[0],[0],[1.9373990000458434],['target'],RIM,001,2025-09-30_18h31.43.714,Visual search experiment,,2025.1.1,60.0761164386321,2025-09-30 18h31.55.390128 +0530,
44,0,44,[np.float64(0.29814814814814816)],[np.float64(0.008333333333333333)],[1],[0],[0],[1.7572682999889366],['target'],44,0,44,0,95.52514009998413,,5,95.5198376000044,95.52514009998413,95.52514009998413,0.011571799986995757,97.27724680001847,[np.float64(0.29814814814814816)],[np.float64(0.008333333333333333)],[1],[0],[0],[1.7572682999889366],['target'],RIM,001,2025-09-30_18h31.43.714,Visual search experiment,,2025.1.1,60.0761164386321,2025-09-30 18h31.55.390128 +0530,
45,0,45,[np.float64(-0.07314814814814814)],[np.float64(0.24722222222222223)],[1],[0],[0],[1.4010770000168122],['target'],45,0,45,0,97.29736939998111,,5,97.29185759997927,97.29736939998111,97.29736939998111,0.014360599976498634,98.69306630000938,[np.float64(-0.07314814814814814)],[np.float64(0.24722222222222223)],[1],[0],[0],[1.4010770000168122],['target'],RIM,001,2025-09-30_18h31.43.714,Visual search experiment,,2025.1.1,60.0761164386321,2025-09-30 18h31.55.390128 +0530,
46,0,46,[np.float64(0.4305555555555556)],[np.float64(-0.25092592592592594)],[1],[0],[0],[1.3475991999730468],['target'],46,0,46,0,98.71409580000909,,5,98.70866960001877,98.71409580000909,98.71409580000909,0.015353600028902292,100.05634349997854,[np.float64(0.4305555555555556)],[np.float64(-0.25092592592592594)],[1],[0],[0],[1.3475991999730468],['target'],RIM,001,2025-09-30_18h31.43.714,Visual search experiment,,2025.1.1,60.0761164386321,2025-09-30 18h31.55.390128 +0530,
47,0,47,[np.float64(-0.27685185185185185)],[np.float64(-0.2796296296296296)],[1],[0],[0],[4.078206999984104],['target'],47,0,47,0,100.08292830002028,,10,100.0755820000195,100.08292830002028,100.08292830002028,0.019108499982394278,104.15386520000175,[np.float64(-0.27685185185185185)],[np.float64(-0.2796296296296296)],[1],[0],[0],[4.078206999984104],['target'],RIM,001,2025-09-30_18h31.43.714,Visual search experiment,,2025.1.1,60.0761164386321,2025-09-30 18h31.55.390128 +0530,
48,0,48,[np.float64(-0.275)],[np.float64(-0.3)],[1],[0],[0],[1.3856082999845967],['target'],48,0,48,0,104.17011090001324,,5,104.16497069998877,104.17011090001324,104.17011090001324,0.010936499980743974,105.55067889997736,[np.float64(-0.275)],[np.float64(-0.3)],[1],[0],[0],[1.3856082999845967],['target'],RIM,001,2025-09-30_18h31.43.714,Visual search experiment,,2025.1.1,60.0761164386321,2025-09-30 18h31.55.390128 +0530,
49,0,49,[np.float64(-0.38425925925925924)],[np.float64(0.18703703703703703)],[1],[0],[0],[2.0754792999941856],['target'],49,0,49,0,105.5840179999941,,10,105.5751326000318,105.5840179999941,105.5840179999941,0.024307799991220236,107.65075420000358,[np.float64(-0.38425925925925924)],[np.float64(0.18703703703703703)],[1],[0],[0],[2.0754792999941856],['target'],RIM,001,2025-09-30_18h31.43.714,Visual search experiment,,2025.1.1,60.0761164386321,2025-09-30 18h31.55.390128 +0530,
50,0,50,[np.float64(0.19444444444444445)],[np.float64(0.45555555555555555)],[1],[0],[0],[1.5795675999834202],['target'],50,0,50,0,107.6751505000284,,5,107.66633530001855,107.6751505000284,107.6751505000284,0.015205100004095584,109.24600290000672,[np.float64(0.19444444444444445)],[np.float64(0.45555555555555555)],[1],[0],[0],[1.5795675999834202],['target'],RIM,001,2025-09-30_18h31.43.714,Visual search experiment,,2025.1.1,60.0761164386321,2025-09-30 18h31.55.390128 +0530,
51,0,51,[np.float64(0.09907407407407408)],[np.float64(-0.2833333333333333)],[1],[0],[0],[2.994424499978777],['target'],51,0,51,0,109.28427240002202,,10,109.26748029998271,109.28427240002202,109.28427240002202,0.02125089999753982,112.2620004999917,[np.float64(0.09907407407407408)],[np.float64(-0.2833333333333333)],[1],[0],[0],[2.994424499978777],['target'],RIM,001,2025-09-30_18h31.43.714,Visual search experiment,,2025.1.1,60.0761164386321,2025-09-30 18h31.55.390128 +0530,
52,0,52,[np.float64(0.4722222222222222)],[np.float64(-0.40370370370370373)],[1],[0],[0],[2.321659700013697],['target'],52,0,52,0,112.29614699998638,,10,112.28659279999556,112.29614699998638,112.29614699998638,0.02434869995340705,114.60836250003194,[np.float64(0.4722222222222222)],[np.float64(-0.40370370370370373)],[1],[0],[0],[2.321659700013697],['target'],RIM,001,2025-09-30_18h31.43.714,Visual search experiment,,2025.1.1,60.0761164386321,2025-09-30 18h31.55.390128 +0530,
53,0,53,[np.float64(-0.262037037037037)],[np.float64(0.4212962962962963)],[1],[0],[0],[2.0386505000060424],['target'],53,0,53,0,114.63004239997827,,5,114.62036040000385,114.63004239997827,114.63004239997827,0.011724199983291328,116.659092899994,[np.float64(-0.262037037037037)],[np.float64(0.4212962962962963)],[1],[0],[0],[2.0386505000060424],['target'],RIM,001,2025-09-30_18h31.43.714,Visual search experiment,,2025.1.1,60.0761164386321,2025-09-30 18h31.55.390128 +0530,
54,0,54,[np.float64(0.4009259259259259)],[np.float64(-0.023148148148148147)],[1],[0],[0],[2.4358468999853358],['target'],54,0,54,0,116.67939870001283,,5,116.67063549999148,116.67939870001283,116.67939870001283,0.011401499970816076,119.10659179999493,[np.float64(0.4009259259259259)],[np.float64(-0.023148148148148147)],[1],[0],[0],[2.4358468999853358],['target'],RIM,001,2025-09-30_18h31.43.714,Visual search experiment,,2025.1.1,60.0761164386321,2025-09-30 18h31.55.390128 +0530,
55,0,55,[np.float64(0.09351851851851851)],[np.float64(-0.18518518518518517)],[1],[0],[0],[1.900692600000184],['target'],55,0,55,0,119.14371939998819,,10,119.13524780003354,119.14371939998819,119.14371939998819,0.028491599950939417,121.0359877999872,[np.float64(0.09351851851851851)],[np.float64(-0.18518518518518517)],[1],[0],[0],[1.900692600000184],['target'],RIM,001,2025-09-30_18h31.43.714,Visual search experiment,,2025.1.1,60.0761164386321,2025-09-30 18h31.55.390128 +0530,
56,0,56,[np.float64(-0.02962962962962963)],[np.float64(0.08518518518518518)],[1],[0],[0],[1.6056777999619953],['target'],56,0,56,0,121.05274770001415,,5,121.04715170001145,121.05274770001415,121.05274770001415,0.011020899983122945,122.65291800000705,[np.float64(-0.02962962962962963)],[np.float64(0.08518518518518518)],[1],[0],[0],[1.6056777999619953],['target'],RIM,001,2025-09-30_18h31.43.714,Visual search experiment,,2025.1.1,60.0761164386321,2025-09-30 18h31.55.390128 +0530,
57,0,57,[np.float64(0.35185185185185186)],[np.float64(-0.45)],[1],[0],[0],[3.1094631000305526],['target'],57,0,57,0,122.68678940000245,,10,122.67511379998177,122.68678940000245,122.68678940000245,0.022070299950428307,125.78480389999459,[np.float64(0.35185185185185186)],[np.float64(-0.45)],[1],[0],[0],[3.1094631000305526],['target'],RIM,001,2025-09-30_18h31.43.714,Visual search experiment,,2025.1.1,60.0761164386321,2025-09-30 18h31.55.390128 +0530,
58,0,58,[np.float64(0.10092592592592593)],[np.float64(0.2972222222222222)],[1],[0],[0],[5.213639900030103],['target'],58,0,58,0,125.84412830002839,,10,125.83197230001679,125.84412830002839,125.84412830002839,0.04671019996749237,131.04565709998133,[np.float64(0.10092592592592593)],[np.float64(0.2972222222222222)],[1],[0],[0],[5.213639900030103],['target'],RIM,001,2025-09-30_18h31.43.714,Visual search experiment,,2025.1.1,60.0761164386321,2025-09-30 18h31.55.390128 +0530,
59,0,59,[np.float64(-0.028703703703703703)],[np.float64(0.032407407407407406)],[1],[0],[0],[2.039381099981256],['target'],59,0,59,0,131.06339550000848,,5,131.05741300003137,131.06339550000848,131.06339550000848,0.011621799960266799,133.09691930003464,[np.float64(-0.028703703703703703)],[np.float64(0.032407407407407406)],[1],[0],[0],[2.039381099981256],['target'],RIM,001,2025-09-30_18h31.43.714,Visual search experiment,,2025.1.1,60.0761164386321,2025-09-30 18h31.55.390128 +0530,
60,0,60,[np.float64(-0.3194444444444444)],[np.float64(0.4074074074074074)],[1],[0],[0],[2.154333400016185],['target'],60,0,60,0,133.12958960002288,,10,133.12086460000137,133.12958960002288,133.12958960002288,0.023690200003329664,135.27529479999794,[np.float64(-0.3194444444444444)],[np.float64(0.4074074074074074)],[1],[0],[0],[2.154333400016185],['target'],RIM,001,2025-09-30_18h31.43.714,Visual search experiment,,2025.1.1,60.0761164386321,2025-09-30 18h31.55.390128 +0530,
61,0,61,[np.float64(-0.23981481481481481)],[np.float64(0.14907407407407408)],[1],[0],[0],[2.1228614999563433],['target'],61,0,61,0,135.31402659998275,,10,135.303250500001,135.31402659998275,135.31402659998275,0.02776659996015951,137.42623959999764,[np.float64(-0.23981481481481481)],[np.float64(0.14907407407407408)],[1],[0],[0],[2.1228614999563433],['target'],RIM,001,2025-09-30_18h31.43.714,Visual search experiment,,2025.1.1,60.0761164386321,2025-09-30 18h31.55.390128 +0530,
62,0,62,[np.float64(0.3888888888888889)],[np.float64(0.07314814814814814)],[1],[0],[0],[1.9425677999970503],['target'],62,0,62,0,137.45589859999018,,10,137.44864730001427,137.45589859999018,137.45589859999018,0.022077800007537007,139.3913571999874,[np.float64(0.3888888888888889)],[np.float64(0.07314814814814814)],[1],[0],[0],[1.9425677999970503],['target'],RIM,001,2025-09-30_18h31.43.714,Visual search experiment,,2025.1.1,60.0761164386321,2025-09-30 18h31.55.390128 +0530,
63,0,63,[np.float64(0.19722222222222222)],[np.float64(-0.4638888888888889)],[1],[0],[0],[3.6093109999783337],['target'],63,0,63,0,139.42856060003396,,10,139.41379219997907,139.42856060003396,139.42856060003396,0.022127300035208464,143.02317960001528,[np.float64(0.19722222222222222)],[np.float64(-0.4638888888888889)],[1],[0],[0],[3.6093109999783337],['target'],RIM,001,2025-09-30_18h31.43.714,Visual search experiment,,2025.1.1,60.0761164386321,2025-09-30 18h31.55.390128 +0530,
64,0,64,[np.float64(-0.11388888888888889)],[np.float64(0.1388888888888889)],[1],[0],[0],[1.9569299999857321],['target'],64,0,64,0,143.05602229997749,,10,143.04604290000862,143.05602229997749,143.05602229997749,0.022697500011418015,145.00306449999334,[np.float64(-0.11388888888888889)],[np.float64(0.1388888888888889)],[1],[0],[0],[1.9569299999857321],['target'],RIM,001,2025-09-30_18h31.43.714,Visual search experiment,,2025.1.1,60.0761164386321,2025-09-30 18h31.55.390128 +0530,
65,0,65,[np.float64(-0.36018518518518516)],[np.float64(0.19907407407407407)],[1],[0],[0],[1.4222060999600217],[None],65,0,65,0,145.04163689998677,,10,145.027517599985,145.04163689998677,145.04163689998677,0.02426709997234866,146.44979380001314,[np.float64(-0.36018518518518516)],[np.float64(0.19907407407407407)],[1],[0],[0],[1.4222060999600217],[None],RIM,001,2025-09-30_18h31.43.714,Visual search experiment,,2025.1.1,60.0761164386321,2025-09-30 18h31.55.390128 +0530,
66,0,66,[np.float64(-0.011111111111111112)],[np.float64(0.3351851851851852)],[1],[0],[0],[1.469622900011018],['target'],66,0,66,0,146.4685732999933,,5,146.46076980000362,146.4685732999933,146.4685732999933,0.010850300022866577,147.93046230002074,[np.float64(-0.011111111111111112)],[np.float64(0.3351851851851852)],[1],[0],[0],[1.469622900011018],['target'],RIM,001,2025-09-30_18h31.43.714,Visual search experiment,,2025.1.1,60.0761164386321,2025-09-30 18h31.55.390128 +0530,
67,0,67,[np.float64(0.2)],[np.float64(0.09722222222222222)],[1],[0],[0],[1.947882300009951],['target'],67,0,67,0,147.97134799999185,,10,147.95069640001748,147.97134799999185,147.97134799999185,0.020117999985814095,149.89868159999605,[np.float64(0.2)],[np.float64(0.09722222222222222)],[1],[0],[0],[1.947882300009951],['target'],RIM,001,2025-09-30_18h31.43.714,Visual search experiment,,2025.1.1,60.0761164386321,2025-09-30 18h31.55.390128 +0530,
68,0,68,[np.float64(-0.5018518518518519)],[np.float64(-0.28055555555555556)],[1],[0],[0],[2.306232100003399],['target'],68,0,68,0,149.9389799000346,,10,149.92177120002452,149.9389799000346,149.9389799000346,0.02285090001532808,152.22805750003317,[np.float64(-0.5018518518518519)],[np.float64(-0.28055555555555556)],[1],[0],[0],[2.306232100003399],['target'],RIM,001,2025-09-30_18h31.43.714,Visual search experiment,,2025.1.1,60.0761164386321,2025-09-30 18h31.55.390128 +0530,
69,0,69,[np.float64(0.4935185185185185)],[np.float64(0.3)],[1],[0],[0],[2.084070800046902],['target'],69,0,69,0,152.25289400003385,,5,152.24260090000462,152.25289400003385,152.25289400003385,0.014380800013896078,154.32676289998926,[np.float64(0.4935185185185185)],[np.float64(0.3)],[1],[0],[0],[2.084070800046902],['target'],RIM,001,2025-09-30_18h31.43.714,Visual search experiment,,2025.1.1,60.0761164386321,2025-09-30 18h31.55.390128 +0530,
70,0,70,[np.float64(0.24259259259259258)],[np.float64(-0.2814814814814815)],[1],[0],[0],[2.1803373000002466],['target'],70,0,70,0,154.3532233000151,,5,154.3438460000325,154.3532233000151,154.3532233000151,0.016928099968936294,156.52438870002516,[np.float64(0.24259259259259258)],[np.float64(-0.2814814814814815)],[1],[0],[0],[2.1803373000002466],['target'],RIM,001,2025-09-30_18h31.43.714,Visual search experiment,,2025.1.1,60.0761164386321,2025-09-30 18h31.55.390128 +0530,
71,0,71,[np.float64(0.04351851851851852)],[np.float64(-0.05462962962962963)],[1],[0],[0],[2.2758105999673717],['target'],71,0,71,0,156.56686710001668,,10,156.54871679999633,156.56686710001668,156.56686710001668,0.024147799995262176,158.8247074999963,[np.float64(0.04351851851851852)],[np.float64(-0.05462962962962963)],[1],[0],[0],[2.2758105999673717],['target'],RIM,001,2025-09-30_18h31.43.714,Visual search experiment,,2025.1.1,60.0761164386321,2025-09-30 18h31.55.390128 +0530,
72,0,72,[np.float64(-0.3648148148148148)],[np.float64(-0.2972222222222222)],[1],[0],[0],[3.0458977000089362],['target'],72,0,72,0,158.8910343000316,,10,158.8742095999769,158.8910343000316,158.8910343000316,0.049199100001715124,161.92024950002087,[np.float64(-0.3648148148148148)],[np.float64(-0.2972222222222222)],[1],[0],[0],[3.0458977000089362],['target'],RIM,001,2025-09-30_18h31.43.714,Visual search experiment,,2025.1.1,60.0761164386321,2025-09-30 18h31.55.390128 +0530,
73,0,73,[np.float64(0.44722222222222224)],[np.float64(0.09074074074074075)],[1],[0],[0],[2.1317511000088416],['target'],73,0,73,0,161.94762659998378,,5,161.93852080003126,161.94762659998378,161.94762659998378,0.0180071999784559,164.0704134000116,[np.float64(0.44722222222222224)],[np.float64(0.09074074074074075)],[1],[0],[0],[2.1317511000088416],['target'],RIM,001,2025-09-30_18h31.43.714,Visual search experiment,,2025.1.1,60.0761164386321,2025-09-30 18h31.55.390128 +0530,
74,0,74,[np.float64(-0.24814814814814815)],[np.float64(0.07407407407407407)],[1],[0],[0],[1.9714372999733314],['target'],74,0,74,0,164.1200356000336,,10,164.1108360000071,164.1200356000336,164.1200356000336,0.04012530000181869,166.08233870001277,[np.float64(-0.24814814814814815)],[np.float64(0.07407407407407407)],[1],[0],[0],[1.9714372999733314],['target'],RIM,001,2025-09-30_18h31.43.714,Visual search experiment,,2025.1.1,60.0761164386321,2025-09-30 18h31.55.390128 +0530,
75,0,75,[np.float64(0.2722222222222222)],[np.float64(0.42685185185185187)],[1],[0],[0],[3.832184700004291],['target'],75,0,75,0,166.11188690003473,,10,166.10170679999283,166.11188690003473,166.11188690003473,0.019223699986469,169.93399510002928,[np.float64(0.2722222222222222)],[np.float64(0.42685185185185187)],[1],[0],[0],[3.832184700004291],['target'],RIM,001,2025-09-30_18h31.43.714,Visual search experiment,,2025.1.1,60.0761164386321,2025-09-30 18h31.55.390128 +0530,
76,0,76,[np.float64(0.011111111111111112)],[np.float64(-0.13333333333333333)],[1],[0],[0],[2.1914819999947213],['target'],76,0,76,0,169.97417220001807,,10,169.9539677000139,169.97417220001807,169.97417220001807,0.01973469997756183,172.14555100002326,[np.float64(0.011111111111111112)],[np.float64(-0.13333333333333333)],[1],[0],[0],[2.1914819999947213],['target'],RIM,001,2025-09-30_18h31.43.714,Visual search experiment,,2025.1.1,60.0761164386321,2025-09-30 18h31.55.390128 +0530,
77,0,77,[np.float64(0.4638888888888889)],[np.float64(0.20092592592592592)],[1],[0],[0],[2.169402799976524],['target'],77,0,77,0,172.1664674000349,,5,172.15793540002778,172.1664674000349,172.1664674000349,0.012160699989181012,174.32743820000906,[np.float64(0.4638888888888889)],[np.float64(0.20092592592592592)],[1],[0],[0],[2.169402799976524],['target'],RIM,001,2025-09-30_18h31.43.714,Visual search experiment,,2025.1.1,60.0761164386321,2025-09-30 18h31.55.390128 +0530,
78,0,78,[np.float64(0.22777777777777777)],[np.float64(0.05925925925925926)],[1],[0],[0],[1.9412939000176266],['target'],78,0,78,0,174.36712990002707,,10,174.35248060000595,174.36712990002707,174.36712990002707,0.02488640003139153,176.29387340001995,[np.float64(0.22777777777777777)],[np.float64(0.05925925925925926)],[1],[0],[0],[1.9412939000176266],['target'],RIM,001,2025-09-30_18h31.43.714,Visual search experiment,,2025.1.1,60.0761164386321,2025-09-30 18h31.55.390128 +0530,
79,0,79,[np.float64(-0.33055555555555555)],[np.float64(-0.39351851851851855)],[1],[0],[0],[2.33284609997645],['target'],79,0,79,0,176.3124383999966,,5,176.306439100008,176.3124383999966,176.3124383999966,0.012336299987509847,178.63936309999553,[np.float64(-0.33055555555555555)],[np.float64(-0.39351851851851855)],[1],[0],[0],[2.33284609997645],['target'],RIM,001,2025-09-30_18h31.43.714,Visual search experiment,,2025.1.1,60.0761164386321,2025-09-30 18h31.55.390128 +0530,
80,0,80,[np.float64(-0.4305555555555556)],[np.float64(0.46944444444444444)],[1],[0],[0],[2.1310701000038534],['target'],80,0,80,0,178.6663145000348,,5,178.6597920000204,178.6663145000348,178.6663145000348,0.020302099990658462,180.79104270000244,[np.float64(-0.4305555555555556)],[np.float64(0.46944444444444444)],[1],[0],[0],[2.1310701000038534],['target'],RIM,001,2025-09-30_18h31.43.714,Visual search experiment,,2025.1.1,60.0761164386321,2025-09-30 18h31.55.390128 +0530,
81,0,81,[np.float64(-0.37037037037037035)],[np.float64(-0.025)],[1],[0],[0],[1.5592078000190668],['target'],81,0,81,0,180.8165663999971,,5,180.8105376000167,180.8165663999971,180.8165663999971,0.019098900025710464,182.3698691999889,[np.float64(-0.37037037037037035)],[np.float64(-0.025)],[1],[0],[0],[1.5592078000190668],['target'],RIM,001,2025-09-30_18h31.43.714,Visual search experiment,,2025.1.1,60.0761164386321,2025-09-30 18h31.55.390128 +0530,
82,0,82,[np.float64(0.43703703703703706)],[np.float64(0.14814814814814814)],[1],[0],[0],[1.4535388000076637],['target'],82,0,82,0,182.39073879999341,,5,182.38227740000002,182.39073879999341,182.39073879999341,0.01227949996246025,183.83595109998714,[np.float64(0.43703703703703706)],[np.float64(0.14814814814814814)],[1],[0],[0],[1.4535388000076637],['target'],RIM,001,2025-09-30_18h31.43.714,Visual search experiment,,2025.1.1,60.0761164386321,2025-09-30 18h31.55.390128 +0530,
83,0,83,[np.float64(-0.2361111111111111)],[np.float64(0.06018518518518518)],[1],[0],[0],[1.8909501999733038],['target'],83,0,83,0,183.87253890000284,,10,183.86184640001738,183.87253890000284,183.87253890000284,0.025697699980810285,185.7529582999996,[np.float64(-0.2361111111111111)],[np.float64(0.06018518518518518)],[1],[0],[0],[1.8909501999733038],['target'],RIM,001,2025-09-30_18h31.43.714,Visual search experiment,,2025.1.1,60.0761164386321,2025-09-30 18h31.55.390128 +0530,
84,0,84,[np.float64(0.2796296296296296)],[np.float64(0.40925925925925927)],[1],[0],[0],[2.37785700004315],['target'],84,0,84,0,185.78468320000684,,10,185.77498789998936,185.78468320000684,185.78468320000684,0.021697099960874766,188.15298369998345,[np.float64(0.2796296296296296)],[np.float64(0.40925925925925927)],[1],[0],[0],[2.37785700004315],['target'],RIM,001,2025-09-30_18h31.43.714,Visual search experiment,,2025.1.1,60.0761164386321,2025-09-30 18h31.55.390128 +0530,
85,0,85,[np.float64(0.4203703703703704)],[np.float64(0.4981481481481482)],[1],[0],[0],[3.4268096999730915],['target'],85,0,85,0,188.17840510001406,,5,188.16882120002992,188.17840510001406,188.17840510001406,0.015600499988067895,191.59577800001716,[np.float64(0.4203703703703704)],[np.float64(0.4981481481481482)],[1],[0],[0],[3.4268096999730915],['target'],RIM,001,2025-09-30_18h31.43.714,Visual search experiment,,2025.1.1,60.0761164386321,2025-09-30 18h31.55.390128 +0530,
86,0,86,[np.float64(0.21666666666666667)],[np.float64(0.37407407407407406)],[1],[0],[0],[1.081099400005769],['target'],86,0,86,0,191.6465462000342,,10,191.63285330001963,191.6465462000342,191.6465462000342,0.036820199980866164,192.71406349999597,[np.float64(0.21666666666666667)],[np.float64(0.37407407407407406)],[1],[0],[0],[1.081099400005769],['target'],RIM,001,2025-09-30_18h31.43.714,Visual search experiment,,2025.1.1,60.0761164386321,2025-09-30 18h31.55.390128 +0530,
87,0,87,[np.float64(-0.3351851851851852)],[np.float64(-0.08148148148148149)],[1],[0],[0],[1.5121628000051714],['target'],87,0,87,0,192.75861780002015,,5,192.74771329999203,192.75861780002015,192.75861780002015,0.03335549996700138,194.25996060000034,[np.float64(-0.3351851851851852)],[np.float64(-0.08148148148148149)],[1],[0],[0],[1.5121628000051714],['target'],RIM,001,2025-09-30_18h31.43.714,Visual search experiment,,2025.1.1,60.0761164386321,2025-09-30 18h31.55.390128 +0530,
88,0,88,[np.float64(-0.3425925925925926)],[np.float64(0.06296296296296296)],[1],[0],[0],[1.246848599985242],['target'],88,0,88,0,194.2943449000013,,10,194.27792750002118,194.2943449000013,194.2943449000013,0.017809699987992644,195.52484410000034,[np.float64(-0.3425925925925926)],[np.float64(0.06296296296296296)],[1],[0],[0],[1.246848599985242],['target'],RIM,001,2025-09-30_18h31.43.714,Visual search experiment,,2025.1.1,60.0761164386321,2025-09-30 18h31.55.390128 +0530,
89,0,89,[np.float64(-0.07222222222222222)],[np.float64(0.45)],[1],[0],[0],[2.7230100999586284],['target'],89,0,89,0,195.54133009997895,,5,195.5338199000107,195.54133009997895,195.54133009997895,0.008856599975842983,198.25691769999685,[np.float64(-0.07222222222222222)],[np.float64(0.45)],[1],[0],[0],[2.7230100999586284],['target'],RIM,001,2025-09-30_18h31.43.714,Visual search experiment,,2025.1.1,60.0761164386321,2025-09-30 18h31.55.390128 +0530,
90,0,90,[np.float64(-0.1648148148148148)],[np.float64(0.03425925925925926)],[1],[0],[0],[2.366957399994135],['target'],90,0,90,0,198.27984480001032,,5,198.27059820003342,198.27984480001032,198.27984480001032,0.013533300021663308,200.63768360001268,[np.float64(-0.1648148148148148)],[np.float64(0.03425925925925926)],[1],[0],[0],[2.366957399994135],['target'],RIM,001,2025-09-30_18h31.43.714,Visual search experiment,,2025.1.1,60.0761164386321,2025-09-30 18h31.55.390128 +0530,
91,0,91,[np.float64(0.44907407407407407)],[np.float64(0.31851851851851853)],[1],[0],[0],[3.605940700042993],['target'],91,0,91,0,200.65525190002518,,5,200.64969510002993,200.65525190002518,200.65525190002518,0.011806100024841726,204.2557225000346,[np.float64(0.44907407407407407)],[np.float64(0.31851851851851853)],[1],[0],[0],[3.605940700042993],['target'],RIM,001,2025-09-30_18h31.43.714,Visual search experiment,,2025.1.1,60.0761164386321,2025-09-30 18h31.55.390128 +0530,
92,0,92,[np.float64(0.4583333333333333)],[np.float64(-0.05277777777777778)],[1],[0],[0],[1.655950699991081],['target'],92,0,92,0,204.2962411000044,,10,204.27907530002994,204.2962411000044,204.2962411000044,0.023199199989903718,205.93510800000513,[np.float64(0.4583333333333333)],[np.float64(-0.05277777777777778)],[1],[0],[0],[1.655950699991081],['target'],RIM,001,2025-09-30_18h31.43.714,Visual search experiment,,2025.1.1,60.0761164386321,2025-09-30 18h31.55.390128 +0530,
93,0,93,[np.float64(-0.2222222222222222)],[np.float64(-0.32407407407407407)],[1],[0],[0],[2.5679499999969266],['target'],93,0,93,0,205.9770983000053,,10,205.96282900002552,205.9770983000053,205.9770983000053,0.02750450000166893,208.53085139999166,[np.float64(-0.2222222222222222)],[np.float64(-0.32407407407407407)],[1],[0],[0],[2.5679499999969266],['target'],RIM,001,2025-09-30_18h31.43.714,Visual search experiment,,2025.1.1,60.0761164386321,2025-09-30 18h31.55.390128 +0530,
94,0,94,[np.float64(0.30277777777777776)],[np.float64(-0.3814814814814815)],[1],[0],[0],[2.4140145999845117],['target'],94,0,94,0,208.5619220000226,,10,208.55086279998068,208.5619220000226,208.5619220000226,0.019849699980113655,210.96496980002848,[np.float64(0.30277777777777776)],[np.float64(-0.3814814814814815)],[1],[0],[0],[2.4140145999845117],['target'],RIM,001,2025-09-30_18h31.43.714,Visual search experiment,,2025.1.1,60.0761164386321,2025-09-30 18h31.55.390128 +0530,
95,0,95,[np.float64(-0.09074074074074075)],[np.float64(-0.13148148148148148)],[1],[0],[0],[3.2635274999774992],['target'],95,0,95,0,211.0145104000112,,10,210.99905250000302,211.0145104000112,211.0145104000112,0.033897100016474724,214.26269400003366,[np.float64(-0.09074074074074075)],[np.float64(-0.13148148148148148)],[1],[0],[0],[3.2635274999774992],['target'],RIM,001,2025-09-30_18h31.43.714,Visual search experiment,,2025.1.1,60.0761164386321,2025-09-30 18h31.55.390128 +0530,
96,0,96,[np.float64(0.31296296296296294)],[np.float64(-0.05925925925925926)],[1],[0],[0],[1.5647620999952778],['target'],96,0,96,0,214.28878990001976,,5,214.27923200000077,214.28878990001976,214.28878990001976,0.01625629997579381,215.84407799999462,[np.float64(0.31296296296296294)],[np.float64(-0.05925925925925926)],[1],[0],[0],[1.5647620999952778],['target'],RIM,001,2025-09-30_18h31.43.714,Visual search experiment,,2025.1.1,60.0761164386321,2025-09-30 18h31.55.390128 +0530,
97,0,97,[np.float64(-0.17685185185185184)],[np.float64(-0.325)],[1],[0],[0],[1.6038976999698207],[None],97,0,97,0,215.86862770002335,,5,215.85826910001924,215.86862770002335,215.86862770002335,0.014044000010471791,217.46225540002342,[np.float64(-0.17685185185185184)],[np.float64(-0.325)],[1],[0],[0],[1.6038976999698207],[None],RIM,001,2025-09-30_18h31.43.714,Visual search experiment,,2025.1.1,60.0761164386321,2025-09-30 18h31.55.390128 +0530,
98,0,98,[np.float64(-0.16574074074074074)],[np.float64(0.20092592592592592)],[1],[0],[0],[1.9768095000181347],[None],98,0,98,0,217.48984739999287,,5,217.47867829998722,217.48984739999287,217.48984739999287,0.01628729997901246,219.45553750003455,[np.float64(-0.16574074074074074)],[np.float64(0.20092592592592592)],[1],[0],[0],[1.9768095000181347],[None],RIM,001,2025-09-30_18h31.43.714,Visual search experiment,,2025.1.1,60.0761164386321,2025-09-30 18h31.55.390128 +0530,
99,0,99,[np.float64(0.06481481481481481)],[np.float64(-0.23055555555555557)],[1],[0],[0],[1.3228395999758504],['target'],99,0,99,0,219.47454870003276,,5,219.46668610000052,219.47454870003276,219.47454870003276,0.011066899984143674,220.78960389998974,[np.float64(0.06481481481481481)],[np.float64(-0.23055555555555557)],[1],[0],[0],[1.3228395999758504],['target'],RIM,001,2025-09-30_18h31.43.714,Visual search experiment,,2025.1.1,60.0761164386321,2025-09-30 18h31.55.390128 +0530,
100,0,100,[np.float64(0.33055555555555555)],[np.float64(-0.30648148148148147)],[1],[0],[0],[1.3189586999942549],['target'],100,0,100,0,220.81024969997816,,5,220.80328320001718,220.81024969997816,220.81024969997816,0.013560799998231232,222.1223429000238,[np.float64(0.33055555555555555)],[np.float64(-0.30648148148148147)],[1],[0],[0],[1.3189586999942549],['target'],RIM,001,2025-09-30_18h31.43.714,Visual search experiment,,2025.1.1,60.0761164386321,2025-09-30 18h31.55.390128 +0530,
101,0,101,[np.float64(-0.21944444444444444)],[np.float64(-0.18703703703703703)],[1],[0],[0],[1.5777353000012226],['target'],101,0,101,0,222.15155190002406,,5,222.1430704999948,222.15155190002406,222.15155190002406,0.02058529999339953,223.72088600002462,[np.float64(-0.21944444444444444)],[np.float64(-0.18703703703703703)],[1],[0],[0],[1.5777353000012226],['target'],RIM,001,2025-09-30_18h31.43.714,Visual search experiment,,2025.1.1,60.0761164386321,2025-09-30 18h31.55.390128 +0530,
102,0,102,[np.float64(0.11481481481481481)],[np.float64(-0.1675925925925926)],[1],[0],[0],[1.1828543999581598],[None],102,0,102,0,223.74485050002113,,5,223.7362583000213,223.74485050002113,223.74485050002113,0.015222900023218244,224.91921209997963,[np.float64(0.11481481481481481)],[np.float64(-0.1675925925925926)],[1],[0],[0],[1.1828543999581598],[None],RIM,001,2025-09-30_18h31.43.714,Visual search experiment,,2025.1.1,60.0761164386321,2025-09-30 18h31.55.390128 +0530,
103,0,103,[np.float64(-0.41574074074074074)],[np.float64(0.3611111111111111)],[1],[0],[0],[2.4372992000426166],[None],103,0,103,0,224.96025509998435,,10,224.94662639999297,224.96025509998435,224.96025509998435,0.027241299976594746,227.3840406999807,[np.float64(-0.41574074074074074)],[np.float64(0.3611111111111111)],[1],[0],[0],[2.4372992000426166],[None],RIM,001,2025-09-30_18h31.43.714,Visual search experiment,,2025.1.1,60.0761164386321,2025-09-30 18h31.55.390128 +0530,
104,0,104,[np.float64(-0.2722222222222222)],[np.float64(-0.3611111111111111)],[1],[0],[0],[1.9924404000048526],['target'],104,0,104,0,227.43073060002644,,10,227.40851209999528,227.43073060002644,227.43073060002644,0.024265500018373132,229.40106220002053,[np.float64(-0.2722222222222222)],[np.float64(-0.3611111111111111)],[1],[0],[0],[1.9924404000048526],['target'],RIM,001,2025-09-30_18h31.43.714,Visual search experiment,,2025.1.1,60.0761164386321,2025-09-30 18h31.55.390128 +0530,
105,0,105,[np.float64(-0.21203703703703702)],[np.float64(-0.47685185185185186)],[1],[0],[0],[1.4680360999773256],['target'],105,0,105,0,229.42216409998946,,5,229.4136407999904,229.42216409998946,229.42216409998946,0.012250900035724044,230.88176339998608,[np.float64(-0.21203703703703702)],[np.float64(-0.47685185185185186)],[1],[0],[0],[1.4680360999773256],['target'],RIM,001,2025-09-30_18h31.43.714,Visual search experiment,,2025.1.1,60.0761164386321,2025-09-30 18h31.55.390128 +0530,
106,0,106,[np.float64(0.3138888888888889)],[np.float64(0.1962962962962963)],[1],[0],[0],[1.635173599992413],['target'],106,0,106,0,230.90448090003338,,5,230.89400040003238,230.90448090003338,230.90448090003338,0.012080900021828711,232.52927070000442,[np.float64(0.3138888888888889)],[np.float64(0.1962962962962963)],[1],[0],[0],[1.635173599992413],['target'],RIM,001,2025-09-30_18h31.43.714,Visual search experiment,,2025.1.1,60.0761164386321,2025-09-30 18h31.55.390128 +0530,
107,0,107,[np.float64(0.45185185185185184)],[np.float64(0.11666666666666667)],[1],[0],[0],[1.1603845999925397],['target'],107,0,107,0,232.5653522000066,,5,232.55416749999858,232.5653522000066,232.5653522000066,0.0246657999814488,233.71462859999156,[np.float64(0.45185185185185184)],[np.float64(0.11666666666666667)],[1],[0],[0],[1.1603845999925397],['target'],RIM,001,2025-09-30_18h31.43.714,Visual search experiment,,2025.1.1,60.0761164386321,2025-09-30 18h31.55.390128 +0530,
108,0,108,[np.float64(-0.44722222222222224)],[np.float64(-0.33240740740740743)],[1],[0],[0],[1.5491636999649927],['target'],108,0,108,0,233.73621370003093,,5,233.72892919997685,233.73621370003093,233.73621370003093,0.014170699985697865,235.27828999998746,[np.float64(-0.44722222222222224)],[np.float64(-0.33240740740740743)],[1],[0],[0],[1.5491636999649927],['target'],RIM,001,2025-09-30_18h31.43.714,Visual search experiment,,2025.1.1,60.0761164386321,2025-09-30 18h31.55.390128 +0530,
109,0,109,[np.float64(-0.36018518518518516)],[np.float64(-0.06944444444444445)],[1],[0],[0],[1.3600006000488065],['target'],109,0,109,0,235.30552900000475,,5,235.29910750000272,235.30552900000475,235.30552900000475,0.02038230001926422,236.65917940001236,[np.float64(-0.36018518518518516)],[np.float64(-0.06944444444444445)],[1],[0],[0],[1.3600006000488065],['target'],RIM,001,2025-09-30_18h31.43.714,Visual search experiment,,2025.1.1,60.0761164386321,2025-09-30 18h31.55.390128 +0530,
110,0,110,[np.float64(-0.37407407407407406)],[np.float64(-0.46296296296296297)],[1],[0],[0],[1.8427181000006385],['target'],110,0,110,0,236.69189560000086,,10,236.67976289999206,236.69189560000086,236.69189560000086,0.020457200007513165,238.52252410002984,[np.float64(-0.37407407407407406)],[np.float64(-0.46296296296296297)],[1],[0],[0],[1.8427181000006385],['target'],RIM,001,2025-09-30_18h31.43.714,Visual search experiment,,2025.1.1,60.0761164386321,2025-09-30 18h31.55.390128 +0530,
111,0,111,[np.float64(0.014814814814814815)],[np.float64(-0.40555555555555556)],[1],[0],[0],[2.000272399978712],['target'],111,0,111,0,238.5464256000123,,10,238.53897230001166,238.5464256000123,238.5464256000123,0.016355899977497756,240.5393674999941,[np.float64(0.014814814814814815)],[np.float64(-0.40555555555555556)],[1],[0],[0],[2.000272399978712],['target'],RIM,001,2025-09-30_18h31.43.714,Visual search experiment,,2025.1.1,60.0761164386321,2025-09-30 18h31.55.390128 +0530,
112,0,112,[np.float64(-0.39537037037037037)],[np.float64(-0.32685185185185184)],[1],[0],[0],[1.183470899995882],['target'],112,0,112,0,240.56242440000642,,5,240.55478509998647,240.56242440000642,240.56242440000642,0.01518799999030307,241.7383479999844,[np.float64(-0.39537037037037037)],[np.float64(-0.32685185185185184)],[1],[0],[0],[1.183470899995882],['target'],RIM,001,2025-09-30_18h31.43.714,Visual search experiment,,2025.1.1,60.0761164386321,2025-09-30 18h31.55.390128 +0530,
113,0,113,[np.float64(0.13796296296296295)],[np.float64(-0.17592592592592593)],[1],[0],[0],[1.3398990000132471],['target'],113,0,113,0,241.7737299000146,,10,241.76337450003484,241.7737299000146,241.7737299000146,0.024845800013281405,243.10339770000428,[np.float64(0.13796296296296295)],[np.float64(-0.17592592592592593)],[1],[0],[0],[1.3398990000132471],['target'],RIM,001,2025-09-30_18h31.43.714,Visual search experiment,,2025.1.1,60.0761164386321,2025-09-30 18h31.55.390128 +0530,
114,0,114,[np.float64(-0.24259259259259258)],[np.float64(0.037037037037037035)],[1],[0],[0],[1.5463418000144884],['target'],114,0,114,0,243.13198990002275,,5,243.12275869998848,243.13198990002275,243.13198990002275,0.019168199971318245,244.6691646000254,[np.float64(-0.24259259259259258)],[np.float64(0.037037037037037035)],[1],[0],[0],[1.5463418000144884],['target'],RIM,001,2025-09-30_18h31.43.714,Visual search experiment,,2025.1.1,60.0761164386321,2025-09-30 18h31.55.390128 +0530,
115,0,115,[np.float64(0.08703703703703704)],[np.float64(-0.32222222222222224)],[1],[0],[0],[1.9348945999518037],['target'],115,0,115,0,244.68780230003176,,5,244.68150060001062,244.68780230003176,244.68780230003176,0.012210699962452054,246.61651010002242,[np.float64(0.08703703703703704)],[np.float64(-0.32222222222222224)],[1],[0],[0],[1.9348945999518037],['target'],RIM,001,2025-09-30_18h31.43.714,Visual search experiment,,2025.1.1,60.0761164386321,2025-09-30 18h31.55.390128 +0530,
116,0,116,[np.float64(-0.11018518518518519)],[np.float64(-0.18425925925925926)],[1],[0],[0],[2.1113980999798514],['target'],116,0,116,0,246.6541780999978,,10,246.63786730001448,246.6541780999978,246.6541780999978,0.02119860000675544,248.7493647999945,[np.float64(-0.11018518518518519)],[np.float64(-0.18425925925925926)],[1],[0],[0],[2.1113980999798514],['target'],RIM,001,2025-09-30_18h31.43.714,Visual search experiment,,2025.1.1,60.0761164386321,2025-09-30 18h31.55.390128 +0530,
117,0,117,[np.float64(-0.07777777777777778)],[np.float64(0.4740740740740741)],[1],[0],[0],[2.6637741000158712],['target'],117,0,117,0,248.7721258000238,,5,248.76651879999554,248.7721258000238,248.7721258000238,0.01687980000860989,251.43036240001675,[np.float64(-0.07777777777777778)],[np.float64(0.4740740740740741)],[1],[0],[0],[2.6637741000158712],['target'],RIM,001,2025-09-30_18h31.43.714,Visual search experiment,,2025.1.1,60.0761164386321,2025-09-30 18h31.55.390128 +0530,
118,0,118,[np.float64(-0.016666666666666666)],[np.float64(0.3055555555555556)],[1],[0],[0],[1.9017920999904163],['target'],118,0,118,0,251.45114429999376,,5,251.44492149999132,251.45114429999376,251.45114429999376,0.014452099974732846,253.3468823999865,[np.float64(-0.016666666666666666)],[np.float64(0.3055555555555556)],[1],[0],[0],[1.9017920999904163],['target'],RIM,001,2025-09-30_18h31.43.714,Visual search experiment,,2025.1.1,60.0761164386321,2025-09-30 18h31.55.390128 +0530,
119,0,119,[np.float64(0.05)],[np.float64(0.037037037037037035)],[1],[0],[0],[2.040244999981951],['target'],119,0,119,0,253.38008650002303,,5,253.37217039999086,253.38008650002303,253.38008650002303,0.024998600012622774,255.4125385999796,[np.float64(0.05)],[np.float64(0.037037037037037035)],[1],[0],[0],[2.040244999981951],['target'],RIM,001,2025-09-30_18h31.43.714,Visual search experiment,,2025.1.1,60.0761164386321,2025-09-30 18h31.55.390128 +0530,
120,0,120,[np.float64(0.38796296296296295)],[np.float64(-0.046296296296296294)],[1],[0],[0],[1.799466399999801],['target'],120,0,120,0,255.44931749999523,,5,255.44111630000407,255.44931749999523,255.44931749999523,0.028287299966905266,257.24069820001023,[np.float64(0.38796296296296295)],[np.float64(-0.046296296296296294)],[1],[0],[0],[1.799466399999801],['target'],RIM,001,2025-09-30_18h31.43.714,Visual search experiment,,2025.1.1,60.0761164386321,2025-09-30 18h31.55.390128 +0530,
121,0,121,[np.float64(0.45740740740740743)],[np.float64(0.4064814814814815)],[1],[0],[0],[4.995181600039359],['target'],121,0,121,0,257.26604560000123,,10,257.2589863000321,257.26604560000123,257.26604560000123,0.01814400003058836,262.25435220001964,[np.float64(0.45740740740740743)],[np.float64(0.4064814814814815)],[1],[0],[0],[4.995181600039359],['target'],RIM,001,2025-09-30_18h31.43.714,Visual search experiment,,2025.1.1,60.0761164386321,2025-09-30 18h31.55.390128 +0530,
122,0,122,[np.float64(0.17314814814814813)],[np.float64(-0.24074074074074073)],[1],[0],[0],[3.3125777000095695],['target'],122,0,122,0,262.29010350001045,,10,262.2772880999837,262.29010350001045,262.29010350001045,0.022767200018279254,265.58999080001377,[np.float64(0.17314814814814813)],[np.float64(-0.24074074074074073)],[1],[0],[0],[3.3125777000095695],['target'],RIM,001,2025-09-30_18h31.43.714,Visual search experiment,,2025.1.1,60.0761164386321,2025-09-30 18h31.55.390128 +0530,
123,0,123,[np.float64(-0.25277777777777777)],[np.float64(0.14166666666666666)],[1],[0],[0],[2.2522066999808885],['target'],123,0,123,0,265.63146539998706,,10,265.61591699998826,265.63146539998706,265.63146539998706,0.0256465999991633,267.86821089999285,[np.float64(-0.25277777777777777)],[np.float64(0.14166666666666666)],[1],[0],[0],[2.2522066999808885],['target'],RIM,001,2025-09-30_18h31.43.714,Visual search experiment,,2025.1.1,60.0761164386321,2025-09-30 18h31.55.390128 +0530,
124,0,124,[np.float64(0.10092592592592593)],[np.float64(-0.44166666666666665)],[1],[0],[0],[2.1853175000287592],['target'],124,0,124,0,267.8893885000143,,5,267.880287899985,267.8893885000143,267.8893885000143,0.01187200000276789,270.06568170001265,[np.float64(0.10092592592592593)],[np.float64(-0.44166666666666665)],[1],[0],[0],[2.1853175000287592],['target'],RIM,001,2025-09-30_18h31.43.714,Visual search experiment,,2025.1.1,60.0761164386321,2025-09-30 18h31.55.390128 +0530,
125,0,125,[np.float64(-0.03425925925925926)],[np.float64(0.14537037037037037)],[1],[0],[0],[2.0802408999879844],['target'],125,0,125,0,270.0921756000025,,5,270.08491330000106,270.0921756000025,270.0921756000025,0.019060100021306425,272.16528070002096,[np.float64(-0.03425925925925926)],[np.float64(0.14537037037037037)],[1],[0],[0],[2.0802408999879844],['target'],RIM,001,2025-09-30_18h31.43.714,Visual search experiment,,2025.1.1,60.0761164386321,2025-09-30 18h31.55.390128 +0530,
126,0,126,[np.float64(-0.03148148148148148)],[np.float64(0.3111111111111111)],[1],[0],[0],[1.6878279000520706],['target'],126,0,126,0,272.2060799000319,,10,272.1904644999886,272.2060799000319,272.2060799000319,0.024923999968450516,273.87837599997874,[np.float64(-0.03148148148148148)],[np.float64(0.3111111111111111)],[1],[0],[0],[1.6878279000520706],['target'],RIM,001,2025-09-30_18h31.43.714,Visual search experiment,,2025.1.1,60.0761164386321,2025-09-30 18h31.55.390128 +0530,
127,0,127,[np.float64(-0.43148148148148147)],[np.float64(-0.05092592592592592)],[1],[0],[0],[2.2602143000112846],['target'],127,0,127,0,273.91531150002265,,10,273.9014286000165,273.91531150002265,273.91531150002265,0.022879500000271946,276.1617445999873,[np.float64(-0.43148148148148147)],[np.float64(-0.05092592592592592)],[1],[0],[0],[2.2602143000112846],['target'],RIM,001,2025-09-30_18h31.43.714,Visual search experiment,,2025.1.1,60.0761164386321,2025-09-30 18h31.55.390128 +0530,
128,0,128,[np.float64(0.1527777777777778)],[np.float64(-0.2175925925925926)],[1],[0],[0],[2.5630284000071697],['target'],128,0,128,0,276.18461789999856,,5,276.1774072999833,276.18461789999856,276.18461789999856,0.015430399973411113,278.74049659998855,[np.float64(0.1527777777777778)],[np.float64(-0.2175925925925926)],[1],[0],[0],[2.5630284000071697],['target'],RIM,001,2025-09-30_18h31.43.714,Visual search experiment,,2025.1.1,60.0761164386321,2025-09-30 18h31.55.390128 +0530,
129,0,129,[np.float64(-0.002777777777777778)],[np.float64(-0.09814814814814815)],[1],[0],[0],[1.7397166999871843],['target'],129,0,129,0,278.777505200007,,10,278.76626060000854,278.777505200007,278.777505200007,0.025647700007539243,280.5061864000163,[np.float64(-0.002777777777777778)],[np.float64(-0.09814814814814815)],[1],[0],[0],[1.7397166999871843],['target'],RIM,001,2025-09-30_18h31.43.714,Visual search experiment,,2025.1.1,60.0761164386321,2025-09-30 18h31.55.390128 +0530,
130,0,130,[np.float64(0.04259259259259259)],[np.float64(-0.32222222222222224)],[1],[0],[0],[1.708254199998919],['target'],130,0,130,0,280.5476180000114,,10,280.53188299998874,280.5476180000114,280.5476180000114,0.02550300001166761,282.2402813999797,[np.float64(0.04259259259259259)],[np.float64(-0.32222222222222224)],[1],[0],[0],[1.708254199998919],['target'],RIM,001,2025-09-30_18h31.43.714,Visual search experiment,,2025.1.1,60.0761164386321,2025-09-30 18h31.55.390128 +0530,
131,0,131,[np.float64(-0.43148148148148147)],[np.float64(-0.09722222222222222)],[1],[0],[0],[1.6682379000121728],['target'],131,0,131,0,282.26393750001444,,5,282.25620439997874,282.26393750001444,282.26393750001444,0.015584599983412772,283.9245694000274,[np.float64(-0.43148148148148147)],[np.float64(-0.09722222222222222)],[1],[0],[0],[1.6682379000121728],['target'],RIM,001,2025-09-30_18h31.43.714,Visual search experiment,,2025.1.1,60.0761164386321,2025-09-30 18h31.55.390128 +0530,
132,0,132,[np.float64(-0.012962962962962963)],[np.float64(-0.3287037037037037)],[1],[0],[0],[2.9296081999782473],['target'],132,0,132,0,283.94441679999,,5,283.93901550001465,283.94441679999,283.94441679999,0.014193899987731129,286.86876219999976,[np.float64(-0.012962962962962963)],[np.float64(-0.3287037037037037)],[1],[0],[0],[2.9296081999782473],['target'],RIM,001,2025-09-30_18h31.43.714,Visual search experiment,,2025.1.1,60.0761164386321,2025-09-30 18h31.55.390128 +0530,
133,0,133,[np.float64(0.2814814814814815)],[np.float64(0.4398148148148148)],[1],[0],[0],[2.68011660000775],['target'],133,0,133,0,286.92986360000214,,10,286.91831889998866,286.92986360000214,286.92986360000214,0.04921320005087182,289.598519399995,[np.float64(0.2814814814814815)],[np.float64(0.4398148148148148)],[1],[0],[0],[2.68011660000775],['target'],RIM,001,2025-09-30_18h31.43.714,Visual search experiment,,2025.1.1,60.0761164386321,2025-09-30 18h31.55.390128 +0530,
134,0,134,[np.float64(-0.11574074074074074)],[np.float64(0.014814814814814815)],[1],[0],[0],[2.1929508000030182],['target'],134,0,134,0,289.63332700001774,,10,289.6217605000129,289.63332700001774,289.63332700001774,0.022996799962129444,291.81482369999867,[np.float64(-0.11574074074074074)],[np.float64(0.014814814814814815)],[1],[0],[0],[2.1929508000030182],['target'],RIM,001,2025-09-30_18h31.43.714,Visual search experiment,,2025.1.1,60.0761164386321,2025-09-30 18h31.55.390128 +0530,
135,0,135,[np.float64(0.4888888888888889)],[np.float64(0.000925925925925926)],[1],[0],[0],[1.6564384999801405],['target'],135,0,135,0,291.85152800002834,,10,291.8389292000211,291.85152800002834,291.85152800002834,0.023879799991846085,293.49549180001486,[np.float64(0.4888888888888889)],[np.float64(0.000925925925925926)],[1],[0],[0],[1.6564384999801405],['target'],RIM,001,2025-09-30_18h31.43.714,Visual search experiment,,2025.1.1,60.0761164386321,2025-09-30 18h31.55.390128 +0530,
136,0,136,[np.float64(0.18703703703703703)],[np.float64(-0.22037037037037038)],[1],[0],[0],[1.9656474000075832],['target'],136,0,136,0,293.5192623999901,,5,293.5107584000216,293.5192623999901,293.5192623999901,0.015115600021090358,295.47650260000955,[np.float64(0.18703703703703703)],[np.float64(-0.22037037037037038)],[1],[0],[0],[1.9656474000075832],['target'],RIM,001,2025-09-30_18h31.43.714,Visual search experiment,,2025.1.1,60.0761164386321,2025-09-30 18h31.55.390128 +0530,
137,0,137,[np.float64(-0.3962962962962963)],[np.float64(-0.2638888888888889)],[1],[0],[0],[2.3777577999862842],['target'],137,0,137,0,295.5125212999992,,10,295.4984220000333,295.5125212999992,295.5125212999992,0.021718300005886704,297.8762879000278,[np.float64(-0.3962962962962963)],[np.float64(-0.2638888888888889)],[1],[0],[0],[2.3777577999862842],['target'],RIM,001,2025-09-30_18h31.43.714,Visual search experiment,,2025.1.1,60.0761164386321,2025-09-30 18h31.55.390128 +0530,
138,0,138,[np.float64(-0.1537037037037037)],[np.float64(0.43425925925925923)],[1],[0],[0],[3.1562314000329934],['target'],138,0,138,0,297.9142606999958,,10,297.9004394999938,297.9142606999958,297.9142606999958,0.02391180000267923,301.05680399999255,[np.float64(-0.1537037037037037)],[np.float64(0.43425925925925923)],[1],[0],[0],[3.1562314000329934],['target'],RIM,001,2025-09-30_18h31.43.714,Visual search experiment,,2025.1.1,60.0761164386321,2025-09-30 18h31.55.390128 +0530,
139,0,139,[np.float64(-0.32407407407407407)],[np.float64(0.287962962962963)],[1],[0],[0],[1.5167642000014894],['target'],139,0,139,0,301.10099990002345,,10,301.08829980000155,301.10099990002345,301.10099990002345,0.031197300006169826,302.60517029999755,[np.float64(-0.32407407407407407)],[np.float64(0.287962962962963)],[1],[0],[0],[1.5167642000014894],['target'],RIM,001,2025-09-30_18h31.43.714,Visual search experiment,,2025.1.1,60.0761164386321,2025-09-30 18h31.55.390128 +0530,
140,0,140,[np.float64(-0.26296296296296295)],[np.float64(-0.12314814814814815)],[1],[0],[0],[1.9630331000080332],['target'],140,0,140,0,302.62883130001137,,5,302.6234422000125,302.62883130001137,302.62883130001137,0.018088500015437603,304.5865610000328,[np.float64(-0.26296296296296295)],[np.float64(-0.12314814814814815)],[1],[0],[0],[1.9630331000080332],['target'],RIM,001,2025-09-30_18h31.43.714,Visual search experiment,,2025.1.1,60.0761164386321,2025-09-30 18h31.55.390128 +0530,
141,0,141,[np.float64(0.4166666666666667)],[np.float64(0.08703703703703704)],[1],[0],[0],[1.5485654000076465],['target'],141,0,141,0,304.60690349998185,,5,304.60184000001755,304.60690349998185,304.60690349998185,0.015133600041735917,306.15047669998603,[np.float64(0.4166666666666667)],[np.float64(0.08703703703703704)],[1],[0],[0],[1.5485654000076465],['target'],RIM,001,2025-09-30_18h31.43.714,Visual search experiment,,2025.1.1,60.0761164386321,2025-09-30 18h31.55.390128 +0530,
142,0,142,[np.float64(0.16296296296296298)],[np.float64(-0.06388888888888888)],[1],[0],[0],[1.954228900023736],['target'],142,0,142,0,306.168490400014,,5,306.161138400028,306.168490400014,306.168490400014,0.010546000034082681,308.11542929999996,[np.float64(0.16296296296296298)],[np.float64(-0.06388888888888888)],[1],[0],[0],[1.954228900023736],['target'],RIM,001,2025-09-30_18h31.43.714,Visual search experiment,,2025.1.1,60.0761164386321,2025-09-30 18h31.55.390128 +0530,
143,0,143,[np.float64(0.40370370370370373)],[np.float64(0.03333333333333333)],[1],[0],[0],[1.8284522999892943],['target'],143,0,143,0,308.1437335999799,,10,308.136057500029,308.1437335999799,308.1437335999799,0.02048619999550283,309.9645622000098,[np.float64(0.40370370370370373)],[np.float64(0.03333333333333333)],[1],[0],[0],[1.8284522999892943],['target'],RIM,001,2025-09-30_18h31.43.714,Visual search experiment,,2025.1.1,60.0761164386321,2025-09-30 18h31.55.390128 +0530,
144,0,144,[np.float64(-0.26481481481481484)],[np.float64(0.35)],[1],[0],[0],[4.358697200019378],['target'],144,0,144,0,309.9971624999889,,10,309.9884037000011,309.9971624999889,309.9971624999889,0.0237292000092566,314.3472216000082,[np.float64(-0.26481481481481484)],[np.float64(0.35)],[1],[0],[0],[4.358697200019378],['target'],RIM,001,2025-09-30_18h31.43.714,Visual search experiment,,2025.1.1,60.0761164386321,2025-09-30 18h31.55.390128 +0530,
145,0,145,[np.float64(0.48148148148148145)],[np.float64(0.4935185185185185)],[1],[0],[0],[2.2008672999800183],['target'],145,0,145,0,314.3668431999977,,5,314.3612821000279,314.3668431999977,314.3668431999977,0.013787299976684153,316.56228950002696,[np.float64(0.48148148148148145)],[np.float64(0.4935185185185185)],[1],[0],[0],[2.2008672999800183],['target'],RIM,001,2025-09-30_18h31.43.714,Visual search experiment,,2025.1.1,60.0761164386321,2025-09-30 18h31.55.390128 +0530,
146,0,146,[np.float64(-0.3592592592592593)],[np.float64(0.3388888888888889)],[1],[0],[0],[2.2488573000300676],['target'],146,0,146,0,316.5826350999996,,5,316.5758642000146,316.5826350999996,316.5826350999996,0.013273600023239851,318.82480459997896,[np.float64(-0.3592592592592593)],[np.float64(0.3388888888888889)],[1],[0],[0],[2.2488573000300676],['target'],RIM,001,2025-09-30_18h31.43.714,Visual search experiment,,2025.1.1,60.0761164386321,2025-09-30 18h31.55.390128 +0530,
147,0,147,[np.float64(0.4898148148148148)],[np.float64(-0.07685185185185185)],[1],[0],[0],[2.5857292999862693],['target'],147,0,147,0,318.87022739998065,,10,318.85546420002356,318.87022739998065,318.87022739998065,0.03054170001996681,321.4413393000141,[np.float64(0.4898148148148148)],[np.float64(-0.07685185185185185)],[1],[0],[0],[2.5857292999862693],['target'],RIM,001,2025-09-30_18h31.43.714,Visual search experiment,,2025.1.1,60.0761164386321,2025-09-30 18h31.55.390128 +0530,
148,0,148,[np.float64(0.4546296296296296)],[np.float64(0.49907407407407406)],[1],[0],[0],[7.986383800045587],['target'],148,0,148,0,321.4723651999957,,5,321.46347810002044,321.4723651999957,321.4723651999957,0.021830299985595047,329.44996810000157,[np.float64(0.4546296296296296)],[np.float64(0.49907407407407406)],[1],[0],[0],[7.986383800045587],['target'],RIM,001,2025-09-30_18h31.43.714,Visual search experiment,,2025.1.1,60.0761164386321,2025-09-30 18h31.55.390128 +0530,
149,0,149,[np.float64(0.14351851851851852)],[np.float64(0.362962962962963)],[1],[0],[0],[1.5276034999988042],['target'],149,0,149,0,329.47904559999006,,5,329.4711424999987,329.47904559999006,329.47904559999006,0.020880999974906445,330.99886669998523,[np.float64(0.14351851851851852)],[np.float64(0.362962962962963)],[1],[0],[0],[1.5276034999988042],['target'],RIM,001,2025-09-30_18h31.43.714,Visual search experiment,,2025.1.1,60.0761164386321,2025-09-30 18h31.55.390128 +0530,
150,0,150,[np.float64(0.4777777777777778)],[np.float64(0.4444444444444444)],[1],[0],[0],[1.5820641000173055],['target'],150,0,150,0,331.021906399983,,5,331.0144124000217,331.021906399983,331.021906399983,0.01533010002458468,332.5965443000314,[np.float64(0.4777777777777778)],[np.float64(0.4444444444444444)],[1],[0],[0],[1.5820641000173055],['target'],RIM,001,2025-09-30_18h31.43.714,Visual search experiment,,2025.1.1,60.0761164386321,2025-09-30 18h31.55.390128 +0530,
151,0,151,[np.float64(-0.36574074074074076)],[np.float64(-0.2601851851851852)],[1],[0],[0],[2.0071450000396],['target'],151,0,151,0,332.6155324000283,,5,332.60750759998336,332.6155324000283,332.6155324000283,0.010847800003830343,334.6147626999882,[np.float64(-0.36574074074074076)],[np.float64(-0.2601851851851852)],[1],[0],[0],[2.0071450000396],['target'],RIM,001,2025-09-30_18h31.43.714,Visual search experiment,,2025.1.1,60.0761164386321,2025-09-30 18h31.55.390128 +0530,
152,0,152,[np.float64(0.287962962962963)],[np.float64(0.019444444444444445)],[1],[0],[0],[1.5491376999998465],['target'],152,0,152,0,334.6334128000308,,5,334.6278934000293,334.6334128000308,334.6334128000308,0.01292410003952682,336.17708850000054,[np.float64(0.287962962962963)],[np.float64(0.019444444444444445)],[1],[0],[0],[1.5491376999998465],['target'],RIM,001,2025-09-30_18h31.43.714,Visual search experiment,,2025.1.1,60.0761164386321,2025-09-30 18h31.55.390128 +0530,
153,0,153,[np.float64(0.362962962962963)],[np.float64(0.3175925925925926)],[1],[0],[0],[3.0757540999911726],['target'],153,0,153,0,336.20800679997774,,10,336.198684700008,336.20800679997774,336.20800679997774,0.021483700023964047,339.27452610002365,[np.float64(0.362962962962963)],[np.float64(0.3175925925925926)],[1],[0],[0],[3.0757540999911726],['target'],RIM,001,2025-09-30_18h31.43.714,Visual search experiment,,2025.1.1,60.0761164386321,2025-09-30 18h31.55.390128 +0530,
154,0,154,[np.float64(0.28425925925925927)],[np.float64(0.3277777777777778)],[1],[0],[0],[2.6903774000238627],['target'],154,0,154,0,339.3111542999977,,10,339.2971739000059,339.3111542999977,339.3111542999977,0.022457299986854196,341.9876134999795,[np.float64(0.28425925925925927)],[np.float64(0.3277777777777778)],[1],[0],[0],[2.6903774000238627],['target'],RIM,001,2025-09-30_18h31.43.714,Visual search experiment,,2025.1.1,60.0761164386321,2025-09-30 18h31.55.390128 +0530,
155,0,155,[np.float64(0.14722222222222223)],[np.float64(-0.387037037037037)],[1],[0],[0],[2.4490454000188038],['target'],155,0,155,0,342.0184707000153,,10,342.0048095000093,342.0184707000153,342.0184707000153,0.017070700007025152,344.4539604000165,[np.float64(0.14722222222222223)],[np.float64(-0.387037037037037)],[1],[0],[0],[2.4490454000188038],['target'],RIM,001,2025-09-30_18h31.43.714,Visual search experiment,,2025.1.1,60.0761164386321,2025-09-30 18h31.55.390128 +0530,
156,0,156,[np.float64(-0.09074074074074075)],[np.float64(0.39537037037037037)],[1],[0],[0],[2.3069509000051767],['target'],156,0,156,0,344.48915739997756,,10,344.4782591999974,344.48915739997756,344.48915739997756,0.024104499956592917,346.78531569999177,[np.float64(-0.09074074074074075)],[np.float64(0.39537037037037037)],[1],[0],[0],[2.3069509000051767],['target'],RIM,001,2025-09-30_18h31.43.714,Visual search experiment,,2025.1.1,60.0761164386321,2025-09-30 18h31.55.390128 +0530,
157,0,157,[np.float64(0.4388888888888889)],[np.float64(0.3351851851851852)],[1],[0],[0],[2.120146000001114],['target'],157,0,157,0,346.80628010001965,,5,346.8004542000126,346.80628010001965,346.80628010001965,0.014939900022000074,348.9207019000314,[np.float64(0.4388888888888889)],[np.float64(0.3351851851851852)],[1],[0],[0],[2.120146000001114],['target'],RIM,001,2025-09-30_18h31.43.714,Visual search experiment,,2025.1.1,60.0761164386321,2025-09-30 18h31.55.390128 +0530,
158,0,158,[np.float64(-0.18796296296296297)],[np.float64(-0.28425925925925927)],[1],[0],[0],[2.760635500017088],['target'],158,0,158,0,348.9593224999844,,10,348.94171869999263,348.9593224999844,348.9593224999844,0.020814599993173033,351.7025387000176,[np.float64(-0.18796296296296297)],[np.float64(-0.28425925925925927)],[1],[0],[0],[2.760635500017088],['target'],RIM,001,2025-09-30_18h31.43.714,Visual search experiment,,2025.1.1,60.0761164386321,2025-09-30 18h31.55.390128 +0530,
159,0,159,[np.float64(-0.31666666666666665)],[np.float64(0.26666666666666666)],[1],[0],[0],[3.1123678000294603],['target'],159,0,159,0,351.724229799991,,5,351.7167696999968,351.724229799991,351.724229799991,0.013891700014937669,354.8292528000311,[np.float64(-0.31666666666666665)],[np.float64(0.26666666666666666)],[1],[0],[0],[3.1123678000294603],['target'],RIM,001,2025-09-30_18h31.43.714,Visual search experiment,,2025.1.1,60.0761164386321,2025-09-30 18h31.55.390128 +0530,
160,0,160,[np.float64(0.05740740740740741)],[np.float64(-0.2490740740740741)],[1],[0],[0],[2.3240376000176184],['target'],160,0,160,0,354.86339860002045,,10,354.85457419999875,354.86339860002045,354.86339860002045,0.025127000000793487,357.17872899997747,[np.float64(0.05740740740740741)],[np.float64(-0.2490740740740741)],[1],[0],[0],[2.3240376000176184],['target'],RIM,001,2025-09-30_18h31.43.714,Visual search experiment,,2025.1.1,60.0761164386321,2025-09-30 18h31.55.390128 +0530,
161,0,161,[np.float64(-0.2601851851851852)],[np.float64(-0.20925925925925926)],[1],[0],[0],[2.463953699974809],['target'],161,0,161,0,357.20351429999573,,5,357.1926678000018,357.20351429999573,357.20351429999573,0.013637500000186265,359.6567084999988,[np.float64(-0.2601851851851852)],[np.float64(-0.20925925925925926)],[1],[0],[0],[2.463953699974809],['target'],RIM,001,2025-09-30_18h31.43.714,Visual search experiment,,2025.1.1,60.0761164386321,2025-09-30 18h31.55.390128 +0530,
162,0,162,[np.float64(0.47685185185185186)],[np.float64(-0.15092592592592594)],[1],[0],[0],[1.726484899991192],['target'],162,0,162,0,359.6734482999891,,5,359.6662941999966,359.6734482999891,359.6734482999891,0.009428099961951375,361.3928787999903,[np.float64(0.47685185185185186)],[np.float64(-0.15092592592592594)],[1],[0],[0],[1.726484899991192],['target'],RIM,001,2025-09-30_18h31.43.714,Visual search experiment,,2025.1.1,60.0761164386321,2025-09-30 18h31.55.390128 +0530,
163,0,163,[np.float64(-0.1537037037037037)],[np.float64(-0.3351851851851852)],[1],[0],[0],[3.388765800045803],['target'],163,0,163,0,361.4257198999985,,10,361.4158331999788,361.4257198999985,361.4257198999985,0.022779300052206963,364.80471140000736,[np.float64(-0.1537037037037037)],[np.float64(-0.3351851851851852)],[1],[0],[0],[3.388765800045803],['target'],RIM,001,2025-09-30_18h31.43.714,Visual search experiment,,2025.1.1,60.0761164386321,2025-09-30 18h31.55.390128 +0530,
164,0,164,[np.float64(-0.020370370370370372)],[np.float64(0.030555555555555555)],[1],[0],[0],[4.611936700006481],['target'],164,0,164,0,364.83812670002226,,10,364.8256516000256,364.83812670002226,364.83812670002226,0.02067450003232807,369.4376823999919,[np.float64(-0.020370370370370372)],[np.float64(0.030555555555555555)],[1],[0],[0],[4.611936700006481],['target'],RIM,001,2025-09-30_18h31.43.714,Visual search experiment,,2025.1.1,60.0761164386321,2025-09-30 18h31.55.390128 +0530,
165,0,165,[np.float64(0.15648148148148147)],[np.float64(-0.1398148148148148)],[1],[0],[0],[1.1819154000259005],['target'],165,0,165,0,369.4586058999994,,5,369.4499521999969,369.4586058999994,369.4586058999994,0.01208539999788627,370.63197260000743,[np.float64(0.15648148148148147)],[np.float64(-0.1398148148148148)],[1],[0],[0],[1.1819154000259005],['target'],RIM,001,2025-09-30_18h31.43.714,Visual search experiment,,2025.1.1,60.0761164386321,2025-09-30 18h31.55.390128 +0530,
166,0,166,[np.float64(-0.09074074074074075)],[np.float64(0.24722222222222223)],[1],[0],[0],[1.5606382000260055],['target'],166,0,166,0,370.6673214000184,,10,370.65632020001067,370.6673214000184,370.6673214000184,0.024177399987820536,372.2171081000124,[np.float64(-0.09074074074074075)],[np.float64(0.24722222222222223)],[1],[0],[0],[1.5606382000260055],['target'],RIM,001,2025-09-30_18h31.43.714,Visual search experiment,,2025.1.1,60.0761164386321,2025-09-30 18h31.55.390128 +0530,
167,0,167,[np.float64(0.22592592592592592)],[np.float64(-0.37222222222222223)],[1],[0],[0],[1.729548400035128],['target'],167,0,167,0,372.2626078000176,,10,372.25043740001274,372.2626078000176,372.2626078000176,0.03300450003007427,373.98006400000304,[np.float64(0.22592592592592592)],[np.float64(-0.37222222222222223)],[1],[0],[0],[1.729548400035128],['target'],RIM,001,2025-09-30_18h31.43.714,Visual search experiment,,2025.1.1,60.0761164386321,2025-09-30 18h31.55.390128 +0530,
168,0,168,[np.float64(-0.4083333333333333)],[np.float64(0.18703703703703703)],[1],[0],[0],[1.903415499953553],['target'],168,0,168,0,373.99963460001163,,5,373.9935521000298,373.99963460001163,373.99963460001163,0.01331980002578348,375.8970552000101,[np.float64(-0.4083333333333333)],[np.float64(0.18703703703703703)],[1],[0],[0],[1.903415499953553],['target'],RIM,001,2025-09-30_18h31.43.714,Visual search experiment,,2025.1.1,60.0761164386321,2025-09-30 18h31.55.390128 +0530,
169,0,169,[np.float64(0.05648148148148148)],[np.float64(-0.32314814814814813)],[1],[0],[0],[2.4932305999682285],['target'],169,0,169,0,375.9283862999873,,10,375.91951690003043,375.9283862999873,375.9283862999873,0.022244299994781613,378.4128646000172,[np.float64(0.05648148148148148)],[np.float64(-0.32314814814814813)],[1],[0],[0],[2.4932305999682285],['target'],RIM,001,2025-09-30_18h31.43.714,Visual search experiment,,2025.1.1,60.0761164386321,2025-09-30 18h31.55.390128 +0530,
170,0,170,[np.float64(-0.12037037037037036)],[np.float64(0.008333333333333333)],[1],[0],[0],[1.749425699992571],['target'],170,0,170,0,378.43234579998534,,5,378.42706780001754,378.43234579998534,378.43234579998534,0.013737200002651662,380.17663439997705,[np.float64(-0.12037037037037036)],[np.float64(0.008333333333333333)],[1],[0],[0],[1.749425699992571],['target'],RIM,001,2025-09-30_18h31.43.714,Visual search experiment,,2025.1.1,60.0761164386321,2025-09-30 18h31.55.390128 +0530,
171,0,171,[np.float64(0.10925925925925926)],[np.float64(-0.20092592592592592)],[1],[0],[0],[1.8724447000422515],['target'],171,0,171,0,380.21043129998725,,10,380.20245809998596,380.21043129998725,380.21043129998725,0.025534499960485846,382.07508280000184,[np.float64(0.10925925925925926)],[np.float64(-0.20092592592592592)],[1],[0],[0],[1.8724447000422515],['target'],RIM,001,2025-09-30_18h31.43.714,Visual search experiment,,2025.1.1,60.0761164386321,2025-09-30 18h31.55.390128 +0530,
172,0,172,[np.float64(-0.03333333333333333)],[np.float64(0.0824074074074074)],[1],[0],[0],[1.6418320999946445],['target'],172,0,172,0,382.11228400003165,,10,382.09890490002,382.11228400003165,382.11228400003165,0.0235367999994196,383.7409153000335,[np.float64(-0.03333333333333333)],[np.float64(0.0824074074074074)],[1],[0],[0],[1.6418320999946445],['target'],RIM,001,2025-09-30_18h31.43.714,Visual search experiment,,2025.1.1,60.0761164386321,2025-09-30 18h31.55.390128 +0530,
173,0,173,[np.float64(-0.08703703703703704)],[np.float64(-0.07037037037037037)],[1],[0],[0],[2.1381632999982685],['target'],173,0,173,0,383.7781044000294,,10,383.76900249999017,383.7781044000294,383.7781044000294,0.02764960000058636,385.90726300003007,[np.float64(-0.08703703703703704)],[np.float64(-0.07037037037037037)],[1],[0],[0],[2.1381632999982685],['target'],RIM,001,2025-09-30_18h31.43.714,Visual search experiment,,2025.1.1,60.0761164386321,2025-09-30 18h31.55.390128 +0530,
174,0,174,[np.float64(0.26944444444444443)],[np.float64(0.412962962962963)],[1],[0],[0],[1.849660000007134],['target'],174,0,174,0,385.9246524000191,,5,385.9193730999832,385.9246524000191,385.9246524000191,0.011882300022989511,387.76911819999805,[np.float64(0.26944444444444443)],[np.float64(0.412962962962963)],[1],[0],[0],[1.849660000007134],['target'],RIM,001,2025-09-30_18h31.43.714,Visual search experiment,,2025.1.1,60.0761164386321,2025-09-30 18h31.55.390128 +0530,
175,0,175,[np.float64(-0.08333333333333333)],[np.float64(-0.2037037037037037)],[1],[0],[0],[1.6060980999609455],['target'],175,0,175,0,387.81162950000726,,10,387.79519010003423,387.81162950000726,387.81162950000726,0.02584779995959252,389.40141009999206,[np.float64(-0.08333333333333333)],[np.float64(-0.2037037037037037)],[1],[0],[0],[1.6060980999609455],['target'],RIM,001,2025-09-30_18h31.43.714,Visual search experiment,,2025.1.1,60.0761164386321,2025-09-30 18h31.55.390128 +0530,
176,0,176,[np.float64(-0.43425925925925923)],[np.float64(-0.07685185185185185)],[1],[0],[0],[1.4962782000075094],['target'],176,0,176,0,389.4296225000289,,5,389.4203371999902,389.4296225000289,389.4296225000289,0.018692399957217276,390.9167246000143,[np.float64(-0.43425925925925923)],[np.float64(-0.07685185185185185)],[1],[0],[0],[1.4962782000075094],['target'],RIM,001,2025-09-30_18h31.43.714,Visual search experiment,,2025.1.1,60.0761164386321,2025-09-30 18h31.55.390128 +0530,
177,0,177,[np.float64(-0.1)],[np.float64(-0.21574074074074073)],[1],[0],[0],[1.9211939999950118],['target'],177,0,177,0,390.9505644000019,,10,390.9415115999873,390.9505644000019,390.9505644000019,0.02443150000181049,392.8627842999995,[np.float64(-0.1)],[np.float64(-0.21574074074074073)],[1],[0],[0],[1.9211939999950118],['target'],RIM,001,2025-09-30_18h31.43.714,Visual search experiment,,2025.1.1,60.0761164386321,2025-09-30 18h31.55.390128 +0530,
178,0,178,[np.float64(-0.4388888888888889)],[np.float64(-0.044444444444444446)],[1],[0],[0],[1.3396472000167705],['target'],178,0,178,0,392.9085596000077,,10,392.89090840000426,392.9085596000077,392.9085596000077,0.02796229999512434,394.2307044999907,[np.float64(-0.4388888888888889)],[np.float64(-0.044444444444444446)],[1],[0],[0],[1.3396472000167705],['target'],RIM,001,2025-09-30_18h31.43.714,Visual search experiment,,2025.1.1,60.0761164386321,2025-09-30 18h31.55.390128 +0530,
179,0,179,[np.float64(-0.03796296296296296)],[np.float64(-0.26851851851851855)],[1],[0],[0],[1.3020417999941856],[None],179,0,179,0,394.2530753000174,,5,394.2450458999956,394.2530753000174,394.2530753000174,0.014068899967242032,395.54721280001104,[np.float64(-0.03796296296296296)],[np.float64(-0.26851851851851855)],[1],[0],[0],[1.3020417999941856],[None],RIM,001,2025-09-30_18h31.43.714,Visual search experiment,,2025.1.1,60.0761164386321,2025-09-30 18h31.55.390128 +0530,
180,0,180,[np.float64(0.15)],[np.float64(-0.4444444444444444)],[1],[0],[0],[2.9228556999587454],['target'],180,0,180,0,395.58687840000493,,10,395.5684588000295,395.58687840000493,395.58687840000493,0.02101520000724122,398.49138790002326,[np.float64(0.15)],[np.float64(-0.4444444444444444)],[1],[0],[0],[2.9228556999587454],['target'],RIM,001,2025-09-30_18h31.43.714,Visual search experiment,,2025.1.1,60.0761164386321,2025-09-30 18h31.55.390128 +0530,
181,0,181,[np.float64(-0.1287037037037037)],[np.float64(-0.4537037037037037)],[1],[0],[0],[1.4644580999738537],['target'],181,0,181,0,398.5216486999998,,5,398.51044570002705,398.5216486999998,398.5216486999998,0.018915000022388995,399.9750272000092,[np.float64(-0.1287037037037037)],[np.float64(-0.4537037037037037)],[1],[0],[0],[1.4644580999738537],['target'],RIM,001,2025-09-30_18h31.43.714,Visual search experiment,,2025.1.1,60.0761164386321,2025-09-30 18h31.55.390128 +0530,
182,0,182,[np.float64(0.13148148148148148)],[np.float64(0.04722222222222222)],[1],[0],[0],[2.4421029000077397],['target'],182,0,182,0,400.0132395999972,,10,399.9968624000321,400.0132395999972,400.0132395999972,0.021666100015863776,402.4390619000187,[np.float64(0.13148148148148148)],[np.float64(0.04722222222222222)],[1],[0],[0],[2.4421029000077397],['target'],RIM,001,2025-09-30_18h31.43.714,Visual search experiment,,2025.1.1,60.0761164386321,2025-09-30 18h31.55.390128 +0530,
183,0,183,[np.float64(-0.24537037037037038)],[np.float64(-0.08611111111111111)],[1],[0],[0],[1.1872163999942131],['target'],183,0,183,0,402.4605958000175,,5,402.4529142000247,402.4605958000175,402.4605958000175,0.013655399961862713,403.6402144000167,[np.float64(-0.24537037037037038)],[np.float64(-0.08611111111111111)],[1],[0],[0],[1.1872163999942131],['target'],RIM,001,2025-09-30_18h31.43.714,Visual search experiment,,2025.1.1,60.0761164386321,2025-09-30 18h31.55.390128 +0530,
184,0,184,[np.float64(-0.040740740740740744)],[np.float64(-0.4685185185185185)],[1],[0],[0],[2.6265047999913804],[None],184,0,184,0,403.67579200002365,,10,403.66319200000726,403.67579200002365,403.67579200002365,0.022810099995695055,406.28979850001633,[np.float64(-0.040740740740740744)],[np.float64(-0.4685185185185185)],[1],[0],[0],[2.6265047999913804],[None],RIM,001,2025-09-30_18h31.43.714,Visual search experiment,,2025.1.1,60.0761164386321,2025-09-30 18h31.55.390128 +0530,
185,0,185,[np.float64(-0.15648148148148147)],[np.float64(0.13796296296296295)],[1],[0],[0],[1.2318209999939427],['target'],185,0,185,0,406.3163746999926,,5,406.3051670999848,406.3163746999926,406.3163746999926,0.015152600011788309,407.53709290002007,[np.float64(-0.15648148148148147)],[np.float64(0.13796296296296295)],[1],[0],[0],[1.2318209999939427],['target'],RIM,001,2025-09-30_18h31.43.714,Visual search experiment,,2025.1.1,60.0761164386321,2025-09-30 18h31.55.390128 +0530,
186,0,186,[np.float64(-0.03796296296296296)],[np.float64(-0.2722222222222222)],[1],[0],[0],[1.161381799960509],['target'],186,0,186,0,407.5729275000049,,10,407.5589648000314,407.5729275000049,407.5729275000049,0.021671100053936243,408.7204700000002,[np.float64(-0.03796296296296296)],[np.float64(-0.2722222222222222)],[1],[0],[0],[1.161381799960509],['target'],RIM,001,2025-09-30_18h31.43.714,Visual search experiment,,2025.1.1,60.0761164386321,2025-09-30 18h31.55.390128 +0530,
187,0,187,[np.float64(-0.2861111111111111)],[np.float64(-0.09722222222222222)],[1],[0],[0],[1.3022644000011496],['target'],187,0,187,0,408.74024870002177,,5,408.73323850001907,408.74024870002177,408.74024870002177,0.012377200007904321,410.03566480003064,[np.float64(-0.2861111111111111)],[np.float64(-0.09722222222222222)],[1],[0],[0],[1.3022644000011496],['target'],RIM,001,2025-09-30_18h31.43.714,Visual search experiment,,2025.1.1,60.0761164386321,2025-09-30 18h31.55.390128 +0530,
188,0,188,[np.float64(-0.40925925925925927)],[np.float64(0.22314814814814815)],[1],[0],[0],[1.9528296000207774],['target'],188,0,188,0,410.081740499998,,10,410.0623309999937,410.081740499998,410.081740499998,0.026239699975121766,412.01525200001197,[np.float64(-0.40925925925925927)],[np.float64(0.22314814814814815)],[1],[0],[0],[1.9528296000207774],['target'],RIM,001,2025-09-30_18h31.43.714,Visual search experiment,,2025.1.1,60.0761164386321,2025-09-30 18h31.55.390128 +0530,
189,0,189,[np.float64(-0.362962962962963)],[np.float64(0.16296296296296298)],[1],[0],[0],[0.6162564000114799],[None],189,0,189,0,412.0401020999998,,5,412.0319498000317,412.0401020999998,412.0401020999998,0.016511900001205504,412.6482819999801,[np.float64(-0.362962962962963)],[np.float64(0.16296296296296298)],[1],[0],[0],[0.6162564000114799],[None],RIM,001,2025-09-30_18h31.43.714,Visual search experiment,,2025.1.1,60.0761164386321,2025-09-30 18h31.55.390128 +0530,
190,0,190,[np.float64(-0.19444444444444445)],[np.float64(-0.08055555555555556)],[1],[0],[0],[0.9189332000096329],[None],190,0,190,0,412.6923922999995,,10,412.67654439999023,412.6923922999995,412.6923922999995,0.028133000014349818,413.5955975999823,[np.float64(-0.19444444444444445)],[np.float64(-0.08055555555555556)],[1],[0],[0],[0.9189332000096329],[None],RIM,001,2025-09-30_18h31.43.714,Visual search experiment,,2025.1.1,60.0761164386321,2025-09-30 18h31.55.390128 +0530,
191,0,191,[np.float64(0.41759259259259257)],[np.float64(0.2935185185185185)],[1],[0],[0],[1.8459375000093132],['target'],191,0,191,0,413.61164960003225,,5,413.60536669997964,413.61164960003225,413.61164960003225,0.009549600013997406,415.4514861999778,[np.float64(0.41759259259259257)],[np.float64(0.2935185185185185)],[1],[0],[0],[1.8459375000093132],['target'],RIM,001,2025-09-30_18h31.43.714,Visual search experiment,,2025.1.1,60.0761164386321,2025-09-30 18h31.55.390128 +0530,
192,0,192,[np.float64(0.35185185185185186)],[np.float64(-0.3398148148148148)],[1],[0],[0],[1.7913409000029787],['target'],192,0,192,0,415.4867754000006,,5,415.4709830000065,415.4867754000006,415.4867754000006,0.019152500026393682,417.26241359999403,[np.float64(0.35185185185185186)],[np.float64(-0.3398148148148148)],[1],[0],[0],[1.7913409000029787],['target'],RIM,001,2025-09-30_18h31.43.714,Visual search experiment,,2025.1.1,60.0761164386321,2025-09-30 18h31.55.390128 +0530,
193,0,193,[np.float64(-0.44814814814814813)],[np.float64(0.25092592592592594)],[1],[0],[0],[1.8518451999989338],['target'],193,0,193,0,417.2842204000335,,5,417.27635739999823,417.2842204000335,417.2842204000335,0.01379080000333488,419.12838120001834,[np.float64(-0.44814814814814813)],[np.float64(0.25092592592592594)],[1],[0],[0],[1.8518451999989338],['target'],RIM,001,2025-09-30_18h31.43.714,Visual search experiment,,2025.1.1,60.0761164386321,2025-09-30 18h31.55.390128 +0530,
194,0,194,[np.float64(0.3592592592592593)],[np.float64(0.3574074074074074)],[1],[0],[0],[1.360240200010594],['target'],194,0,194,0,419.1547589999973,,5,419.1463749000104,419.1547589999973,419.1547589999973,0.017639099969528615,420.5066831000149,[np.float64(0.3592592592592593)],[np.float64(0.3574074074074074)],[1],[0],[0],[1.360240200010594],['target'],RIM,001,2025-09-30_18h31.43.714,Visual search experiment,,2025.1.1,60.0761164386321,2025-09-30 18h31.55.390128 +0530,
195,0,195,[np.float64(-0.11481481481481481)],[np.float64(-0.4083333333333333)],[1],[0],[0],[2.098511599993799],['target'],195,0,195,0,420.53295949997846,,10,420.5245488000219,420.53295949997846,420.53295949997846,0.017768300021998584,422.62317510001594,[np.float64(-0.11481481481481481)],[np.float64(-0.4083333333333333)],[1],[0],[0],[2.098511599993799],['target'],RIM,001,2025-09-30_18h31.43.714,Visual search experiment,,2025.1.1,60.0761164386321,2025-09-30 18h31.55.390128 +0530,
196,0,196,[np.float64(-0.3435185185185185)],[np.float64(-0.012037037037037037)],[1],[0],[0],[1.248685700003989],['target'],196,0,196,0,422.64847309998004,,5,422.6402742000064,422.64847309998004,422.64847309998004,0.016922500042710453,423.8890958999982,[np.float64(-0.3435185185185185)],[np.float64(-0.012037037037037037)],[1],[0],[0],[1.248685700003989],['target'],RIM,001,2025-09-30_18h31.43.714,Visual search experiment,,2025.1.1,60.0761164386321,2025-09-30 18h31.55.390128 +0530,
197,0,197,[np.float64(-0.4722222222222222)],[np.float64(-0.32314814814814813)],[1],[0],[0],[2.5286021000356413],[None],197,0,197,0,423.93681109999306,,10,423.9246886000037,423.93681109999306,423.93681109999306,0.03543079999508336,426.453408100002,[np.float64(-0.4722222222222222)],[np.float64(-0.32314814814814813)],[1],[0],[0],[2.5286021000356413],[None],RIM,001,2025-09-30_18h31.43.714,Visual search experiment,,2025.1.1,60.0761164386321,2025-09-30 18h31.55.390128 +0530,
198,0,198,[np.float64(-0.07222222222222222)],[np.float64(-0.006481481481481481)],[1],[0],[0],[2.0805930999922566],['target'],198,0,198,0,426.4977377000032,,10,426.4874773999909,426.4977377000032,426.4977377000032,0.03375969995977357,428.5681504000095,[np.float64(-0.07222222222222222)],[np.float64(-0.006481481481481481)],[1],[0],[0],[2.0805930999922566],['target'],RIM,001,2025-09-30_18h31.43.714,Visual search experiment,,2025.1.1,60.0761164386321,2025-09-30 18h31.55.390128 +0530,
199,0,199,[np.float64(0.012962962962962963)],[np.float64(-0.2574074074074074)],[1],[0],[0],[1.7351600999827497],['target'],199,0,199,0,428.5900360000087,,5,428.5835761000053,428.5900360000087,428.5900360000087,0.01525019999826327,430.31884590000845,[np.float64(0.012962962962962963)],[np.float64(-0.2574074074074074)],[1],[0],[0],[1.7351600999827497],['target'],RIM,001,2025-09-30_18h31.43.714,Visual search experiment,,2025.1.1,60.0761164386321,2025-09-30 18h31.55.390128 +0530,
