pos,corr_resp,thisN,thisTrialN,thisRepN,key_resp.keys,key_resp.corr,key_resp.rt,key_resp.duration,trials.thisRepN,trials.thisTrialN,trials.thisN,trials.thisIndex,trials_2.thisRepN,trials_2.thisTrialN,trials_2.thisN,trials_2.thisIndex,thisRow.t,notes,trial.started,fixation.started,fixation.stopped,line1.started,line2.started,line3.started,line4.started,probe.started,key_resp.started,trial.stopped,trials.key_resp.keys,trials.key_resp.corr,trials.key_resp.rt,trials.key_resp.duration,trials_2.key_resp.keys,trials_2.key_resp.corr,trials_2.key_resp.rt,trials_2.key_resp.duration,participant,session,date,expName,expVersion,psychopyVersion,frameRate,expStart,
-50,x,0,0,0,x,1,4.362878500018269,None,0,0,0,0,,,,,0.01200109999626875,,0.009185100003378466,0.01200109999626875,1.013575299992226,1.013575299992226,1.013575299992226,1.013575299992226,1.013575299992226,2.012977400008822,2.012977400008822,6.3842337999958545,x,1,4.362878500018269,None,,,,,ROS,001,2025-10-03_20h51.12.293,Motor Sequence Learning,,2025.1.1,60.00884530478391,2025-10-03 20h52.21.107209 +0530,
150,v,1,1,0,v,1,2.135852999985218,None,0,1,1,1,,,,,6.392668699991191,,6.384600599994883,6.392668699991191,7.4082814999856055,7.391742400010116,7.391742400010116,7.391742400010116,7.391742400010116,8.391205899999477,8.391205899999477,10.539491500006989,v,1,2.135852999985218,None,,,,,ROS,001,2025-10-03_20h51.12.293,Motor Sequence Learning,,2025.1.1,60.00884530478391,2025-10-03 20h52.21.107209 +0530,
50,c,2,2,0,c,1,2.3859184999892022,None,0,2,2,2,,,,,10.556058399990434,,10.539719799999148,10.556058399990434,11.55505369999446,11.538752199994633,11.538752199994633,11.538752199994633,11.538752199994633,12.554327699996065,12.554327699996065,14.953490599989891,c,1,2.3859184999892022,None,,,,,ROS,001,2025-10-03_20h51.12.293,Motor Sequence Learning,,2025.1.1,60.00884530478391,2025-10-03 20h52.21.107209 +0530,
-150,z,3,3,0,z,1,0.8579142999951728,None,0,3,3,3,,,,,14.969229799986351,,14.95420269999886,14.969229799986351,15.968283399997745,15.968283399997745,15.968283399997745,15.968283399997745,15.968283399997745,16.967206500004977,16.967206500004977,17.83432230001199,z,1,0.8579142999951728,None,,,,,ROS,001,2025-10-03_20h51.12.293,Motor Sequence Learning,,2025.1.1,60.00884530478391,2025-10-03 20h52.21.107209 +0530,
-50,x,4,0,1,x,1,0.9193882000108715,None,1,0,4,0,,,,,17.849962500011316,,17.834881199989468,17.849962500011316,18.849100499995984,18.849100499995984,18.849100499995984,18.849100499995984,18.849100499995984,19.848368000006303,19.848368000006303,20.781221300014295,x,1,0.9193882000108715,None,,,,,ROS,001,2025-10-03_20h51.12.293,Motor Sequence Learning,,2025.1.1,60.00884530478391,2025-10-03 20h52.21.107209 +0530,
150,v,5,1,1,v,1,0.6645179999759421,None,1,1,5,1,,,,,20.797437400004128,,20.781623499991838,20.797437400004128,21.79685129999416,21.78003960000933,21.78003960000933,21.78003960000933,21.78003960000933,22.79600840000785,22.79600840000785,23.46229160000803,v,1,0.6645179999759421,None,,,,,ROS,001,2025-10-03_20h51.12.293,Motor Sequence Learning,,2025.1.1,60.00884530478391,2025-10-03 20h52.21.107209 +0530,
50,c,6,2,1,c,1,0.45361299999058247,None,1,2,6,2,,,,,23.478409700008342,,23.462704300007317,23.478409700008342,24.47787440000684,24.47787440000684,24.47787440000684,24.47787440000684,24.47787440000684,25.476783099991735,25.476783099991735,25.943583799991757,c,1,0.45361299999058247,None,,,,,ROS,001,2025-10-03_20h51.12.293,Motor Sequence Learning,,2025.1.1,60.00884530478391,2025-10-03 20h52.21.107209 +0530,
-150,z,7,3,1,z,1,0.4874476999975741,None,1,3,7,3,,,,,25.959919499990065,,25.94396720000077,25.959919499990065,26.959201299992856,26.94253500000923,26.94253500000923,26.94253500000923,26.94253500000923,27.95843669999158,27.95843669999158,28.45813630000339,z,1,0.4874476999975741,None,,,,,ROS,001,2025-10-03_20h51.12.293,Motor Sequence Learning,,2025.1.1,60.00884530478391,2025-10-03 20h52.21.107209 +0530,
-50,x,8,0,2,x,1,0.7613451999786776,None,2,0,8,0,,,,,28.474510200001532,,28.458569500013255,28.474510200001532,29.473953700013226,29.473953700013226,29.473953700013226,29.473953700013226,29.473953700013226,30.473157700005686,30.473157700005686,31.239524400007213,x,1,0.7613451999786776,None,,,,,ROS,001,2025-10-03_20h51.12.293,Motor Sequence Learning,,2025.1.1,60.00884530478391,2025-10-03 20h52.21.107209 +0530,
150,v,9,1,2,v,1,1.2552938000007998,None,2,1,9,1,,,,,31.255266599997412,,31.239886299998034,31.255266599997412,32.25460079999175,32.25460079999175,32.25460079999175,32.25460079999175,32.25460079999175,33.25376150000375,33.25376150000375,34.52033520000987,v,1,1.2552938000007998,None,,,,,ROS,001,2025-10-03_20h51.12.293,Motor Sequence Learning,,2025.1.1,60.00884530478391,2025-10-03 20h52.21.107209 +0530,
50,c,10,2,2,c,1,0.7613227999827359,None,2,2,10,2,,,,,34.53635469998699,,34.52084909999394,34.53635469998699,35.535567399987485,35.535567399987485,35.535567399987485,35.535567399987485,35.535567399987485,36.534206499985885,36.534206499985885,37.30118810001295,c,1,0.7613227999827359,None,,,,,ROS,001,2025-10-03_20h51.12.293,Motor Sequence Learning,,2025.1.1,60.00884530478391,2025-10-03 20h52.21.107209 +0530,
-150,z,11,3,2,z,1,0.6190499999793246,None,2,3,11,3,,,,,37.31735609998577,,37.3017700999917,37.31735609998577,38.333142099989345,38.31664559998899,38.31664559998899,38.31664559998899,38.31664559998899,39.3155509000062,39.3155509000062,39.94897050000145,z,1,0.6190499999793246,None,,,,,ROS,001,2025-10-03_20h51.12.293,Motor Sequence Learning,,2025.1.1,60.00884530478391,2025-10-03 20h52.21.107209 +0530,
-50,x,12,0,3,x,1,0.48304819999611937,None,3,0,12,0,,,,,39.9653449000034,,39.949411999987205,39.9653449000034,40.981082299986156,40.96398820000468,40.96398820000468,40.96398820000468,40.96398820000468,41.963271399989026,41.963271399989026,42.46420670000953,x,1,0.48304819999611937,None,,,,,ROS,001,2025-10-03_20h51.12.293,Motor Sequence Learning,,2025.1.1,60.00884530478391,2025-10-03 20h52.21.107209 +0530,
150,v,13,1,3,v,1,0.2954061000200454,None,3,1,13,1,,,,,42.47970870000427,,42.464686899998924,42.47970870000427,43.478770999994595,43.478770999994595,43.478770999994595,43.478770999994595,43.478770999994595,44.477986799989594,44.477986799989594,44.778144500014605,v,1,0.2954061000200454,None,,,,,ROS,001,2025-10-03_20h51.12.293,Motor Sequence Learning,,2025.1.1,60.00884530478391,2025-10-03 20h52.21.107209 +0530,
50,c,14,2,3,c,1,0.2822669000015594,None,3,2,14,2,,,,,44.79419839999173,,44.77853059998597,44.79419839999173,45.793700899987016,45.793700899987016,45.793700899987016,45.793700899987016,45.793700899987016,46.79250400001183,46.79250400001183,47.07677750001312,c,1,0.2822669000015594,None,,,,,ROS,001,2025-10-03_20h51.12.293,Motor Sequence Learning,,2025.1.1,60.00884530478391,2025-10-03 20h52.21.107209 +0530,
-150,z,15,3,3,z,1,0.4661220000125468,None,3,3,15,3,,,,,47.09270959999412,,47.077496999991126,47.09270959999412,48.10816810000688,48.09152170000016,48.09152170000016,48.09152170000016,48.09152170000016,49.090777300007176,49.090777300007176,49.55793000000995,z,1,0.4661220000125468,None,,,,,ROS,001,2025-10-03_20h51.12.293,Motor Sequence Learning,,2025.1.1,60.00884530478391,2025-10-03 20h52.21.107209 +0530,
-50,x,16,0,4,x,1,0.417002300004242,None,4,0,16,0,,,,,49.57405279998784,,49.558417799999006,49.57405279998784,50.58949760001269,50.573095300002024,50.573095300002024,50.573095300002024,50.573095300002024,51.57191779999994,51.57191779999994,52.00567849999061,x,1,0.417002300004242,None,,,,,ROS,001,2025-10-03_20h51.12.293,Motor Sequence Learning,,2025.1.1,60.00884530478391,2025-10-03 20h52.21.107209 +0530,
150,v,17,1,4,v,1,0.34819960000459105,None,4,1,17,1,,,,,52.02163110001129,,52.0059343999892,52.02163110001129,53.020956299995305,53.020956299995305,53.020956299995305,53.020956299995305,53.020956299995305,54.02015170000959,54.02015170000959,54.37054249999346,v,1,0.34819960000459105,None,,,,,ROS,001,2025-10-03_20h51.12.293,Motor Sequence Learning,,2025.1.1,60.00884530478391,2025-10-03 20h52.21.107209 +0530,
50,c,18,2,4,c,1,0.2868327999894973,None,4,2,18,2,,,,,54.38636730000144,,54.37101440000697,54.38636730000144,55.38585980000789,55.38585980000789,55.38585980000789,55.38585980000789,55.38585980000789,56.38493020000169,56.38493020000169,56.6854972000001,c,1,0.2868327999894973,None,,,,,ROS,001,2025-10-03_20h51.12.293,Motor Sequence Learning,,2025.1.1,60.00884530478391,2025-10-03 20h52.21.107209 +0530,
-150,z,19,3,4,z,1,0.2643505000160076,None,4,3,19,3,,,,,56.70211250000284,,56.68643030000385,56.70211250000284,57.717384299990954,57.70093319998705,57.70093319998705,57.70093319998705,57.70093319998705,58.699904700013576,58.699904700013576,58.96703420000267,z,1,0.2643505000160076,None,,,,,ROS,001,2025-10-03_20h51.12.293,Motor Sequence Learning,,2025.1.1,60.00884530478391,2025-10-03 20h52.21.107209 +0530,
-50,x,20,0,5,x,1,1.2453201000171248,None,5,0,20,0,,,,,58.98265510000056,,58.967605999991065,58.98265510000056,59.98213950000354,59.98213950000354,59.98213950000354,59.98213950000354,59.98213950000354,60.98097000000416,60.98097000000416,62.23042219999479,x,1,1.2453201000171248,None,,,,,ROS,001,2025-10-03_20h51.12.293,Motor Sequence Learning,,2025.1.1,60.00884530478391,2025-10-03 20h52.21.107209 +0530,
150,v,21,1,5,v,1,0.29714709997642785,None,5,1,21,1,,,,,62.246710800012806,,62.23094310000306,62.246710800012806,63.24588559998665,63.24588559998665,63.24588559998665,63.24588559998665,63.24588559998665,64.24534399999538,64.24534399999538,64.54562399999122,v,1,0.29714709997642785,None,,,,,ROS,001,2025-10-03_20h51.12.293,Motor Sequence Learning,,2025.1.1,60.00884530478391,2025-10-03 20h52.21.107209 +0530,
50,c,22,2,5,c,1,0.28784819997963496,None,5,2,22,2,,,,,64.56139869999606,,64.5461934999912,64.56139869999606,65.56069939999725,65.56069939999725,65.56069939999725,65.56069939999725,65.56069939999725,66.55977839999832,66.55977839999832,66.8596000999969,c,1,0.28784819997963496,None,,,,,ROS,001,2025-10-03_20h51.12.293,Motor Sequence Learning,,2025.1.1,60.00884530478391,2025-10-03 20h52.21.107209 +0530,
-150,z,23,3,5,z,1,0.29493730000103824,None,5,3,23,3,,,,,66.87587799999164,,66.86018590000458,66.87587799999164,67.87536669999827,67.8590225999942,67.8590225999942,67.8590225999942,67.8590225999942,68.87455780000892,68.87455780000892,69.17487099999562,z,1,0.29493730000103824,None,,,,,ROS,001,2025-10-03_20h51.12.293,Motor Sequence Learning,,2025.1.1,60.00884530478391,2025-10-03 20h52.21.107209 +0530,
-50,x,24,0,6,x,1,0.3240259999874979,None,6,0,24,0,,,,,69.1911407999869,,69.17542220000178,69.1911407999869,70.20659789998899,70.19009680001182,70.19009680001182,70.19009680001182,70.19009680001182,71.18943560001208,71.18943560001208,71.52269419998629,x,1,0.3240259999874979,None,,,,,ROS,001,2025-10-03_20h51.12.293,Motor Sequence Learning,,2025.1.1,60.00884530478391,2025-10-03 20h52.21.107209 +0530,
150,v,25,1,6,v,1,0.20460159998037852,None,6,1,25,1,,,,,71.53869710001163,,71.5230709000025,71.53869710001163,72.53822749998653,72.53822749998653,72.53822749998653,72.53822749998653,72.53822749998653,73.53777409999748,73.53777409999748,73.75465779998922,v,1,0.20460159998037852,None,,,,,ROS,001,2025-10-03_20h51.12.293,Motor Sequence Learning,,2025.1.1,60.00884530478391,2025-10-03 20h52.21.107209 +0530,
50,c,26,2,6,c,1,0.31652330001816154,None,6,2,26,2,,,,,73.77039809999405,,73.75504610000644,73.77039809999405,74.7698984000017,74.7698984000017,74.7698984000017,74.7698984000017,74.7698984000017,75.76895259998855,75.76895259998855,76.10295870000846,c,1,0.31652330001816154,None,,,,,ROS,001,2025-10-03_20h51.12.293,Motor Sequence Learning,,2025.1.1,60.00884530478391,2025-10-03 20h52.21.107209 +0530,
-150,z,27,3,6,z,1,0.31299069998203777,None,6,3,27,3,,,,,76.11855819998891,,76.10342400000081,76.11855819998891,77.1175235999981,77.1175235999981,77.1175235999981,77.1175235999981,77.1175235999981,78.1170090000087,78.1170090000087,78.43401420000009,z,1,0.31299069998203777,None,,,,,ROS,001,2025-10-03_20h51.12.293,Motor Sequence Learning,,2025.1.1,60.00884530478391,2025-10-03 20h52.21.107209 +0530,
-50,x,28,0,7,x,1,0.9511510000156704,None,7,0,28,0,,,,,78.44996769999852,,78.43430250001256,78.44996769999852,79.44930119998753,79.44930119998753,79.44930119998753,79.44930119998753,79.44930119998753,80.44827630001237,80.44827630001237,81.41461780000827,x,1,0.9511510000156704,None,,,,,ROS,001,2025-10-03_20h51.12.293,Motor Sequence Learning,,2025.1.1,60.00884530478391,2025-10-03 20h52.21.107209 +0530,
150,v,29,1,7,v,1,0.40536219999194145,None,7,1,29,1,,,,,81.43104319999111,,81.41495860001305,81.43104319999111,82.44666829999187,82.42987530000391,82.42987530000391,82.42987530000391,82.42987530000391,83.42931690000114,83.42931690000114,83.84682690000045,v,1,0.40536219999194145,None,,,,,ROS,001,2025-10-03_20h51.12.293,Motor Sequence Learning,,2025.1.1,60.00884530478391,2025-10-03 20h52.21.107209 +0530,
50,c,30,2,7,c,1,0.5610641000093892,None,7,2,30,2,,,,,83.86237540000002,,83.84743319998961,83.86237540000002,84.87797910001245,84.86144790000981,84.86144790000981,84.86144790000981,84.86144790000981,85.86059789999854,85.86059789999854,86.42772649999824,c,1,0.5610641000093892,None,,,,,ROS,001,2025-10-03_20h51.12.293,Motor Sequence Learning,,2025.1.1,60.00884530478391,2025-10-03 20h52.21.107209 +0530,
-150,z,31,3,7,z,1,0.29383450001478195,None,7,3,31,3,,,,,86.44375119998585,,86.4284151000029,86.44375119998585,87.44296519999625,87.44296519999625,87.44296519999625,87.44296519999625,87.44296519999625,88.44188609998673,88.44188609998673,88.7425768999965,z,1,0.29383450001478195,None,,,,,ROS,001,2025-10-03_20h51.12.293,Motor Sequence Learning,,2025.1.1,60.00884530478391,2025-10-03 20h52.21.107209 +0530,
-50,x,32,0,8,x,1,0.6597022000059951,None,8,0,32,0,,,,,88.758261400013,,88.74308519999613,88.758261400013,89.75762970000505,89.75762970000505,89.75762970000505,89.75762970000505,89.75762970000505,90.75652649998665,90.75652649998665,91.42341769998893,x,1,0.6597022000059951,None,,,,,ROS,001,2025-10-03_20h51.12.293,Motor Sequence Learning,,2025.1.1,60.00884530478391,2025-10-03 20h52.21.107209 +0530,
150,v,33,1,8,v,1,0.30352240000502206,None,8,1,33,1,,,,,91.43954640001175,,91.42397929998697,91.43954640001175,92.43867169998703,92.43867169998703,92.43867169998703,92.43867169998703,92.43867169998703,93.43737010000041,93.43737010000041,93.75466320000123,v,1,0.30352240000502206,None,,,,,ROS,001,2025-10-03_20h51.12.293,Motor Sequence Learning,,2025.1.1,60.00884530478391,2025-10-03 20h52.21.107209 +0530,
50,c,34,2,8,c,1,0.5686742999823764,None,8,2,34,2,,,,,93.77074659999926,,93.7551941999991,93.77074659999926,94.78647220000857,94.76998879999155,94.76998879999155,94.76998879999155,94.76998879999155,95.76901399999042,95.76901399999042,96.35292810000828,c,1,0.5686742999823764,None,,,,,ROS,001,2025-10-03_20h51.12.293,Motor Sequence Learning,,2025.1.1,60.00884530478391,2025-10-03 20h52.21.107209 +0530,
-150,z,35,3,8,z,1,0.42927910000435077,None,8,3,35,3,,,,,96.368524599995,,96.35340789999464,96.368524599995,97.38409279999905,97.36750299998675,97.36750299998675,97.36750299998675,97.36750299998675,98.36683929999708,98.36683929999708,98.80076320000808,z,1,0.42927910000435077,None,,,,,ROS,001,2025-10-03_20h51.12.293,Motor Sequence Learning,,2025.1.1,60.00884530478391,2025-10-03 20h52.21.107209 +0530,
-50,x,36,0,9,x,1,0.3509857000026386,None,9,0,36,0,,,,,98.81630899998709,,98.8015282000124,98.81630899998709,99.81571749999421,99.81571749999421,99.81571749999421,99.81571749999421,99.81571749999421,100.81506230001105,100.81506230001105,101.18175210000481,x,1,0.3509857000026386,None,,,,,ROS,001,2025-10-03_20h51.12.293,Motor Sequence Learning,,2025.1.1,60.00884530478391,2025-10-03 20h52.21.107209 +0530,
150,v,37,1,9,v,1,0.056812900002114475,None,9,1,37,1,,,,,101.19786220000242,,101.18225939999684,101.19786220000242,102.1972526999889,102.1972526999889,102.1972526999889,102.1972526999889,102.1972526999889,103.19649949998711,103.19649949998711,103.26369369999156,v,1,0.056812900002114475,None,,,,,ROS,001,2025-10-03_20h51.12.293,Motor Sequence Learning,,2025.1.1,60.00884530478391,2025-10-03 20h52.21.107209 +0530,
50,c,38,2,9,c,1,0.452513900003396,None,9,2,38,2,,,,,103.27971450000769,,103.26426249998622,103.27971450000769,104.27880329999607,104.27880329999607,104.27880329999607,104.27880329999607,104.27880329999607,105.27786480000941,105.27786480000941,105.74493839999195,c,1,0.452513900003396,None,,,,,ROS,001,2025-10-03_20h51.12.293,Motor Sequence Learning,,2025.1.1,60.00884530478391,2025-10-03 20h52.21.107209 +0530,
-150,z,39,3,9,z,1,0.43129989999579266,None,9,3,39,3,,,,,105.76101379998727,,105.7452903999947,105.76101379998727,106.760031599988,106.760031599988,106.760031599988,106.760031599988,106.760031599988,107.75916509999661,107.75916509999661,108.19231209999998,z,1,0.43129989999579266,None,,,,,ROS,001,2025-10-03_20h51.12.293,Motor Sequence Learning,,2025.1.1,60.00884530478391,2025-10-03 20h52.21.107209 +0530,
-50,x,40,0,10,x,1,0.3333029999921564,None,10,0,40,0,,,,,108.20952209999086,,108.19262970000273,108.20952209999086,109.22441399999661,109.20778870000504,109.20778870000504,109.20778870000504,109.20778870000504,110.2071367999888,110.2071367999888,110.55752800000482,x,1,0.3333029999921564,None,,,,,ROS,001,2025-10-03_20h51.12.293,Motor Sequence Learning,,2025.1.1,60.00884530478391,2025-10-03 20h52.21.107209 +0530,
150,v,41,1,10,v,1,0.4516014999826439,None,10,1,41,1,,,,,110.57331810001051,,110.5580450000125,110.57331810001051,111.57258430001093,111.57258430001093,111.57258430001093,111.57258430001093,111.57258430001093,112.57195169999613,112.57195169999613,113.03870750000351,v,1,0.4516014999826439,None,,,,,ROS,001,2025-10-03_20h51.12.293,Motor Sequence Learning,,2025.1.1,60.00884530478391,2025-10-03 20h52.21.107209 +0530,
50,c,42,2,10,c,1,0.2568696000089403,None,10,2,42,2,,,,,113.0547896999924,,113.03901999999653,113.0547896999924,114.05403570001363,114.05403570001363,114.05403570001363,114.05403570001363,114.05403570001363,115.05320439999923,115.05320439999923,115.32086889998754,c,1,0.2568696000089403,None,,,,,ROS,001,2025-10-03_20h51.12.293,Motor Sequence Learning,,2025.1.1,60.00884530478391,2025-10-03 20h52.21.107209 +0530,
-150,z,43,3,10,z,1,0.5222173999936786,None,10,3,43,3,,,,,115.3361075000139,,115.32149000000209,115.3361075000139,116.33576670000912,116.33576670000912,116.33576670000912,116.33576670000912,116.33576670000912,117.33487140000216,117.33487140000216,117.86813590000384,z,1,0.5222173999936786,None,,,,,ROS,001,2025-10-03_20h51.12.293,Motor Sequence Learning,,2025.1.1,60.00884530478391,2025-10-03 20h52.21.107209 +0530,
-50,x,44,0,11,x,1,0.41149870000663213,None,11,0,44,0,,,,,117.88411620000261,,117.86840599999414,117.88411620000261,118.8834549000021,118.86696069999016,118.86696069999016,118.86696069999016,118.86696069999016,119.88242969999555,119.88242969999555,120.29914529999951,x,1,0.41149870000663213,None,,,,,ROS,001,2025-10-03_20h51.12.293,Motor Sequence Learning,,2025.1.1,60.00884530478391,2025-10-03 20h52.21.107209 +0530,
150,v,45,1,11,v,1,0.24346669999067672,None,11,1,45,1,,,,,120.31529389999923,,120.29958150000311,120.31529389999923,121.31481439998606,121.31481439998606,121.31481439998606,121.31481439998606,121.31481439998606,122.31386230001226,122.31386230001226,122.56416770000942,v,1,0.24346669999067672,None,,,,,ROS,001,2025-10-03_20h51.12.293,Motor Sequence Learning,,2025.1.1,60.00884530478391,2025-10-03 20h52.21.107209 +0530,
50,c,46,2,11,c,1,0.28432340000290424,None,11,2,46,2,,,,,122.58014919998823,,122.56463660000009,122.58014919998823,123.579252800002,123.579252800002,123.579252800002,123.579252800002,123.579252800002,124.57848789999844,124.57848789999844,124.87882380001247,c,1,0.28432340000290424,None,,,,,ROS,001,2025-10-03_20h51.12.293,Motor Sequence Learning,,2025.1.1,60.00884530478391,2025-10-03 20h52.21.107209 +0530,
-150,z,47,3,11,z,1,0.24586840000119992,None,11,3,47,3,,,,,124.89508779998869,,124.87909599998966,124.89508779998869,125.89418969998951,125.89418969998951,125.89418969998951,125.89418969998951,125.89418969998951,126.89356120000593,126.89356120000593,127.14380489999894,z,1,0.24586840000119992,None,,,,,ROS,001,2025-10-03_20h51.12.293,Motor Sequence Learning,,2025.1.1,60.00884530478391,2025-10-03 20h52.21.107209 +0530,
-50,x,48,0,12,x,1,0.8190013999992516,None,12,0,48,0,,,,,127.1598801999935,,127.14404189999914,127.1598801999935,128.1591413000133,128.1591413000133,128.1591413000133,128.1591413000133,128.1591413000133,129.15824520000024,129.15824520000024,129.99177749999217,x,1,0.8190013999992516,None,,,,,ROS,001,2025-10-03_20h51.12.293,Motor Sequence Learning,,2025.1.1,60.00884530478391,2025-10-03 20h52.21.107209 +0530,
150,v,49,1,12,v,1,0.3447186000121292,None,12,1,49,1,,,,,130.0075092999905,,129.99226520000957,130.0075092999905,131.006784600002,131.006784600002,131.006784600002,131.006784600002,131.006784600002,132.0056293999951,132.0056293999951,132.35609990000376,v,1,0.3447186000121292,None,,,,,ROS,001,2025-10-03_20h51.12.293,Motor Sequence Learning,,2025.1.1,60.00884530478391,2025-10-03 20h52.21.107209 +0530,
50,c,50,2,12,c,1,3.056789399997797,None,12,2,50,2,,,,,132.3721954000066,,132.3565285000077,132.3721954000066,133.37135880001006,133.37135880001006,133.37135880001006,133.37135880001006,133.37135880001006,134.370590800012,134.370590800012,137.43538040001295,c,1,3.056789399997797,None,,,,,ROS,001,2025-10-03_20h51.12.293,Motor Sequence Learning,,2025.1.1,60.00884530478391,2025-10-03 20h52.21.107209 +0530,
-150,z,51,3,12,z,1,9.777684399974532,None,12,3,51,3,,,,,137.4513896999997,,137.43571950000478,137.4513896999997,138.45061400000122,138.45061400000122,138.45061400000122,138.45061400000122,138.45061400000122,139.4498542000074,139.4498542000074,149.2425241000019,z,1,9.777684399974532,None,,,,,ROS,001,2025-10-03_20h51.12.293,Motor Sequence Learning,,2025.1.1,60.00884530478391,2025-10-03 20h52.21.107209 +0530,
-50,x,52,0,13,x,1,0.5332709000213072,None,13,0,52,0,,,,,149.25822190000326,,149.24316799998633,149.25822190000326,150.2573418999964,150.2573418999964,150.2573418999964,150.2573418999964,150.2573418999964,151.25653859999147,151.25653859999147,151.80670650000684,x,1,0.5332709000213072,None,,,,,ROS,001,2025-10-03_20h51.12.293,Motor Sequence Learning,,2025.1.1,60.00884530478391,2025-10-03 20h52.21.107209 +0530,
150,v,53,1,13,v,1,20.262700100021902,None,13,1,53,1,,,,,151.82294559999718,,151.80714889999945,151.82294559999718,152.82204329999513,152.82204329999513,152.82204329999513,152.82204329999513,152.82204329999513,153.82126890000654,153.82126890000654,174.0881464999984,v,1,20.262700100021902,None,,,,,ROS,001,2025-10-03_20h51.12.293,Motor Sequence Learning,,2025.1.1,60.00884530478391,2025-10-03 20h52.21.107209 +0530,
50,c,54,2,13,c,1,1.3856412000022829,None,13,2,54,2,,,,,174.10456070001237,,174.08846309999353,174.10456070001237,175.12031200001366,175.10379719999037,175.10379719999037,175.10379719999037,175.10379719999037,176.10274430000572,176.10274430000572,177.50221529998817,c,1,1.3856412000022829,None,,,,,ROS,001,2025-10-03_20h51.12.293,Motor Sequence Learning,,2025.1.1,60.00884530478391,2025-10-03 20h52.21.107209 +0530,
-150,z,55,3,13,z,1,0.5275142999889795,None,13,3,55,3,,,,,177.51822950001224,,177.50269419999677,177.51822950001224,178.51765409999643,178.51765409999643,178.51765409999643,178.51765409999643,178.51765409999643,179.5165835999942,179.5165835999942,180.05045350000728,z,1,0.5275142999889795,None,,,,,ROS,001,2025-10-03_20h51.12.293,Motor Sequence Learning,,2025.1.1,60.00884530478391,2025-10-03 20h52.21.107209 +0530,
-50,x,56,0,14,x,1,0.38807260000612587,None,14,0,56,0,,,,,180.0661296999897,,180.05119249998825,180.0661296999897,181.06510499998694,181.06510499998694,181.06510499998694,181.06510499998694,181.06510499998694,182.0646487000049,182.0646487000049,182.4653721000068,x,1,0.38807260000612587,None,,,,,ROS,001,2025-10-03_20h51.12.293,Motor Sequence Learning,,2025.1.1,60.00884530478391,2025-10-03 20h52.21.107209 +0530,
150,v,57,1,14,v,1,2.201594500016654,None,14,1,57,1,,,,,182.48075139999855,,182.46577790001174,182.48075139999855,183.4799256999977,183.4799256999977,183.4799256999977,183.4799256999977,183.4799256999977,184.47919390001334,184.47919390001334,186.6949697000091,v,1,2.201594500016654,None,,,,,ROS,001,2025-10-03_20h51.12.293,Motor Sequence Learning,,2025.1.1,60.00884530478391,2025-10-03 20h52.21.107209 +0530,
50,c,58,2,14,c,1,0.5032980999967549,None,14,2,58,2,,,,,186.7107279000047,,186.69546819999232,186.7107279000047,187.71009909998975,187.71009909998975,187.71009909998975,187.71009909998975,187.71009909998975,188.70903989998624,188.70903989998624,189.22635569999693,c,1,0.5032980999967549,None,,,,,ROS,001,2025-10-03_20h51.12.293,Motor Sequence Learning,,2025.1.1,60.00884530478391,2025-10-03 20h52.21.107209 +0530,
-150,z,59,3,14,z,1,0.33294620001106523,None,14,3,59,3,,,,,189.24208769999677,,189.22689150000224,189.24208769999677,190.25782860000618,190.24106010000105,190.24106010000105,190.24106010000105,190.24106010000105,191.24039940000512,191.24039940000512,191.59088040000643,z,1,0.33294620001106523,None,,,,,ROS,001,2025-10-03_20h51.12.293,Motor Sequence Learning,,2025.1.1,60.00884530478391,2025-10-03 20h52.21.107209 +0530,
-50,x,60,0,15,x,1,0.4168479999934789,None,15,0,60,0,,,,,191.60671160000493,,191.59125890000723,191.60671160000493,192.60598039999604,192.60598039999604,192.60598039999604,192.60598039999604,192.60598039999604,193.60516219999408,193.60516219999408,194.03897210001014,x,1,0.4168479999934789,None,,,,,ROS,001,2025-10-03_20h51.12.293,Motor Sequence Learning,,2025.1.1,60.00884530478391,2025-10-03 20h52.21.107209 +0530,
150,v,61,1,15,v,1,0.6894600000232458,None,15,1,61,1,,,,,194.0548766000138,,194.03942929999903,194.0548766000138,195.05417139999918,195.05417139999918,195.05417139999918,195.05417139999918,195.05417139999918,196.05306110001402,196.05306110001402,196.7527018999972,v,1,0.6894600000232458,None,,,,,ROS,001,2025-10-03_20h51.12.293,Motor Sequence Learning,,2025.1.1,60.00884530478391,2025-10-03 20h52.21.107209 +0530,
50,c,62,2,15,c,1,0.3478754999814555,None,15,2,62,2,,,,,196.769048999995,,196.7532007000118,196.769048999995,197.76832259999355,197.76832259999355,197.76832259999355,197.76832259999355,197.76832259999355,198.76736500000698,198.76736500000698,199.11821119999513,c,1,0.3478754999814555,None,,,,,ROS,001,2025-10-03_20h51.12.293,Motor Sequence Learning,,2025.1.1,60.00884530478391,2025-10-03 20h52.21.107209 +0530,
-150,z,63,3,15,z,1,0.6353944000147749,None,15,3,63,3,,,,,199.13399729999946,,199.11884250000003,199.13399729999946,200.14965239999583,200.13315820001299,200.13315820001299,200.13315820001299,200.13315820001299,201.1321723999863,201.1321723999863,201.78189640000346,z,1,0.6353944000147749,None,,,,,ROS,001,2025-10-03_20h51.12.293,Motor Sequence Learning,,2025.1.1,60.00884530478391,2025-10-03 20h52.21.107209 +0530,
-50,x,64,0,16,x,1,0.5641466999950353,None,16,0,64,0,,,,,201.79823559999932,,201.78219170001103,201.79823559999932,202.79743219999364,202.79743219999364,202.79743219999364,202.79743219999364,202.79743219999364,203.7966141999932,203.7966141999932,204.36433819998638,x,1,0.5641466999950353,None,,,,,ROS,001,2025-10-03_20h51.12.293,Motor Sequence Learning,,2025.1.1,60.00884530478391,2025-10-03 20h52.21.107209 +0530,
150,v,65,1,16,v,1,0.2926434999972116,None,16,1,65,1,,,,,204.37962570000673,,204.36497220001183,204.37962570000673,205.395176799997,205.37855610001134,205.37855610001134,205.37855610001134,205.37855610001134,206.37818199998583,206.37818199998583,206.67825870000524,v,1,0.2926434999972116,None,,,,,ROS,001,2025-10-03_20h51.12.293,Motor Sequence Learning,,2025.1.1,60.00884530478391,2025-10-03 20h52.21.107209 +0530,
50,c,66,2,16,c,1,0.7861177000158932,None,16,2,66,2,,,,,206.69404520001262,,206.6787009999971,206.69404520001262,207.6935422999959,207.6935422999959,207.6935422999959,207.6935422999959,207.6935422999959,208.69282239998574,208.69282239998574,209.49311000001035,c,1,0.7861177000158932,None,,,,,ROS,001,2025-10-03_20h51.12.293,Motor Sequence Learning,,2025.1.1,60.00884530478391,2025-10-03 20h52.21.107209 +0530,
-150,z,67,3,16,z,1,3.5258737999829464,None,16,3,67,3,,,,,209.5087521999958,,209.49371000000974,209.5087521999958,210.52457909999066,210.50755539999227,210.50755539999227,210.50755539999227,210.50755539999227,211.50710389998858,211.50710389998858,215.0387194000068,z,1,3.5258737999829464,None,,,,,ROS,001,2025-10-03_20h51.12.293,Motor Sequence Learning,,2025.1.1,60.00884530478391,2025-10-03 20h52.21.107209 +0530,
-50,x,68,0,17,c,0,1.1804279999923892,None,17,0,68,0,,,,,215.05437070000335,,215.039434300008,215.05437070000335,216.06997010001214,216.05315059999702,216.05315059999702,216.05315059999702,216.05315059999702,217.05233939999016,217.05233939999016,218.23549799999455,c,0,1.1804279999923892,None,,,,,ROS,001,2025-10-03_20h51.12.293,Motor Sequence Learning,,2025.1.1,60.00884530478391,2025-10-03 20h52.21.107209 +0530,
150,v,69,1,17,v,1,0.604397599992808,None,17,1,69,1,,,,,218.25146010000026,,218.23584000000847,218.25146010000026,219.250643700012,219.250643700012,219.250643700012,219.250643700012,219.250643700012,220.2501154000056,220.2501154000056,220.8668682000134,v,1,0.604397599992808,None,,,,,ROS,001,2025-10-03_20h51.12.293,Motor Sequence Learning,,2025.1.1,60.00884530478391,2025-10-03 20h52.21.107209 +0530,
50,c,70,2,17,c,1,0.40240829999675043,None,17,2,70,2,,,,,220.88271090001217,,220.86721860000398,220.88271090001217,221.88215719998698,221.88215719998698,221.88215719998698,221.88215719998698,221.88215719998698,222.8809282000002,222.8809282000002,223.29799260001164,c,1,0.40240829999675043,None,,,,,ROS,001,2025-10-03_20h51.12.293,Motor Sequence Learning,,2025.1.1,60.00884530478391,2025-10-03 20h52.21.107209 +0530,
-150,z,71,3,17,z,1,0.4614466000057291,None,17,3,71,3,,,,,223.31416589999571,,223.2983225999924,223.31416589999571,224.31346450001,224.31346450001,224.31346450001,224.31346450001,224.31346450001,225.3125590000127,225.3125590000127,225.77904429999762,z,1,0.4614466000057291,None,,,,,ROS,001,2025-10-03_20h51.12.293,Motor Sequence Learning,,2025.1.1,60.00884530478391,2025-10-03 20h52.21.107209 +0530,
-50,x,72,0,18,x,1,0.30900560002191924,None,18,0,72,0,,,,,225.795172299986,,225.77934979999554,225.795172299986,226.7946026000136,226.7946026000136,226.7946026000136,226.7946026000136,226.7946026000136,227.79365090001374,227.79365090001374,228.1108835999912,x,1,0.30900560002191924,None,,,,,ROS,001,2025-10-03_20h51.12.293,Motor Sequence Learning,,2025.1.1,60.00884530478391,2025-10-03 20h52.21.107209 +0530,
150,v,73,1,18,v,1,0.4570982000150252,None,18,1,73,1,,,,,228.12720660000923,,228.1114222999895,228.12720660000923,229.14276429999154,229.12618610000936,229.12618610000936,229.12618610000936,229.12618610000936,230.12498970000888,230.12498970000888,230.59195179998642,v,1,0.4570982000150252,None,,,,,ROS,001,2025-10-03_20h51.12.293,Motor Sequence Learning,,2025.1.1,60.00884530478391,2025-10-03 20h52.21.107209 +0530,
50,c,74,2,18,c,1,0.39410780000616796,None,18,2,74,2,,,,,230.60815419998835,,230.59249969999655,230.60815419998835,231.62405290000606,231.6070999999938,231.6070999999938,231.6070999999938,231.6070999999938,232.60611359999166,232.60611359999166,233.00682979999692,c,1,0.39410780000616796,None,,,,,ROS,001,2025-10-03_20h51.12.293,Motor Sequence Learning,,2025.1.1,60.00884530478391,2025-10-03 20h52.21.107209 +0530,
-150,z,75,3,18,z,1,0.378585500002373,None,18,3,75,3,,,,,233.02279670001008,,233.00737390000722,233.02279670001008,234.0384109999868,234.02179030000116,234.02179030000116,234.02179030000116,234.02179030000116,235.0212828000076,235.0212828000076,235.40440259999014,z,1,0.378585500002373,None,,,,,ROS,001,2025-10-03_20h51.12.293,Motor Sequence Learning,,2025.1.1,60.00884530478391,2025-10-03 20h52.21.107209 +0530,
-50,x,76,0,19,x,1,0.40588979999301955,None,19,0,76,0,,,,,235.42054069999722,,235.40475059999153,235.42054069999722,236.4200576999865,236.40327040001284,236.40327040001284,236.40327040001284,236.40327040001284,237.4190707000089,237.4190707000089,237.83613069998682,x,1,0.40588979999301955,None,,,,,ROS,001,2025-10-03_20h51.12.293,Motor Sequence Learning,,2025.1.1,60.00884530478391,2025-10-03 20h52.21.107209 +0530,
150,v,77,1,19,v,1,0.5772113999992143,None,19,1,77,1,,,,,237.85197270000936,,237.83666339999763,237.85197270000936,238.8513787999982,238.8513787999982,238.8513787999982,238.8513787999982,238.8513787999982,239.8508845999895,239.8508845999895,240.4343111999915,v,1,0.5772113999992143,None,,,,,ROS,001,2025-10-03_20h51.12.293,Motor Sequence Learning,,2025.1.1,60.00884530478391,2025-10-03 20h52.21.107209 +0530,
50,c,78,2,19,c,1,0.37685319999582134,None,19,2,78,2,,,,,240.45012769999448,,240.4347875000094,240.45012769999448,241.46591249998892,241.4493618000124,241.4493618000124,241.4493618000124,241.4493618000124,242.44794489999185,242.44794489999185,242.83240290000685,c,1,0.37685319999582134,None,,,,,ROS,001,2025-10-03_20h51.12.293,Motor Sequence Learning,,2025.1.1,60.00884530478391,2025-10-03 20h52.21.107209 +0530,
-150,z,79,3,19,z,1,0.4080181999888737,None,19,3,79,3,,,,,242.84799939999357,,242.83300660000532,242.84799939999357,243.84734780000872,243.84734780000872,243.84734780000872,243.84734780000872,243.84734780000872,244.846480600012,244.846480600012,245.26372429999174,z,1,0.4080181999888737,None,,,,,ROS,001,2025-10-03_20h51.12.293,Motor Sequence Learning,,2025.1.1,60.00884530478391,2025-10-03 20h52.21.107209 +0530,
-50,x,80,0,20,x,1,0.9293792999815196,None,20,0,80,0,,,,,245.27955340000335,,245.26440059999004,245.27955340000335,246.2785079999885,246.2785079999885,246.2785079999885,246.2785079999885,246.2785079999885,247.27828170001158,247.27828170001158,248.21125459999894,x,1,0.9293792999815196,None,,,,,ROS,001,2025-10-03_20h51.12.293,Motor Sequence Learning,,2025.1.1,60.00884530478391,2025-10-03 20h52.21.107209 +0530,
150,v,81,1,20,v,1,0.5442559999937657,None,20,1,81,1,,,,,248.22697240000707,,248.2120145999943,248.22697240000707,249.24241370000527,249.22568760000286,249.22568760000286,249.22568760000286,249.22568760000286,250.2251638000016,250.2251638000016,250.77569340000628,v,1,0.5442559999937657,None,,,,,ROS,001,2025-10-03_20h51.12.293,Motor Sequence Learning,,2025.1.1,60.00884530478391,2025-10-03 20h52.21.107209 +0530,
50,c,82,2,20,c,1,0.4587609999871347,None,20,2,82,2,,,,,250.79160339999362,,250.77621119999094,250.79160339999362,251.80757569998968,251.79086800001096,251.79086800001096,251.79086800001096,251.79086800001096,252.7899965000106,252.7899965000106,253.25669549999293,c,1,0.4587609999871347,None,,,,,ROS,001,2025-10-03_20h51.12.293,Motor Sequence Learning,,2025.1.1,60.00884530478391,2025-10-03 20h52.21.107209 +0530,
-150,z,83,3,20,z,1,0.5381777000147849,None,20,3,83,3,,,,,253.2725710000086,,253.25705750001362,253.2725710000086,254.27191810001386,254.27191810001386,254.27191810001386,254.27191810001386,254.27191810001386,255.27065900000161,255.27065900000161,255.8214394999959,z,1,0.5381777000147849,None,,,,,ROS,001,2025-10-03_20h51.12.293,Motor Sequence Learning,,2025.1.1,60.00884530478391,2025-10-03 20h52.21.107209 +0530,
-50,x,84,0,21,x,1,0.6127707999839913,None,21,0,84,0,,,,,255.83768659998896,,255.82199490000494,255.83768659998896,256.8533293000073,256.83668539999053,256.83668539999053,256.83668539999053,256.83668539999053,257.83564060000936,257.83564060000936,258.4520928999991,x,1,0.6127707999839913,None,,,,,ROS,001,2025-10-03_20h51.12.293,Motor Sequence Learning,,2025.1.1,60.00884530478391,2025-10-03 20h52.21.107209 +0530,
150,v,85,1,21,v,1,1.596367400023155,None,21,1,85,1,,,,,258.4681333999906,,258.4524276999873,258.4681333999906,259.46753510000417,259.46753510000417,259.46753510000417,259.46753510000417,259.46753510000417,260.4665854999912,260.4665854999912,262.0660149999894,v,1,1.596367400023155,None,,,,,ROS,001,2025-10-03_20h51.12.293,Motor Sequence Learning,,2025.1.1,60.00884530478391,2025-10-03 20h52.21.107209 +0530,
50,c,86,2,21,c,1,0.6453410999965854,None,21,2,86,2,,,,,262.08237580000423,,262.0665524000069,262.08237580000423,263.0981512000144,263.08111190001364,263.08111190001364,263.08111190001364,263.08111190001364,264.0806745000009,264.0806745000009,264.7307986000087,c,1,0.6453410999965854,None,,,,,ROS,001,2025-10-03_20h51.12.293,Motor Sequence Learning,,2025.1.1,60.00884530478391,2025-10-03 20h52.21.107209 +0530,
-150,z,87,3,21,z,1,0.6384945999889169,None,21,3,87,3,,,,,264.7467947000114,,264.73139410000294,264.7467947000114,265.7620886999939,265.7455689999915,265.7455689999915,265.7455689999915,265.7455689999915,266.74490990000777,266.74490990000777,267.3955793000059,z,1,0.6384945999889169,None,,,,,ROS,001,2025-10-03_20h51.12.293,Motor Sequence Learning,,2025.1.1,60.00884530478391,2025-10-03 20h52.21.107209 +0530,
-50,x,88,0,22,x,1,0.5648907000140753,None,22,0,88,0,,,,,267.41117840001243,,267.39632880000863,267.41117840001243,268.41019620001316,268.41019620001316,268.41019620001316,268.41019620001316,268.41019620001316,269.40928550000535,269.40928550000535,269.9760297999892,x,1,0.5648907000140753,None,,,,,ROS,001,2025-10-03_20h51.12.293,Motor Sequence Learning,,2025.1.1,60.00884530478391,2025-10-03 20h52.21.107209 +0530,
150,v,89,1,22,v,1,0.6668727000069339,None,22,1,89,1,,,,,269.9924555000034,,269.976521900011,269.9924555000034,271.0079307999986,270.99145309999585,270.99145309999585,270.99145309999585,270.99145309999585,271.9905570000119,271.9905570000119,272.67452649999177,v,1,0.6668727000069339,None,,,,,ROS,001,2025-10-03_20h51.12.293,Motor Sequence Learning,,2025.1.1,60.00884530478391,2025-10-03 20h52.21.107209 +0530,
50,c,90,2,22,c,1,0.6259088999941014,None,22,2,90,2,,,,,272.69023639999796,,272.6751566999883,272.69023639999796,273.70562359999167,273.68906539998716,273.68906539998716,273.68906539998716,273.68906539998716,274.68840199999977,274.68840199999977,275.32204969998566,c,1,0.6259088999941014,None,,,,,ROS,001,2025-10-03_20h51.12.293,Motor Sequence Learning,,2025.1.1,60.00884530478391,2025-10-03 20h52.21.107209 +0530,
-150,z,91,3,22,z,1,0.591370400012238,None,22,3,91,3,,,,,275.337921600003,,275.32262799999444,275.337921600003,276.35367310000584,276.3368056000036,276.3368056000036,276.3368056000036,276.3368056000036,277.33644829998957,277.33644829998957,277.9364021999936,z,1,0.591370400012238,None,,,,,ROS,001,2025-10-03_20h51.12.293,Motor Sequence Learning,,2025.1.1,60.00884530478391,2025-10-03 20h52.21.107209 +0530,
-50,x,92,0,23,x,1,0.3941134999913629,None,23,0,92,0,,,,,277.95224780001445,,277.9369974999863,277.95224780001445,278.9514070999867,278.9514070999867,278.9514070999867,278.9514070999867,278.9514070999867,279.95062300001155,279.95062300001155,280.3509774999984,x,1,0.3941134999913629,None,,,,,ROS,001,2025-10-03_20h51.12.293,Motor Sequence Learning,,2025.1.1,60.00884530478391,2025-10-03 20h52.21.107209 +0530,
150,v,93,1,23,v,1,0.5114795000117738,None,23,1,93,1,,,,,280.3672680000018,,280.3514972999983,280.3672680000018,281.38281469998765,281.36624510001275,281.36624510001275,281.36624510001275,281.36624510001275,282.3654747999972,282.3654747999972,282.88202739998815,v,1,0.5114795000117738,None,,,,,ROS,001,2025-10-03_20h51.12.293,Motor Sequence Learning,,2025.1.1,60.00884530478391,2025-10-03 20h52.21.107209 +0530,
50,c,94,2,23,c,1,0.4739396999939345,None,23,2,94,2,,,,,282.89814579999074,,282.8823277000047,282.89814579999074,283.8975703000033,283.8975703000033,283.8975703000033,283.8975703000033,283.8975703000033,284.8964352000039,284.8964352000039,285.3802677000058,c,1,0.4739396999939345,None,,,,,ROS,001,2025-10-03_20h51.12.293,Motor Sequence Learning,,2025.1.1,60.00884530478391,2025-10-03 20h52.21.107209 +0530,
-150,z,95,3,23,z,1,0.5213665000046603,None,23,3,95,3,,,,,285.3959366999916,,285.3807785999961,285.3959366999916,286.39561800000956,286.39561800000956,286.39561800000956,286.39561800000956,286.39561800000956,287.3944261999859,287.3944261999859,287.928096299991,z,1,0.5213665000046603,None,,,,,ROS,001,2025-10-03_20h51.12.293,Motor Sequence Learning,,2025.1.1,60.00884530478391,2025-10-03 20h52.21.107209 +0530,
-50,x,96,0,24,x,1,0.6325367000245024,None,24,0,96,0,,,,,287.9440975000034,,287.9284869999974,287.9440975000034,288.9433934999979,288.9433934999979,288.9433934999979,288.9433934999979,288.9433934999979,289.9426538000116,289.9426538000116,290.5758449000132,x,1,0.6325367000245024,None,,,,,ROS,001,2025-10-03_20h51.12.293,Motor Sequence Learning,,2025.1.1,60.00884530478391,2025-10-03 20h52.21.107209 +0530,
150,v,97,1,24,v,1,0.47496059999684803,None,24,1,97,1,,,,,290.59181869999156,,290.576246200013,290.59181869999156,291.59107409999706,291.59107409999706,291.59107409999706,291.59107409999706,291.59107409999706,292.5906121000007,292.5906121000007,293.0744512999954,v,1,0.47496059999684803,None,,,,,ROS,001,2025-10-03_20h51.12.293,Motor Sequence Learning,,2025.1.1,60.00884530478391,2025-10-03 20h52.21.107209 +0530,
50,c,98,2,24,c,1,0.34776209999108687,None,24,2,98,2,,,,,293.08994120001444,,293.07517379999626,293.08994120001444,294.0888766999997,294.0888766999997,294.0888766999997,294.0888766999997,294.0888766999997,295.0884281999897,295.0884281999897,295.4389521999983,c,1,0.34776209999108687,None,,,,,ROS,001,2025-10-03_20h51.12.293,Motor Sequence Learning,,2025.1.1,60.00884530478391,2025-10-03 20h52.21.107209 +0530,
-150,z,99,3,24,z,1,0.456574499985436,None,24,3,99,3,,,,,295.4548199000128,,295.4397392999963,295.4548199000128,296.45381440001074,296.45381440001074,296.45381440001074,296.45381440001074,296.45381440001074,297.4527868999867,297.4527868999867,297.9203579000023,z,1,0.456574499985436,None,,,,,ROS,001,2025-10-03_20h51.12.293,Motor Sequence Learning,,2025.1.1,60.00884530478391,2025-10-03 20h52.21.107209 +0530,
-150,z,0,0,0,z,1,0.6269376999989618,None,,,,,0,0,0,3,297.9394823999901,,297.9365439999965,297.9394823999901,298.9516399000131,298.9350310000009,298.9350310000009,298.9350310000009,298.9350310000009,299.9341065000044,299.9341065000044,300.56839130001026,,,,,z,1,0.6269376999989618,None,ROS,001,2025-10-03_20h51.12.293,Motor Sequence Learning,,2025.1.1,60.00884530478391,2025-10-03 20h52.21.107209 +0530,
-50,x,1,1,0,x,1,0.38979429999017157,None,,,,,0,1,1,0,300.58404369998607,,300.5691119999974,300.58404369998607,301.5830152000126,301.5830152000126,301.5830152000126,301.5830152000126,301.5830152000126,302.5819485000102,302.5819485000102,302.98234230000526,,,,,x,1,0.38979429999017157,None,ROS,001,2025-10-03_20h51.12.293,Motor Sequence Learning,,2025.1.1,60.00884530478391,2025-10-03 20h52.21.107209 +0530,
150,v,2,2,0,v,1,1.0650653000047896,None,,,,,0,2,2,1,302.99857610001345,,302.98254550001,302.99857610001345,304.0139815000002,303.99738539999817,303.99738539999817,303.99738539999817,303.99738539999817,304.9967883999925,304.9967883999925,306.06320340000093,,,,,v,1,1.0650653000047896,None,ROS,001,2025-10-03_20h51.12.293,Motor Sequence Learning,,2025.1.1,60.00884530478391,2025-10-03 20h52.21.107209 +0530,
150,v,3,3,1,v,1,0.5541345000092406,None,,,,,1,3,3,1,306.0792575000087,,306.0640291000018,306.0792575000087,307.0785714999947,307.0785714999947,307.0785714999947,307.0785714999947,307.0785714999947,308.0776179000095,308.0776179000095,308.64498569999705,,,,,v,1,0.5541345000092406,None,ROS,001,2025-10-03_20h51.12.293,Motor Sequence Learning,,2025.1.1,60.00884530478391,2025-10-03 20h52.21.107209 +0530,
50,c,4,4,0,c,1,0.5808275000017602,None,,,,,0,4,4,2,308.660475200013,,308.6457410999865,308.660475200013,309.6594996000058,309.6594996000058,309.6594996000058,309.6594996000058,309.6594996000058,310.65883460000623,310.65883460000623,311.24249890001374,,,,,c,1,0.5808275000017602,None,ROS,001,2025-10-03_20h51.12.293,Motor Sequence Learning,,2025.1.1,60.00884530478391,2025-10-03 20h52.21.107209 +0530,
50,c,5,5,1,c,1,9.501500099984696,None,,,,,1,5,5,2,311.25858289998723,,311.2431062000105,311.25858289998723,312.2576529000071,312.2576529000071,312.2576529000071,312.2576529000071,312.2576529000071,313.25657590001356,313.25657590001356,322.76591779998853,,,,,c,1,9.501500099984696,None,ROS,001,2025-10-03_20h51.12.293,Motor Sequence Learning,,2025.1.1,60.00884530478391,2025-10-03 20h52.21.107209 +0530,
50,c,6,6,2,c,1,1.266546400001971,None,,,,,2,6,6,2,322.7819895000139,,322.7663821000024,322.7819895000139,323.78115980001166,323.78115980001166,323.78115980001166,323.78115980001166,323.78115980001166,324.7803156999871,324.7803156999871,326.0637879999995,,,,,c,1,1.266546400001971,None,ROS,001,2025-10-03_20h51.12.293,Motor Sequence Learning,,2025.1.1,60.00884530478391,2025-10-03 20h52.21.107209 +0530,
150,v,7,7,2,v,1,4.172048100008396,None,,,,,2,7,7,1,326.07962390000466,,326.06442939999397,326.07962390000466,327.0786551999918,327.0786551999918,327.0786551999918,327.0786551999918,327.0786551999918,328.0778564999928,328.0778564999928,332.2578637000115,,,,,v,1,4.172048100008396,None,ROS,001,2025-10-03_20h51.12.293,Motor Sequence Learning,,2025.1.1,60.00884530478391,2025-10-03 20h52.21.107209 +0530,
-50,x,8,8,1,x,1,0.8950554000039119,None,,,,,1,8,8,0,332.27399799998966,,332.2582357999927,332.27399799998966,333.2731522000104,333.2731522000104,333.2731522000104,333.2731522000104,333.2731522000104,334.2725580999977,334.2725580999977,335.1723039000062,,,,,x,1,0.8950554000039119,None,ROS,001,2025-10-03_20h51.12.293,Motor Sequence Learning,,2025.1.1,60.00884530478391,2025-10-03 20h52.21.107209 +0530,
50,c,9,9,3,c,1,0.6842889999970794,None,,,,,3,9,9,2,335.1882878000033,,335.1725919999881,335.1882878000033,336.1878754000063,336.1878754000063,336.1878754000063,336.1878754000063,336.1878754000063,337.1870789999957,337.1870789999957,337.8872687999974,,,,,c,1,0.6842889999970794,None,ROS,001,2025-10-03_20h51.12.293,Motor Sequence Learning,,2025.1.1,60.00884530478391,2025-10-03 20h52.21.107209 +0530,
-150,z,10,10,1,z,1,0.6300985999987461,None,,,,,1,10,10,3,337.903335400013,,337.887836400012,337.903335400013,338.9186900999921,338.901875200012,338.901875200012,338.901875200012,338.901875200012,339.90148780000163,339.90148780000163,340.53493850000086,,,,,z,1,0.6300985999987461,None,ROS,001,2025-10-03_20h51.12.293,Motor Sequence Learning,,2025.1.1,60.00884530478391,2025-10-03 20h52.21.107209 +0530,
150,v,11,11,3,v,1,0.898225300014019,None,,,,,3,11,11,1,340.55100879998645,,340.5355632000137,340.55100879998645,341.5500350999937,341.5500350999937,341.5500350999937,341.5500350999937,341.5500350999937,342.54904459998943,342.54904459998943,343.44872650000616,,,,,v,1,0.898225300014019,None,ROS,001,2025-10-03_20h51.12.293,Motor Sequence Learning,,2025.1.1,60.00884530478391,2025-10-03 20h52.21.107209 +0530,
150,v,12,12,4,v,1,1.7117116000154056,None,,,,,4,12,12,1,343.46511429999373,,343.4489898000029,343.46511429999373,344.4810017000127,344.4640944999992,344.4640944999992,344.4640944999992,344.4640944999992,345.46361080001225,345.46361080001225,347.1793093000015,,,,,v,1,1.7117116000154056,None,ROS,001,2025-10-03_20h51.12.293,Motor Sequence Learning,,2025.1.1,60.00884530478391,2025-10-03 20h52.21.107209 +0530,
-50,x,13,13,2,x,1,1.5699835999985225,None,,,,,2,13,13,0,347.19521820000955,,347.1797712999978,347.19521820000955,348.1944380000059,348.1944380000059,348.1944380000059,348.1944380000059,348.1944380000059,349.1935584000021,349.1935584000021,350.77663290000055,,,,,x,1,1.5699835999985225,None,ROS,001,2025-10-03_20h51.12.293,Motor Sequence Learning,,2025.1.1,60.00884530478391,2025-10-03 20h52.21.107209 +0530,
50,c,14,14,4,c,1,0.5663995000068098,None,,,,,4,14,14,2,350.79252799999085,,350.77721010000096,350.79252799999085,351.7917533,351.7917533,351.7917533,351.7917533,351.7917533,352.79036220000125,352.79036220000125,353.35783260001335,,,,,c,1,0.5663995000068098,None,ROS,001,2025-10-03_20h51.12.293,Motor Sequence Learning,,2025.1.1,60.00884530478391,2025-10-03 20h52.21.107209 +0530,
150,v,15,15,5,v,1,0.8264382999914233,None,,,,,5,15,15,1,353.37387829998625,,353.35835210001096,353.37387829998625,354.3725925000035,354.3725925000035,354.3725925000035,354.3725925000035,354.3725925000035,355.3718313999998,355.3718313999998,356.205398399994,,,,,v,1,0.8264382999914233,None,ROS,001,2025-10-03_20h51.12.293,Motor Sequence Learning,,2025.1.1,60.00884530478391,2025-10-03 20h52.21.107209 +0530,
-50,x,16,16,3,x,1,0.661088099994231,None,,,,,3,16,16,0,356.22118759999285,,356.20592040001065,356.22118759999285,357.2366539000068,357.2202878000098,357.2202878000098,357.2202878000098,357.2202878000098,358.21945569998934,358.21945569998934,358.88652480000746,,,,,x,1,0.661088099994231,None,ROS,001,2025-10-03_20h51.12.293,Motor Sequence Learning,,2025.1.1,60.00884530478391,2025-10-03 20h52.21.107209 +0530,
-150,z,17,17,2,z,1,0.3804514000075869,None,,,,,2,17,17,3,358.90246730000945,,358.8868196000112,358.90246730000945,359.91799990000436,359.9015393999871,359.9015393999871,359.9015393999871,359.9015393999871,360.90061899999273,360.90061899999273,361.28353489999427,,,,,z,1,0.3804514000075869,None,ROS,001,2025-10-03_20h51.12.293,Motor Sequence Learning,,2025.1.1,60.00884530478391,2025-10-03 20h52.21.107209 +0530,
-150,z,18,18,3,z,1,0.866071299999021,None,,,,,3,18,18,3,361.30060389998835,,361.28377629999886,361.30060389998835,362.3160794999858,362.28277869999874,362.28277869999874,362.28277869999874,362.28277869999874,363.29863519998617,363.29863519998617,364.1818773999985,,,,,z,1,0.866071299999021,None,ROS,001,2025-10-03_20h51.12.293,Motor Sequence Learning,,2025.1.1,60.00884530478391,2025-10-03 20h52.21.107209 +0530,
-50,x,19,19,4,x,1,0.8901666000019759,None,,,,,4,19,19,0,364.19764190001297,,364.1825361000083,364.19764190001297,365.1972184999904,365.1972184999904,365.1972184999904,365.1972184999904,365.1972184999904,366.19646989999455,366.19646989999455,367.0958673999994,,,,,x,1,0.8901666000019759,None,ROS,001,2025-10-03_20h51.12.293,Motor Sequence Learning,,2025.1.1,60.00884530478391,2025-10-03 20h52.21.107209 +0530,
-50,x,20,20,5,x,1,0.48970760000520386,None,,,,,5,20,20,0,367.11205970001174,,367.09618480000063,367.11205970001174,368.111127799988,368.111127799988,368.111127799988,368.111127799988,368.111127799988,369.11041160000605,369.11041160000605,369.61075160000473,,,,,x,1,0.48970760000520386,None,ROS,001,2025-10-03_20h51.12.293,Motor Sequence Learning,,2025.1.1,60.00884530478391,2025-10-03 20h52.21.107209 +0530,
-150,z,21,21,4,z,1,1.276270000002114,None,,,,,4,21,21,3,369.6265218000044,,369.6112004999886,369.6265218000044,370.6257914000016,370.6257914000016,370.6257914000016,370.6257914000016,370.6257914000016,371.6250011000084,371.6250011000084,372.907750399987,,,,,z,1,1.276270000002114,None,ROS,001,2025-10-03_20h51.12.293,Motor Sequence Learning,,2025.1.1,60.00884530478391,2025-10-03 20h52.21.107209 +0530,
-150,z,22,22,5,z,1,0.39827549998881295,None,,,,,5,22,22,3,372.92380009999033,,372.908044300013,372.92380009999033,373.92317439999897,373.92317439999897,373.92317439999897,373.92317439999897,373.92317439999897,374.92227559999446,374.92227559999446,375.32237290000194,,,,,z,1,0.39827549998881295,None,ROS,001,2025-10-03_20h51.12.293,Motor Sequence Learning,,2025.1.1,60.00884530478391,2025-10-03 20h52.21.107209 +0530,
150,v,23,23,6,v,1,0.6344282000209205,None,,,,,6,23,23,1,375.3387158999976,,375.3226616999891,375.3387158999976,376.35444689998985,376.33768709999276,376.33768709999276,376.33768709999276,376.33768709999276,377.3371194000065,377.3371194000065,377.98723219998647,,,,,v,1,0.6344282000209205,None,ROS,001,2025-10-03_20h51.12.293,Motor Sequence Learning,,2025.1.1,60.00884530478391,2025-10-03 20h52.21.107209 +0530,
-50,x,24,24,6,c,0,0.3509992000181228,None,,,,,6,24,24,0,378.00330819998635,,377.9875744000019,378.00330819998635,379.0024757999927,379.0024757999927,379.0024757999927,379.0024757999927,379.0024757999927,380.0014069000026,380.0014069000026,380.36840619999566,,,,,c,0,0.3509992000181228,None,ROS,001,2025-10-03_20h51.12.293,Motor Sequence Learning,,2025.1.1,60.00884530478391,2025-10-03 20h52.21.107209 +0530,
-150,z,25,25,6,z,1,0.5442204999853857,None,,,,,6,25,25,3,380.3844429999881,,380.3688817000075,380.3844429999881,381.3838221000042,381.3838221000042,381.3838221000042,381.3838221000042,381.3838221000042,382.3828608999902,382.3828608999902,382.932928299997,,,,,z,1,0.5442204999853857,None,ROS,001,2025-10-03_20h51.12.293,Motor Sequence Learning,,2025.1.1,60.00884530478391,2025-10-03 20h52.21.107209 +0530,
50,c,26,26,5,c,1,1.5278327999985777,None,,,,,5,26,26,2,382.94916690001264,,382.93317110001226,382.94916690001264,383.94833889999427,383.94833889999427,383.94833889999427,383.94833889999427,383.94833889999427,384.9473890000081,384.9473890000081,386.4802217000106,,,,,c,1,1.5278327999985777,None,ROS,001,2025-10-03_20h51.12.293,Motor Sequence Learning,,2025.1.1,60.00884530478391,2025-10-03 20h52.21.107209 +0530,
-150,z,27,27,7,z,1,0.5975922999787144,None,,,,,7,27,27,3,386.4960105000064,,386.48088049999205,386.4960105000064,387.4952847000095,387.4952847000095,387.4952847000095,387.4952847000095,387.4952847000095,388.4943787000084,388.4943787000084,389.0948982000118,,,,,z,1,0.5975922999787144,None,ROS,001,2025-10-03_20h51.12.293,Motor Sequence Learning,,2025.1.1,60.00884530478391,2025-10-03 20h52.21.107209 +0530,
-150,z,28,28,8,z,1,0.4176398999989033,None,,,,,8,28,28,3,389.1107342999894,,389.095584900002,389.1107342999894,390.12659130000975,390.1097734000068,390.1097734000068,390.1097734000068,390.1097734000068,391.10895260001416,391.10895260001416,391.5424051999871,,,,,z,1,0.4176398999989033,None,ROS,001,2025-10-03_20h51.12.293,Motor Sequence Learning,,2025.1.1,60.00884530478391,2025-10-03 20h52.21.107209 +0530,
50,c,29,29,6,c,1,1.4523550999874715,None,,,,,6,29,29,2,391.5585541999899,,391.5427850999986,391.5585541999899,392.5575650999963,392.5575650999963,392.5575650999963,392.5575650999963,392.5575650999963,393.55687130001024,393.55687130001024,395.02298179999343,,,,,c,1,1.4523550999874715,None,ROS,001,2025-10-03_20h51.12.293,Motor Sequence Learning,,2025.1.1,60.00884530478391,2025-10-03 20h52.21.107209 +0530,
150,v,30,30,7,v,1,0.5875916999939363,None,,,,,7,30,30,1,395.03906059998553,,395.02342680000584,395.03906059998553,396.03849499998614,396.03849499998614,396.03849499998614,396.03849499998614,396.03849499998614,397.0375430000131,397.0375430000131,397.6375848999887,,,,,v,1,0.5875916999939363,None,ROS,001,2025-10-03_20h51.12.293,Motor Sequence Learning,,2025.1.1,60.00884530478391,2025-10-03 20h52.21.107209 +0530,
50,c,31,31,7,c,1,0.6075870000058785,None,,,,,7,31,31,2,397.65378240001155,,397.6380313000118,397.65378240001155,398.6528701999923,398.6528701999923,398.6528701999923,398.6528701999923,398.6528701999923,399.65214210000704,399.65214210000704,400.26934979998623,,,,,c,1,0.6075870000058785,None,ROS,001,2025-10-03_20h51.12.293,Motor Sequence Learning,,2025.1.1,60.00884530478391,2025-10-03 20h52.21.107209 +0530,
50,c,32,32,8,c,1,0.6375745999976061,None,,,,,8,32,32,2,400.28493910000543,,400.2699765000143,400.28493910000543,401.30047610000474,401.28387829998974,401.28387829998974,401.28387829998974,401.28387829998974,402.283534999995,402.283534999995,402.9336023000069,,,,,c,1,0.6375745999976061,None,ROS,001,2025-10-03_20h51.12.293,Motor Sequence Learning,,2025.1.1,60.00884530478391,2025-10-03 20h52.21.107209 +0530,
50,c,33,33,9,c,1,0.7058154999976978,None,,,,,9,33,33,2,402.9492736000102,,402.93426499998895,402.9492736000102,403.9485289999866,403.9485289999866,403.9485289999866,403.9485289999866,403.9485289999866,404.94759460000205,404.94759460000205,405.6647679999878,,,,,c,1,0.7058154999976978,None,ROS,001,2025-10-03_20h51.12.293,Motor Sequence Learning,,2025.1.1,60.00884530478391,2025-10-03 20h52.21.107209 +0530,
-150,z,34,34,9,z,1,0.6405151999788359,None,,,,,9,34,34,3,405.68071089999285,,405.6651994000131,405.68071089999285,406.696025799989,406.67967089999,406.67967089999,406.67967089999,406.67967089999,407.6789756999933,407.6789756999933,408.3289075999928,,,,,z,1,0.6405151999788359,None,ROS,001,2025-10-03_20h51.12.293,Motor Sequence Learning,,2025.1.1,60.00884530478391,2025-10-03 20h52.21.107209 +0530,
150,v,35,35,8,v,1,0.6248642999853473,None,,,,,8,35,35,1,408.34488700001384,,408.32946840001387,408.34488700001384,409.34372169998824,409.34372169998824,409.34372169998824,409.34372169998824,409.34372169998824,410.34373100000084,410.34373100000084,410.9764989000105,,,,,v,1,0.6248642999853473,None,ROS,001,2025-10-03_20h51.12.293,Motor Sequence Learning,,2025.1.1,60.00884530478391,2025-10-03 20h52.21.107209 +0530,
50,c,36,36,10,c,1,0.39187479999964125,None,,,,,10,36,36,2,410.9930452000117,,410.9771125999978,410.9930452000117,412.00847189998603,411.9916557999968,411.9916557999968,411.9916557999968,411.9916557999968,412.99086140000145,412.99086140000145,413.39184759999625,,,,,c,1,0.39187479999964125,None,ROS,001,2025-10-03_20h51.12.293,Motor Sequence Learning,,2025.1.1,60.00884530478391,2025-10-03 20h52.21.107209 +0530,
-150,z,37,37,10,z,1,0.6518358000030275,None,,,,,10,37,37,3,413.40765189999365,,413.39252520000446,413.40765189999365,414.42329609999433,414.40646850000485,414.40646850000485,414.40646850000485,414.40646850000485,415.40630500001134,415.40630500001134,416.0729585000081,,,,,z,1,0.6518358000030275,None,ROS,001,2025-10-03_20h51.12.293,Motor Sequence Learning,,2025.1.1,60.00884530478391,2025-10-03 20h52.21.107209 +0530,
-50,x,38,38,7,c,0,0.5764829999825452,None,,,,,7,38,38,0,416.0884051999892,,416.0736867999949,416.0884051999892,417.08752749999985,417.08752749999985,417.08752749999985,417.08752749999985,417.08752749999985,418.08652479999,418.08652479999,418.6704477999883,,,,,c,0,0.5764829999825452,None,ROS,001,2025-10-03_20h51.12.293,Motor Sequence Learning,,2025.1.1,60.00884530478391,2025-10-03 20h52.21.107209 +0530,
50,c,39,39,11,c,1,0.5662282000121195,None,,,,,11,39,39,2,418.68632209999487,,418.6709509000066,418.68632209999487,419.68544380000094,419.68544380000094,419.68544380000094,419.68544380000094,419.68544380000094,420.68453359999694,420.68453359999694,421.2512815000082,,,,,c,1,0.5662282000121195,None,ROS,001,2025-10-03_20h51.12.293,Motor Sequence Learning,,2025.1.1,60.00884530478391,2025-10-03 20h52.21.107209 +0530,
50,c,40,40,12,c,1,1.680103600025177,None,,,,,12,40,40,2,421.2674576000136,,421.2516605000128,421.2674576000136,422.2666593999893,422.2666593999893,422.2666593999893,422.2666593999893,422.2666593999893,423.26590170001145,423.26590170001145,424.9488008999906,,,,,c,1,1.680103600025177,None,ROS,001,2025-10-03_20h51.12.293,Motor Sequence Learning,,2025.1.1,60.00884530478391,2025-10-03 20h52.21.107209 +0530,
150,v,41,41,9,v,1,1.0985769999970216,None,,,,,9,41,41,1,424.96461150000687,,424.9495300000126,424.96461150000687,425.9636341999867,425.9636341999867,425.9636341999867,425.9636341999867,425.9636341999867,426.9628778999904,426.9628778999904,428.0791904999933,,,,,v,1,1.0985769999970216,None,ROS,001,2025-10-03_20h51.12.293,Motor Sequence Learning,,2025.1.1,60.00884530478391,2025-10-03 20h52.21.107209 +0530,
150,v,42,42,10,v,1,0.5763955999864265,None,,,,,10,42,42,1,428.0953736999945,,428.0797092000139,428.0953736999945,429.11092949999147,429.09437310000067,429.09437310000067,429.09437310000067,429.09437310000067,430.0937077999988,430.0937077999988,430.67700620001415,,,,,v,1,0.5763955999864265,None,ROS,001,2025-10-03_20h51.12.293,Motor Sequence Learning,,2025.1.1,60.00884530478391,2025-10-03 20h52.21.107209 +0530,
-50,x,43,43,8,x,1,1.0969259999983478,None,,,,,8,43,43,0,430.6933694999898,,430.67756040001404,430.6933694999898,431.7088000999938,431.6921929999953,431.6921929999953,431.6921929999953,431.6921929999953,432.69127469998784,432.69127469998784,433.79129960000864,,,,,x,1,1.0969259999983478,None,ROS,001,2025-10-03_20h51.12.293,Motor Sequence Learning,,2025.1.1,60.00884530478391,2025-10-03 20h52.21.107209 +0530,
150,v,44,44,11,v,1,0.6230467999994289,None,,,,,11,44,44,1,433.80725780001376,,433.7915914999903,433.80725780001376,434.806424600014,434.806424600014,434.806424600014,434.806424600014,434.806424600014,435.8054512999952,435.8054512999952,436.43951769999694,,,,,v,1,0.6230467999994289,None,ROS,001,2025-10-03_20h51.12.293,Motor Sequence Learning,,2025.1.1,60.00884530478391,2025-10-03 20h52.21.107209 +0530,
-150,z,45,45,11,z,1,0.8365480999927968,None,,,,,11,45,45,3,436.45509400000446,,436.4402807999868,436.45509400000446,437.45453099999577,437.45453099999577,437.45453099999577,437.45453099999577,437.45453099999577,438.4535651000042,438.4535651000042,439.30348120001145,,,,,z,1,0.8365480999927968,None,ROS,001,2025-10-03_20h51.12.293,Motor Sequence Learning,,2025.1.1,60.00884530478391,2025-10-03 20h52.21.107209 +0530,
50,c,46,46,13,c,1,1.1520291999913752,None,,,,,13,46,46,2,439.31936049999786,,439.30388839999796,439.31936049999786,440.3183518000005,440.3183518000005,440.3183518000005,440.3183518000005,440.3183518000005,441.31765859998995,441.31765859998995,442.48408920000657,,,,,c,1,1.1520291999913752,None,ROS,001,2025-10-03_20h51.12.293,Motor Sequence Learning,,2025.1.1,60.00884530478391,2025-10-03 20h52.21.107209 +0530,
150,v,47,47,12,v,1,0.6340489000140224,None,,,,,12,47,47,1,442.4999947999895,,442.4845850999991,442.4999947999895,443.4990509999916,443.4990509999916,443.4990509999916,443.4990509999916,443.4990509999916,444.49835700000403,444.49835700000403,445.148697800003,,,,,v,1,0.6340489000140224,None,ROS,001,2025-10-03_20h51.12.293,Motor Sequence Learning,,2025.1.1,60.00884530478391,2025-10-03 20h52.21.107209 +0530,
-150,z,48,48,12,z,1,0.66883670000243,None,,,,,12,48,48,3,445.1645584999933,,445.14923710000585,445.1645584999933,446.1803040000086,446.1635282000061,446.1635282000061,446.1635282000061,446.1635282000061,447.1625970999885,447.1625970999885,447.84613920000265,,,,,z,1,0.66883670000243,None,ROS,001,2025-10-03_20h51.12.293,Motor Sequence Learning,,2025.1.1,60.00884530478391,2025-10-03 20h52.21.107209 +0530,
150,v,49,49,13,v,1,0.5835213999962434,None,,,,,13,49,49,1,447.86229409999214,,447.8465933999978,447.86229409999214,448.8613508999988,448.8613508999988,448.8613508999988,448.8613508999988,448.8613508999988,449.86057980000624,449.86057980000624,450.4606286000053,,,,,v,1,0.5835213999962434,None,ROS,001,2025-10-03_20h51.12.293,Motor Sequence Learning,,2025.1.1,60.00884530478391,2025-10-03 20h52.21.107209 +0530,
50,c,50,50,14,c,1,1.1842211000039242,None,,,,,14,50,50,2,450.4768719999993,,450.46105300000636,450.4768719999993,451.49260749999667,451.4760535999958,451.4760535999958,451.4760535999958,451.4760535999958,452.4751408000011,452.4751408000011,453.67506989999674,,,,,c,1,1.1842211000039242,None,ROS,001,2025-10-03_20h51.12.293,Motor Sequence Learning,,2025.1.1,60.00884530478391,2025-10-03 20h52.21.107209 +0530,
-150,z,51,51,13,z,1,0.547033900016686,None,,,,,13,51,51,3,453.69090519999736,,453.6755905000027,453.69090519999736,454.69029850000516,454.69029850000516,454.69029850000516,454.69029850000516,454.69029850000516,455.6892571999924,455.6892571999924,456.23935769998934,,,,,z,1,0.547033900016686,None,ROS,001,2025-10-03_20h51.12.293,Motor Sequence Learning,,2025.1.1,60.00884530478391,2025-10-03 20h52.21.107209 +0530,
-150,z,52,52,14,z,1,0.4352184000017587,None,,,,,14,52,52,3,456.2554240000027,,456.2396923000051,456.2554240000027,457.25487139998586,457.25487139998586,457.25487139998586,457.25487139998586,457.25487139998586,458.25376230000984,458.25376230000984,458.7040918999992,,,,,z,1,0.4352184000017587,None,ROS,001,2025-10-03_20h51.12.293,Motor Sequence Learning,,2025.1.1,60.00884530478391,2025-10-03 20h52.21.107209 +0530,
-150,z,53,53,15,z,1,0.4548578000103589,None,,,,,15,53,53,3,458.72030690000975,,458.704682999989,458.72030690000975,459.73595850000856,459.719622900011,459.719622900011,459.719622900011,459.719622900011,460.71855940000387,460.71855940000387,461.1851381000015,,,,,z,1,0.4548578000103589,None,ROS,001,2025-10-03_20h51.12.293,Motor Sequence Learning,,2025.1.1,60.00884530478391,2025-10-03 20h52.21.107209 +0530,
-50,x,54,54,9,x,1,0.6193187000171747,None,,,,,9,54,54,0,461.2012907000026,,461.185439199995,461.2012907000026,462.20052049998776,462.20052049998776,462.20052049998776,462.20052049998776,462.20052049998776,463.19977720000315,463.19977720000315,463.83318220000365,,,,,x,1,0.6193187000171747,None,ROS,001,2025-10-03_20h51.12.293,Motor Sequence Learning,,2025.1.1,60.00884530478391,2025-10-03 20h52.21.107209 +0530,
-150,z,55,55,16,z,1,0.5578471000189893,None,,,,,16,55,55,3,463.8493535000016,,463.83386370001244,463.8493535000016,464.8483661999926,464.8483661999926,464.8483661999926,464.8483661999926,464.8483661999926,465.84731610000017,465.84731610000017,466.4143969999859,,,,,z,1,0.5578471000189893,None,ROS,001,2025-10-03_20h51.12.293,Motor Sequence Learning,,2025.1.1,60.00884530478391,2025-10-03 20h52.21.107209 +0530,
150,v,56,56,14,v,1,0.549933999980567,None,,,,,14,56,56,1,466.4304838000098,,466.4149103999953,466.4304838000098,467.4461163000087,467.4294474000053,467.4294474000053,467.4294474000053,467.4294474000053,468.4286785000004,468.4286785000004,468.9959045999858,,,,,v,1,0.549933999980567,None,ROS,001,2025-10-03_20h51.12.293,Motor Sequence Learning,,2025.1.1,60.00884530478391,2025-10-03 20h52.21.107209 +0530,
50,c,57,57,15,c,1,0.6668380000046454,None,,,,,15,57,57,2,469.01167410000926,,468.99663770000916,469.01167410000926,470.02736229999573,470.0108079999918,470.0108079999918,470.0108079999918,470.0108079999918,471.0099535000045,471.0099535000045,471.69374419999076,,,,,c,1,0.6668380000046454,None,ROS,001,2025-10-03_20h51.12.293,Motor Sequence Learning,,2025.1.1,60.00884530478391,2025-10-03 20h52.21.107209 +0530,
-50,x,58,58,10,x,1,0.6479517000261694,None,,,,,10,58,58,0,471.70959529999527,,471.69449069999973,471.70959529999527,472.72491869999794,472.7085775999876,472.7085775999876,472.7085775999876,472.7085775999876,473.70791520000785,473.70791520000785,474.358381500002,,,,,x,1,0.6479517000261694,None,ROS,001,2025-10-03_20h51.12.293,Motor Sequence Learning,,2025.1.1,60.00884530478391,2025-10-03 20h52.21.107209 +0530,
50,c,59,59,16,c,1,1.267869699979201,None,,,,,16,59,59,2,474.3739583000133,,474.358957599994,474.3739583000133,475.38962609999,475.3730280000018,475.3730280000018,475.3730280000018,475.3730280000018,476.3721332999994,476.3721332999994,477.65522710001096,,,,,c,1,1.267869699979201,None,ROS,001,2025-10-03_20h51.12.293,Motor Sequence Learning,,2025.1.1,60.00884530478391,2025-10-03 20h52.21.107209 +0530,
-50,x,60,60,11,x,1,0.943412199994782,None,,,,,11,60,60,0,477.67110979999416,,477.6556869999913,477.67110979999416,478.6703150999965,478.6703150999965,478.6703150999965,478.6703150999965,478.6703150999965,479.6697176999878,479.6697176999878,480.619311699993,,,,,x,1,0.943412199994782,None,ROS,001,2025-10-03_20h51.12.293,Motor Sequence Learning,,2025.1.1,60.00884530478391,2025-10-03 20h52.21.107209 +0530,
-150,z,61,61,17,z,1,0.6843096000084188,None,,,,,17,61,61,3,480.63520869999775,,480.61974590001046,480.63520869999775,481.63440350000747,481.63440350000747,481.63440350000747,481.63440350000747,481.63440350000747,482.63384930000757,482.63384930000757,483.33367709998856,,,,,z,1,0.6843096000084188,None,ROS,001,2025-10-03_20h51.12.293,Motor Sequence Learning,,2025.1.1,60.00884530478391,2025-10-03 20h52.21.107209 +0530,
-150,z,62,62,18,z,1,0.5351173999952152,None,,,,,18,62,62,3,483.34975150000537,,483.33422560000326,483.34975150000537,484.349028800003,484.349028800003,484.349028800003,484.349028800003,484.349028800003,485.34823329999927,485.34823329999927,485.89870359998895,,,,,z,1,0.5351173999952152,None,ROS,001,2025-10-03_20h51.12.293,Motor Sequence Learning,,2025.1.1,60.00884530478391,2025-10-03 20h52.21.107209 +0530,
-50,x,63,63,12,x,1,0.6078506000048947,None,,,,,12,63,63,0,485.9143635999935,,485.89930749998894,485.9143635999935,486.9133858999994,486.9133858999994,486.9133858999994,486.9133858999994,486.9133858999994,487.91278479999164,487.91278479999164,488.5290073000069,,,,,x,1,0.6078506000048947,None,ROS,001,2025-10-03_20h51.12.293,Motor Sequence Learning,,2025.1.1,60.00884530478391,2025-10-03 20h52.21.107209 +0530,
150,v,64,64,15,c,0,0.6597962999949232,None,,,,,15,64,64,1,488.5453317000065,,488.5293978000118,488.5453317000065,489.544699399994,489.544699399994,489.544699399994,489.544699399994,489.544699399994,490.5439824000059,490.5439824000059,491.2106902000087,,,,,c,0,0.6597962999949232,None,ROS,001,2025-10-03_20h51.12.293,Motor Sequence Learning,,2025.1.1,60.00884530478391,2025-10-03 20h52.21.107209 +0530,
-150,z,65,65,19,z,1,0.4209893000079319,None,,,,,19,65,65,3,491.2268100999936,,491.21121320000384,491.2268100999936,492.2256846000091,492.2256846000091,492.2256846000091,492.2256846000091,492.2256846000091,493.22490940001444,493.22490940001444,493.6586927000026,,,,,z,1,0.4209893000079319,None,ROS,001,2025-10-03_20h51.12.293,Motor Sequence Learning,,2025.1.1,60.00884530478391,2025-10-03 20h52.21.107209 +0530,
-150,z,66,66,20,z,1,0.6514749999914784,None,,,,,20,66,66,3,493.6745372999867,,493.65923759998986,493.6745372999867,494.67367690001265,494.67367690001265,494.67367690001265,494.67367690001265,494.67367690001265,495.6731856999977,495.6731856999977,496.3399303999904,,,,,z,1,0.6514749999914784,None,ROS,001,2025-10-03_20h51.12.293,Motor Sequence Learning,,2025.1.1,60.00884530478391,2025-10-03 20h52.21.107209 +0530,
150,v,67,67,16,v,1,0.5760059999884106,None,,,,,16,67,67,1,496.35567900000024,,496.34055490000173,496.35567900000024,497.35486890000175,497.35486890000175,497.35486890000175,497.35486890000175,497.35486890000175,498.3540195999958,498.3540195999958,498.93770660000155,,,,,v,1,0.5760059999884106,None,ROS,001,2025-10-03_20h51.12.293,Motor Sequence Learning,,2025.1.1,60.00884530478391,2025-10-03 20h52.21.107209 +0530,
150,v,68,68,17,v,1,0.5257223999942653,None,,,,,17,68,68,1,498.95367489999626,,498.9384385999874,498.95367489999626,499.9692173000076,499.95272719999775,499.95272719999775,499.95272719999775,499.95272719999775,500.95175000000745,500.95175000000745,501.48542139999336,,,,,v,1,0.5257223999942653,None,ROS,001,2025-10-03_20h51.12.293,Motor Sequence Learning,,2025.1.1,60.00884530478391,2025-10-03 20h52.21.107209 +0530,
150,v,69,69,18,v,1,1.2398591999954078,None,,,,,18,69,69,1,501.50138279999373,,501.4857814999996,501.50138279999373,502.50074710001354,502.50074710001354,502.50074710001354,502.50074710001354,502.50074710001354,503.499834199989,503.499834199989,504.7494064999919,,,,,v,1,1.2398591999954078,None,ROS,001,2025-10-03_20h51.12.293,Motor Sequence Learning,,2025.1.1,60.00884530478391,2025-10-03 20h52.21.107209 +0530,
50,c,70,70,17,c,1,0.6989710999769159,None,,,,,17,70,70,2,504.7654395000136,,504.7498998999945,504.7654395000136,505.7643778999918,505.7643778999918,505.7643778999918,505.7643778999918,505.7643778999918,506.76379460000317,506.76379460000317,507.4639243000129,,,,,c,1,0.6989710999769159,None,ROS,001,2025-10-03_20h51.12.293,Motor Sequence Learning,,2025.1.1,60.00884530478391,2025-10-03 20h52.21.107209 +0530,
-50,x,71,71,13,x,1,0.3913221999828238,None,,,,,13,71,71,0,507.4799164000142,,507.46450000000186,507.4799164000142,508.49580559998867,508.4790895000042,508.4790895000042,508.4790895000042,508.4790895000042,509.47819490000256,509.47819490000256,509.87835010001436,,,,,x,1,0.3913221999828238,None,ROS,001,2025-10-03_20h51.12.293,Motor Sequence Learning,,2025.1.1,60.00884530478391,2025-10-03 20h52.21.107209 +0530,
50,c,72,72,18,c,1,1.14191789997858,None,,,,,18,72,72,2,509.89433320000535,,509.8787644999975,509.89433320000535,510.8936042000132,510.8936042000132,510.8936042000132,510.8936042000132,510.8936042000132,511.8929751999967,511.8929751999967,513.0425150000083,,,,,c,1,1.14191789997858,None,ROS,001,2025-10-03_20h51.12.293,Motor Sequence Learning,,2025.1.1,60.00884530478391,2025-10-03 20h52.21.107209 +0530,
-150,z,73,73,21,z,1,0.7284637000120711,None,,,,,21,73,73,3,513.0586279999989,,513.0429306000005,513.0586279999989,514.0579136000015,514.0579136000015,514.0579136000015,514.0579136000015,514.0579136000015,515.0571432000143,515.0571432000143,515.7908766999899,,,,,z,1,0.7284637000120711,None,ROS,001,2025-10-03_20h51.12.293,Motor Sequence Learning,,2025.1.1,60.00884530478391,2025-10-03 20h52.21.107209 +0530,
150,v,74,74,19,v,1,2.1142330000002403,None,,,,,19,74,74,1,515.806562999991,,515.7915029000142,515.806562999991,516.8224694000091,516.8057496999972,516.8057496999972,516.8057496999972,516.8057496999972,517.8049827000068,517.8049827000068,519.9203493999958,,,,,v,1,2.1142330000002403,None,ROS,001,2025-10-03_20h51.12.293,Motor Sequence Learning,,2025.1.1,60.00884530478391,2025-10-03 20h52.21.107209 +0530,
-50,x,75,75,14,x,1,3.0009893999958877,None,,,,,14,75,75,0,519.9361448000127,,519.9209849000035,519.9361448000127,520.9352916000062,520.9352916000062,520.9352916000062,520.9352916000062,520.9352916000062,521.9347043999878,521.9347043999878,524.9494299000071,,,,,x,1,3.0009893999958877,None,ROS,001,2025-10-03_20h51.12.293,Motor Sequence Learning,,2025.1.1,60.00884530478391,2025-10-03 20h52.21.107209 +0530,
-50,x,76,76,15,x,1,0.8135459999903105,None,,,,,15,76,76,0,524.9654620999936,,524.9498732000066,524.9654620999936,525.9646959000092,525.9646959000092,525.9646959000092,525.9646959000092,525.9646959000092,526.9637871999876,526.9637871999876,527.7807016999868,,,,,x,1,0.8135459999903105,None,ROS,001,2025-10-03_20h51.12.293,Motor Sequence Learning,,2025.1.1,60.00884530478391,2025-10-03 20h52.21.107209 +0530,
50,c,77,77,19,c,1,1.3690298000001349,None,,,,,19,77,77,2,527.7966416999989,,527.7813102999935,527.7966416999989,528.8123325000051,528.7956532000098,528.7956532000098,528.7956532000098,528.7956532000098,529.794733399991,529.794733399991,531.1777988999966,,,,,c,1,1.3690298000001349,None,ROS,001,2025-10-03_20h51.12.293,Motor Sequence Learning,,2025.1.1,60.00884530478391,2025-10-03 20h52.21.107209 +0530,
150,v,78,78,20,v,1,1.0993279999820516,None,,,,,20,78,78,1,531.1936840999988,,531.1783516999858,531.1936840999988,532.192855500005,532.192855500005,532.192855500005,532.192855500005,532.192855500005,533.1919309000077,533.1919309000077,534.3078551999934,,,,,v,1,1.0993279999820516,None,ROS,001,2025-10-03_20h51.12.293,Motor Sequence Learning,,2025.1.1,60.00884530478391,2025-10-03 20h52.21.107209 +0530,
-50,x,79,79,16,x,1,0.7084463000064716,None,,,,,16,79,79,0,534.3244085999904,,534.3081025000138,534.3244085999904,535.323658600013,535.3069751999865,535.3069751999865,535.3069751999865,535.3069751999865,536.3232298000075,536.3232298000075,537.0395000000135,,,,,x,1,0.7084463000064716,None,ROS,001,2025-10-03_20h51.12.293,Motor Sequence Learning,,2025.1.1,60.00884530478391,2025-10-03 20h52.21.107209 +0530,
-50,x,80,80,17,x,1,1.0939754999999423,None,,,,,17,80,80,0,537.055502800009,,537.0399359999865,537.055502800009,538.0545722999959,538.0545722999959,538.0545722999959,538.0545722999959,538.0545722999959,539.0541132999933,539.0541132999933,540.1536093000032,,,,,x,1,1.0939754999999423,None,ROS,001,2025-10-03_20h51.12.293,Motor Sequence Learning,,2025.1.1,60.00884530478391,2025-10-03 20h52.21.107209 +0530,
150,v,81,81,21,v,1,1.022956000000704,None,,,,,21,81,81,1,540.169550599996,,540.1541139000037,540.169550599996,541.1688247999991,541.1688247999991,541.1688247999991,541.1688247999991,541.1688247999991,542.1678832999896,542.1678832999896,543.2008741000027,,,,,v,1,1.022956000000704,None,ROS,001,2025-10-03_20h51.12.293,Motor Sequence Learning,,2025.1.1,60.00884530478391,2025-10-03 20h52.21.107209 +0530,
-150,z,82,82,22,z,1,0.39752909998060204,None,,,,,22,82,82,3,543.2167629000032,,543.2011823999928,543.2167629000032,544.2159697999887,544.2159697999887,544.2159697999887,544.2159697999887,544.2159697999887,545.2152781999903,545.2152781999903,545.6153966000129,,,,,z,1,0.39752909998060204,None,ROS,001,2025-10-03_20h51.12.293,Motor Sequence Learning,,2025.1.1,60.00884530478391,2025-10-03 20h52.21.107209 +0530,
150,v,83,83,22,v,1,0.6295359999930952,None,,,,,22,83,83,1,545.6315974000026,,545.6158065999916,545.6315974000026,546.6309655999939,546.6309655999939,546.6309655999939,546.6309655999939,546.6309655999939,547.6299956000003,547.6299956000003,548.2633315999992,,,,,v,1,0.6295359999930952,None,ROS,001,2025-10-03_20h51.12.293,Motor Sequence Learning,,2025.1.1,60.00884530478391,2025-10-03 20h52.21.107209 +0530,
-150,z,84,84,23,z,1,1.453735199989751,None,,,,,23,84,84,3,548.2795225000009,,548.2637704999943,548.2795225000009,549.2786183000135,549.2786183000135,549.2786183000135,549.2786183000135,549.2786183000135,550.2779836000118,550.2779836000118,551.744062200014,,,,,z,1,1.453735199989751,None,ROS,001,2025-10-03_20h51.12.293,Motor Sequence Learning,,2025.1.1,60.00884530478391,2025-10-03 20h52.21.107209 +0530,
50,c,85,85,20,c,1,1.8437332999892533,None,,,,,20,85,85,2,551.7598926000064,,551.7446106999996,551.7598926000064,552.7590907000122,552.7590907000122,552.7590907000122,552.7590907000122,552.7590907000122,553.758274199994,553.758274199994,555.6075835000083,,,,,c,1,1.8437332999892533,None,ROS,001,2025-10-03_20h51.12.293,Motor Sequence Learning,,2025.1.1,60.00884530478391,2025-10-03 20h52.21.107209 +0530,
50,c,86,86,21,c,1,0.5591612000134774,None,,,,,21,86,86,2,555.6235259000096,,555.6081260000065,555.6235259000096,556.6225648999971,556.6225648999971,556.6225648999971,556.6225648999971,556.6225648999971,557.6220579000073,557.6220579000073,558.1885391999967,,,,,c,1,0.5591612000134774,None,ROS,001,2025-10-03_20h51.12.293,Motor Sequence Learning,,2025.1.1,60.00884530478391,2025-10-03 20h52.21.107209 +0530,
50,c,87,87,22,c,1,0.5720413000090048,None,,,,,22,87,87,2,558.2045982000127,,558.1889644000039,558.2045982000127,559.2039483000117,559.2039483000117,559.2039483000117,559.2039483000117,559.2039483000117,560.2029205000144,560.2029205000144,560.7868079000036,,,,,c,1,0.5720413000090048,None,ROS,001,2025-10-03_20h51.12.293,Motor Sequence Learning,,2025.1.1,60.00884530478391,2025-10-03 20h52.21.107209 +0530,
-50,x,88,88,18,x,1,0.9867830000002868,None,,,,,18,88,88,0,560.8025483000092,,560.7872144999856,560.8025483000092,561.8016713999968,561.8016713999968,561.8016713999968,561.8016713999968,561.8016713999968,562.8008689999988,562.8008689999988,563.8007408000121,,,,,x,1,0.9867830000002868,None,ROS,001,2025-10-03_20h51.12.293,Motor Sequence Learning,,2025.1.1,60.00884530478391,2025-10-03 20h52.21.107209 +0530,
-50,x,89,89,19,x,1,0.5207535999943502,None,,,,,19,89,89,0,563.8167180999881,,563.8014122000022,563.8167180999881,564.8158605000062,564.8158605000062,564.8158605000062,564.8158605000062,564.8158605000062,565.81527620001,565.81527620001,566.3483387999877,,,,,x,1,0.5207535999943502,None,ROS,001,2025-10-03_20h51.12.293,Motor Sequence Learning,,2025.1.1,60.00884530478391,2025-10-03 20h52.21.107209 +0530,
-150,z,90,90,24,z,1,1.2547658999974374,None,,,,,24,90,90,3,566.3645114999963,,566.3486476000107,566.3645114999963,567.3639634000137,567.3639634000137,567.3639634000137,567.3639634000137,567.3639634000137,568.3629985000007,568.3629985000007,569.629019999993,,,,,z,1,1.2547658999974374,None,ROS,001,2025-10-03_20h51.12.293,Motor Sequence Learning,,2025.1.1,60.00884530478391,2025-10-03 20h52.21.107209 +0530,
50,c,91,91,23,c,1,1.8966081000107806,None,,,,,23,91,91,2,569.644999799988,,569.6292929000047,569.644999799988,570.6445431000029,570.6445431000029,570.6445431000029,570.6445431000029,570.6445431000029,571.6436260000046,571.6436260000046,573.5427416999883,,,,,c,1,1.8966081000107806,None,ROS,001,2025-10-03_20h51.12.293,Motor Sequence Learning,,2025.1.1,60.00884530478391,2025-10-03 20h52.21.107209 +0530,
-50,x,92,92,20,c,0,0.7367246000212617,None,,,,,20,92,92,0,573.5588267999992,,573.5432736999937,573.5588267999992,574.5745659999957,574.5579652999877,574.5579652999877,574.5579652999877,574.5579652999877,575.557095199998,575.557095199998,576.3070651000016,,,,,c,0,0.7367246000212617,None,ROS,001,2025-10-03_20h51.12.293,Motor Sequence Learning,,2025.1.1,60.00884530478391,2025-10-03 20h52.21.107209 +0530,
150,v,93,93,23,v,1,0.6641292000131216,None,,,,,23,93,93,1,576.3231847000134,,576.3075403000112,576.3231847000134,577.33881809999,577.3222039999964,577.3222039999964,577.3222039999964,577.3222039999964,578.3216758999915,578.3216758999915,578.9879979999969,,,,,v,1,0.6641292000131216,None,ROS,001,2025-10-03_20h51.12.293,Motor Sequence Learning,,2025.1.1,60.00884530478391,2025-10-03 20h52.21.107209 +0530,
-50,x,94,94,21,x,1,0.5164106999873184,None,,,,,21,94,94,0,579.0043441999878,,578.9882437000051,579.0043441999878,580.0035964999988,580.0035964999988,580.0035964999988,580.0035964999988,580.0035964999988,581.0027119999868,581.0027119999868,581.5362439999881,,,,,x,1,0.5164106999873184,None,ROS,001,2025-10-03_20h51.12.293,Motor Sequence Learning,,2025.1.1,60.00884530478391,2025-10-03 20h52.21.107209 +0530,
-50,x,95,95,22,x,1,0.7543178999912925,None,,,,,22,95,95,0,581.5522618000105,,581.5366494999907,581.5522618000105,582.5513346999942,582.5513346999942,582.5513346999942,582.5513346999942,582.5513346999942,583.5504673999967,583.5504673999967,584.3171951000113,,,,,x,1,0.7543178999912925,None,ROS,001,2025-10-03_20h51.12.293,Motor Sequence Learning,,2025.1.1,60.00884530478391,2025-10-03 20h52.21.107209 +0530,
-50,x,96,96,23,x,1,0.3721040000091307,None,,,,,23,96,96,0,584.3331834000128,,584.3176144000026,584.3331834000128,585.3325188999879,585.3325188999879,585.3325188999879,585.3325188999879,585.3325188999879,586.3315448999929,586.3315448999929,586.7150176999858,,,,,x,1,0.3721040000091307,None,ROS,001,2025-10-03_20h51.12.293,Motor Sequence Learning,,2025.1.1,60.00884530478391,2025-10-03 20h52.21.107209 +0530,
-50,x,97,97,24,x,1,0.4014213999907952,None,,,,,24,97,97,0,586.7311268000049,,586.7152496000053,586.7311268000049,587.7303093000082,587.7303093000082,587.7303093000082,587.7303093000082,587.7303093000082,588.7294223000063,588.7294223000063,589.1466883000103,,,,,x,1,0.4014213999907952,None,ROS,001,2025-10-03_20h51.12.293,Motor Sequence Learning,,2025.1.1,60.00884530478391,2025-10-03 20h52.21.107209 +0530,
50,c,98,98,24,c,1,0.7915117000229657,None,,,,,24,98,98,2,589.1628768999944,,589.1472241999872,589.1628768999944,590.1781026000099,590.161617500009,590.161617500009,590.161617500009,590.161617500009,591.1608431999921,591.1608431999921,591.96078329999,,,,,c,1,0.7915117000229657,None,ROS,001,2025-10-03_20h51.12.293,Motor Sequence Learning,,2025.1.1,60.00884530478391,2025-10-03 20h52.21.107209 +0530,
150,v,99,99,24,v,1,0.617564099986339,None,,,,,24,99,99,1,591.977403500001,,591.9612473000016,591.977403500001,592.9928339000035,592.9760854000051,592.9760854000051,592.9760854000051,592.9760854000051,593.9750467000122,593.9750467000122,594.60835580001,,,,,v,1,0.617564099986339,None,ROS,001,2025-10-03_20h51.12.293,Motor Sequence Learning,,2025.1.1,60.00884530478391,2025-10-03 20h52.21.107209 +0530,
